source,speaker,text
comcast,customer,Comcast Cable Internet Speeds
comcast,customer,Payment disappear - service got disconnected
comcast,customer,Speed and Service
comcast,customer,Comcast Imposed a New Usage Cap of 300GB that punishes streaming.
comcast,customer,Comcast not working and no service to boot
comcast,customer,ISP Charging for arbitrary data limits with overage fees
comcast,customer,Throttling service and unreasonable data caps
comcast,customer,Comcast refuses to help troubleshoot and correct my service.
comcast,customer,Comcast extended outages
comcast,customer,Comcast Raising Prices and Not Being Available To Ask Why
comcast,customer,Billing after service was asked to be disconnected
comcast,customer,YAHOO FAILURE TO RESTORE EMAIL SEARCH FEATURE
comcast,customer,Comcast Violating Open Internet Rules by Blocking HBO Go Access on Sony Consoles
comcast,customer,Internet speed
comcast,customer,Internet Disconnects Every Night
comcast,customer,Internet complaint
comcast,customer,Internet Availability and Speed
comcast,customer,Comcast owes me $65 and claims I need to return equipment I never had
comcast,customer,Horrible Internet Service
comcast,customer,Failure to provide services that I am billed for.
comcast,customer,Internet out all the time but they have a monopoly
comcast,customer,horrible cable service and customer service
comcast,customer,Speed
comcast,customer,Comcast monopoly bundling practices
comcast,customer,COMCAST!
comcast,customer,bait and switch
comcast,customer,Comcast Customer Service
comcast,customer,Apartment Management's Exclusivity Contract with Comcast
comcast,customer,Unable to reach a Comcast agent for internet and billing issues.
comcast,customer,Wifi internet not working as well
comcast,customer,Comcast data caps
comcast,customer,Comcast Internet Data Cap
comcast,customer,XFINITY Movers Edge program
comcast,customer,Comcast Data Internet Usage
comcast,customer,Comcast not refunding my credit
comcast,customer,Comcast
comcast,customer,No Service
comcast,customer,Comcast
comcast,customer,"INTERNET , BILLING AND SERVIE ISSUES"
comcast,customer,Comcast blocking DirecTv signals
comcast,customer,pmts
comcast,customer,Slow Internet Speed
comcast,customer,not getting what I am paying for with internet
comcast,customer,Comcast bandwidth every evening drops to 10% of what is promised to our business
comcast,customer,isp dishonest about speeds
comcast,customer,Deceptive sales- change in billing amount etc.
comcast,customer,Comcast Billing Dispute
comcast,customer,Comcast
comcast,customer,Comcast Billing and Service Issues
comcast,customer,Cable prices rising
comcast,customer,service issues
comcast,customer,HBO GO on Playstation 4
comcast,customer,internet connectivity
comcast,customer,Email issues
comcast,customer,Monopoly
comcast,customer,Complaint against Xfinity/Comcast
comcast,customer,Comcast credit after cancellation has not been received after more than a year
comcast,customer,Comcast False Promises
comcast,customer,Comcast Blocking UDP Port 443
comcast,customer,Issues with Comcast
comcast,customer,Comcast Refuses to Schedule a Future Service Stoppage
comcast,customer,Comcast
comcast,customer,Overbilling
comcast,customer,"Comcast - failure to provide service, refusal to void contract"
comcast,customer,Spotty Comcast service
comcast,customer,without service despite willingness to pay
comcast,customer,Issues with Xfinity/Comcast
comcast,customer,Cable Modem rent for Internet access
comcast,customer,Comcast/Xfinity
comcast,customer,Speed issues
comcast,customer,AT&T
comcast,customer,Fraudulent claims reported to collections agency
comcast,customer,Comcast using a Data Cap to take however much money they like
comcast,customer,Comcast Data Cap
comcast,customer,Speed of service
comcast,customer,Comcast's Monopolistic Practices and Data Capping
comcast,customer,"Comcast data cap ""trials"""
comcast,customer,Comcast billing problem
comcast,customer,Comcast Needs Competition
comcast,customer,Comcast services/billing issues
comcast,customer,Incorrect Bill
comcast,customer,Legality of data caps
comcast,customer,Data caps
comcast,customer,Comcast Added Service After I Declined It
comcast,customer,Comcast Misled With Overage Policy
comcast,customer,Cable service and telephone connect not complete
comcast,customer,Comcast data cap
comcast,customer,Comcast Won't Cancel My Service
comcast,customer,Data Caps
comcast,customer,Comcast disconnecting service before due date
comcast,customer,comcast data cap
comcast,customer,Comcast
comcast,customer,Unbelievable Treatment
comcast,customer,Denial of Comcast Business Service to my dental practice
comcast,customer,Comcast's Terrible Service - How are they still in business?
comcast,customer,they are forcing me for my bank account information by suspending my services for no reason .
comcast,customer,Comcast discontinuation of service issue
comcast,customer,Comcast customer service
comcast,customer,Comcast
comcast,customer,"Comcast bandwidth data caps in Atlanta, GA"
comcast,customer,Comcast won't quit charging me for modem rental
comcast,customer,Comcast download caps
comcast,customer,Horrible Comcast Customer Service
comcast,customer,Data Cap
comcast,customer,Bad Customer Service
comcast,customer,disconnection of service
comcast,customer,Comcast Data Usage Charges
comcast,customer,Comcast refuses service to my address
comcast,customer,Comcast will not let me discuss my bill or service with a representative
comcast,customer,Comcast billing frauds
comcast,customer,Comcast TV/Internet hookup
comcast,customer,no service for 5+ days
comcast,customer,Comcast - Billing
comcast,customer,Comcast Internet
comcast,customer,Comcast speed integrity
comcast,customer,Data cap
comcast,customer,Comcast Atlanta Data Caps
comcast,customer,Comcast Atlanta Data Caps
comcast,customer,COMCAST Poor Customer Service
comcast,customer,Overage on 300GB data plan with Comcast
comcast,customer,Comcast bill
comcast,customer,Comcast Data Cap
comcast,customer,Unfair Billing Practices
comcast,customer,Comcast data caps
comcast,customer,Comcast Refusing to Honor Internet Rate
comcast,customer,speed
comcast,customer,Not Acceptable Internet Additional Charge.
comcast,customer,Comcast internet and cable service
comcast,customer,"Comcast deceptive advertising, overage charges"
comcast,customer,Comcast Data Caps
comcast,customer,Comcast: Xfinity Slamming
comcast,customer,Comcast Support Unable to Provide Accurate Information
comcast,customer,Comcast Data Usage Limits
comcast,customer,Repeated Erroneous Modem Rental Charge
comcast,customer,Xfinity pricing
comcast,customer,Comcast monopoly
comcast,customer,Internet connection both upload and download speeds
comcast,customer,Internet Availability
comcast,customer,"Comcast ""50 mb/s"" speed and throttling"
comcast,customer,Complaint against Comcast
comcast,customer,Comcast
comcast,customer,Comcast Monopolistic Billing Practices
comcast,customer,Internet Throttling
comcast,customer,Data Usage Overage
comcast,customer,double billing after change of service
comcast,customer,Bandwidth Caps becoming excessive
comcast,customer,Comcast data limits
comcast,customer,Unable to cancel xfinity home security
comcast,customer,Comcast trying to setup stuff we didn't order
comcast,customer,Terrible waiting times
comcast,customer,Incorrect prices for new customers
comcast,customer,Comcast is throttling my internet
comcast,customer,Internet Pricing
comcast,customer,MISC. CHARGES
comcast,customer,Comast data cap
comcast,customer,Comcast throttles internet
comcast,customer,throttling
comcast,customer,Forced Bundling of Internet Service with CATV
comcast,customer,Comcast Internet
comcast,customer,Failure to deliver service
comcast,customer,Comcast HBO Go PS4 app
comcast,customer,Comcast's refusal to recognize written notice of termination of service
comcast,customer,Rates
comcast,customer,Termination Fee
comcast,customer,Comcast internet/cable
comcast,customer,I AM BEING CHARGE DOUBLE FOR MY CABLE BILL.
comcast,customer,REPEATED Comcast billing issues
comcast,customer,unauthorized comcast username setup
comcast,customer,Services turned off in retaliation for complaints
comcast,customer,Comcast does not disclose the Internet speed I'm paying for anywhere on my bill or online
comcast,customer,Internet speeds disclosure on bill
comcast,customer,Internet speed not disclosed
comcast,customer,Intermittent Service
comcast,customer,Comcast billing practices
comcast,customer,monopoly
comcast,customer,Consistently Slow and Throttled Internet Speeds
comcast,customer,Paying for high speed internet with Comcast. Consistently getting slow service.
comcast,customer,Comcast Monopoly on Packages is costing me more money for same service
comcast,customer,"hidden fees, dropped internet connection"
comcast,customer,COMCAST HIGH SPEED INTERNET MONOPOLY
comcast,customer,ComCast cable In Maryland
comcast,customer,Billing Dispute & Poor Customer Service
comcast,customer,Comcast change contract
comcast,customer,Comcast throttle
comcast,customer,Xfinity WiFi access
comcast,customer,"No internet, no cable"
comcast,customer,Internet service slow and intermittent
comcast,customer,Comcast Account
comcast,customer,Week long issues with speed and no help from comcast
comcast,customer,Data Usage Cap Maine
comcast,customer,Comcasts Shady Business Practices
comcast,customer,Comcast cable
comcast,customer,Comcast Pricing
comcast,customer,Comcast Complaint
comcast,customer,CABLE
comcast,customer,Comcast Charges
comcast,customer,Comcast
comcast,customer,Internet needed!
comcast,customer,Deceptive Practices
comcast,customer,Comcast fraud
comcast,customer,Complaint CR Comcast Problem - VOIP Phone not working for days
comcast,customer,Comcast
comcast,customer,Double-billing
comcast,customer,download speeds slower than dial-up but paying for 25 Mbps
comcast,customer,Comcast billing error
comcast,customer,Comcast Internet Technical Support
comcast,customer,Comcast Blocking HBOGo on PS4
comcast,customer,Residentail Broadband Data Caps
comcast,customer,Comcast
comcast,customer,Monthly Charges Increased without any notice
comcast,customer,Comcast internet for low income families
comcast,customer,Comcast internet for low income families
comcast,customer,Comcast Service and customer service representative
comcast,customer,Poor internet connection/dropped connection since installation of new modem
comcast,customer,Comcast Billing
comcast,customer,Bank Fee Refund Reques
comcast,customer,COMCAST Unfair Charge
comcast,customer,Wrongful Billing
comcast,customer,Billing problem
comcast,customer,Service refusal and lower than advertised speeds.
comcast,customer,COMCAST - MAJOR COMPLAINT 1ST TIME CUSTOMER - AGGRAVATED HEALTH ISSUES
comcast,customer,Connecting the service
comcast,customer,Over Charge by lying
comcast,customer,Comcast keeps changing bill and every time gives new reasons!
comcast,customer,Ad in craigslist was a scam for selling product not owned
comcast,customer,Comcast Internet
comcast,customer,Comcast billing after discontinuation of service
comcast,customer,COMPLAINT AGAINST COMCAST
comcast,customer,Comcast data cap
comcast,customer,Comcast Issues
comcast,customer,Comcast charging a fee without disclosing
comcast,customer,increased bill
comcast,customer,"Incorrect charges, and would not fix"
comcast,customer,Suspected Throttling
comcast,customer,constant disruption of internet service
comcast,customer,Comcast Unfair Billing Practices
comcast,customer,Incorrect Billing and Service from Comcast
comcast,customer,Comcast reduced my internet speed
comcast,customer,Keep getting charged rental fees for modem I already own
comcast,customer,Dealing with Comcast/Xfinity
comcast,customer,Over Billing
comcast,customer,Billing
comcast,customer,Awful Service!
comcast,customer,Comcast bad practices
comcast,customer,Billing for equipment that was not provided to me
comcast,customer,Comcast Speed Issues
comcast,customer,Technical Support
comcast,customer,Failure to supply the proper Internet service
comcast,customer,Comcast disconnected my account without reason or notice
comcast,customer,Bad Service/drop calls/no support
comcast,customer,Modem rental fees
comcast,customer,Comcast - issues galore
comcast,customer,Monopolistic behavior
comcast,customer,bait and switch pricing
comcast,customer,hbo go comcast
comcast,customer,Comcast Slow Internet
comcast,customer,Slow Internet Speeds
comcast,customer,Comcast Billing pratice
comcast,customer,Comcast overbilled me and added numerous hidden charges
comcast,customer,Unfair billing practices of Comcast
comcast,customer,HBO GO blocked on Amazon Fire TV
comcast,customer,Comcast Outage/poor service 6/1
comcast,customer,Comcast Agreement
comcast,customer,False contract repersentation
comcast,customer,"Extremely low speeds, and no help"
comcast,customer,Comcast throttling download speed.
comcast,customer,broadband interuption
comcast,customer,low internet speed
comcast,customer,Incorrect Billing
comcast,customer,Comcast - Diversified Consultants
comcast,customer,COMCAST BILLING FOR LAST mos for services they are unable or unwilling to provide
comcast,customer,Comcast blocks HBO GO on PS4
comcast,customer,Comcast data usage charges
comcast,customer,Comcast Bandwidth Billing Issue
comcast,customer,Comcast Internet speeds
comcast,customer,Comcast slow internet service
comcast,customer,Comcast Slow Internet
comcast,customer,Comcast internet freezes up
comcast,customer,Comcast changed my account plan after i said no about 2-3 times
comcast,customer,lack of service from comcast
comcast,customer,Comcast
comcast,customer,Comcast
comcast,customer,credit for service outage 6/23/15
comcast,customer,Unauthorized billing
comcast,customer,Billing overcharges
comcast,customer,internet/phone
comcast,customer,Comcast Throttling My Internet
comcast,customer,Double billing from Comcast
comcast,customer,Billing Over Charges
comcast,customer,Internet Only
comcast,customer,Continuing overcharges
comcast,customer,Home Security Forgery/Fraud
comcast,customer,2+ Day Degraded Services
comcast,customer,Internet Bill too high
comcast,customer,Over paying for my Comcast Services
comcast,customer,Fees not disclosed before service was installed
comcast,customer,comcast service
comcast,customer,Poor customer service
comcast,customer,Billed for service never received
comcast,customer,Comcast
comcast,customer,disrupted internet service
comcast,customer,Comcast Billing / Speed Issues
comcast,customer,Have to bundle services to get advertised proce.
comcast,customer,Comcast policies
comcast,customer,Internet Throttling
comcast,customer,Unfair Billing Practices
comcast,customer,Cocmast billing issues
comcast,customer,Comcast service that didn't work
comcast,customer,Data Limit
comcast,customer,Pricing is not competive
comcast,customer,comcast billing practices-unfair
comcast,customer,Comcast
comcast,customer,Slow Internet
comcast,customer,Internet Service
comcast,customer,Xfinity False Advertisement
comcast,customer,"Comcast - constantly low speeds, 'miscommunication' about billing errors. Not responding to complaints."
comcast,customer,Comcast HBO-Go Application and Sony Products
comcast,customer,Never resolved problem with Comcast
comcast,customer,Slow Speed with the entire connection
comcast,customer,Comcast Possibly Throttling my Internet
comcast,customer,Comcast sucks
comcast,customer,"Issues with Comcast regarding service, billing, etc"
comcast,customer,Internet/TV Billing
comcast,customer,difficulty to cancel services before moving
comcast,customer,Comcast Incompetence/Lies/Robbery
comcast,customer,"Comcast is ""forcing"" bundles on me while silently raising my bill"
comcast,customer,Internet Slowdown
comcast,customer,Comcast price
comcast,customer,Comcast fails to fulfill request for Internet service
comcast,customer,Hidden Product Installation Fee
comcast,customer,2 months and Comcast has not fixed problem
comcast,customer,FCC Complaint against comcast/xfinity on providing false information.
comcast,customer,Comcast internet
comcast,customer,Comcast internet
comcast,customer,service issues
comcast,customer,Comcast Xfinity 300G over charge
comcast,customer,Internet Availability
comcast,customer,Comcast Usage Caps
comcast,customer,Comcast Data Usage Caps
comcast,customer,Data Caps and the Extortion Methods of Comcast
comcast,customer,No internet service
comcast,customer,No service
comcast,customer,Billing discrepencies and service termination hurdles
comcast,customer,Billing & Data Usage
comcast,customer,"Bait and switch, unfulfilled incentives"
comcast,customer,internet speed
comcast,customer,Comcast wont refund me for over charge
comcast,customer,comcast internet debacle
comcast,customer,Price and performance manipulation by Comcast for ISP
comcast,customer,Complaint against Comcast
comcast,customer,Comcast Internet Speed
comcast,customer,Comcast complaint
comcast,customer,Data Caps
comcast,customer,comcast unwilling to resolve data usage issue
comcast,customer,comcast unwilling to resolve data usage issue
comcast,customer,comcast data cap
comcast,customer,Comcast Data usage meter
comcast,customer,Comcast Internet Data Cap LIES
comcast,customer,"Comcast promised $60 a month no fees, charged $70 + $8 in fees"
comcast,customer,Comcast Cable connection from street is underwater and structure is too high
comcast,customer,West Coast Service Issues - Comcast
comcast,customer,Comcast refuses to uhold contract for 2 years phone/internet
comcast,customer,Comcast business internet is much more expensive that home internet.
comcast,customer,Comcast Internet Usage Cap
comcast,customer,Comcast poor service
comcast,customer,Comcast Corporation Data Caps
comcast,customer,comcast throttling my internet service
comcast,customer,billing/service issues
comcast,customer,Unethical Charges
comcast,customer,Comcast Data Cap
comcast,customer,Comcast wrongfully autodrafted a final bill that was not yet adjusted
comcast,customer,Comcast Internet
comcast,customer,Comcast data cap at 300GB
comcast,customer,Internet speeds are throttled
comcast,customer,Complex situation prevents bundling discounts and drives service price up
comcast,customer,Comcast Internet prices & speeds
comcast,customer,Comcast overcharging
comcast,customer,Reimbursement I've never recieved
comcast,customer,constant internet issues
comcast,customer,Xfinity
comcast,customer,Xfinity/Comcast
comcast,customer,Comcast Hard Inquiries
comcast,customer,comcast jamming signal
comcast,customer,Comcast lied to me
comcast,customer,Terrible customer service and process
comcast,customer,Comcast & HBO GO on PS4
comcast,customer,Run around
comcast,customer,Comcast Service and Customer service issues
comcast,customer,Comcast pricing scam
comcast,customer,Comcast Disconnect
comcast,customer,COMCAST THROTTLING SPEEDS AND DATA CAPS
comcast,customer,Closed Captioning of Online Videos
comcast,customer,Comcast problems
comcast,customer,Removed discount after I complained about an unauthorized charge
comcast,customer,complaint regarding Comcast
comcast,customer,COMCAST INTERNET CONNECTION CHEAT
comcast,customer,Wireless Signal issues/frequent connection drop
comcast,customer,"Comcast is ripping me off, and I can't be quiet anymore"
comcast,customer,Billing Dispute
comcast,customer,complaint about Comcast
comcast,customer,Comcast
comcast,customer,Internet Speeds Not as Advertised
comcast,customer,Comcast & Sony Playstation Devices
comcast,customer,Comcast Wifi Issues
comcast,customer,Comcast Internet
comcast,customer,comcast
comcast,customer,Comcast is giving me poor quality customer service.
comcast,customer,Comcast no show tech
comcast,customer,Comcast internet
comcast,customer,horrible service charges for tech/installation applied when they shouldnt have
comcast,customer,Slow Internet/ Billing/ poor customer service of your complaints
comcast,customer,no service
comcast,customer,Comcast Outages
comcast,customer,comcast internet connection and speed
comcast,customer,Comcast Cable & Internet
comcast,customer,comcast: no service for one month
comcast,customer,Comcast
comcast,customer,Comcast did not remove charge for over a year
comcast,customer,Comcast charging for services not rendered
comcast,customer,price inflation due to monopoly of Comcast
comcast,customer,Double charge my internet service every month
comcast,customer,Unfair Billing Practices
comcast,customer,Comcast Billing/Monopoly/Service
comcast,customer,Tricked into upgrade
comcast,customer,Comcast Unfair Business Practices
comcast,customer,internet speeds slow
comcast,customer,Faulty Service and False Advertisement
comcast,customer,Comcast started charging a lease fee for equipment I own after enabling automatic bill payment
comcast,customer,Comcast/Xfinity Service Manipulation
comcast,customer,unsatisfactory speed with disorganized service
comcast,customer,Comcast billing and service
comcast,customer,Unfair Billing Practices
comcast,customer,Xfinity Price and not 16Mbps when paying for 50Mbps
comcast,customer,Xfinity Order Status
comcast,customer,Comcast violating Open Internet rules
comcast,customer,Billing/Customer Service
comcast,customer,Comcast is double billing me and not processing my credit back to me
comcast,customer,Comcast internet speeds
comcast,customer,Comcast lies and deception
comcast,customer,Comcast over billing
comcast,customer,"Comcast Internet, cable, and phone outtages"
comcast,customer,Internet connection outage
comcast,customer,Comcast Throttling Internet Speed
comcast,customer,"Comcast Xfinity Overage Charges, No Assistance"
comcast,customer,Service outages
comcast,customer,Comcast Billing
comcast,customer,Charges not authorized
comcast,customer,comcast/xfinity
comcast,customer,Cocmast
comcast,customer,Comcast/Xfinity
comcast,customer,XFINITY/COMCAST TETHERING CONNECTION
comcast,customer,"XFinity ""Comcast"" CLOSED SCHEDULED APPT AND SAID IT WAS OPEN"
comcast,customer,Service Issues
comcast,customer,ComCast Internet Outage
comcast,customer,Comcast
comcast,customer,Additional Usage @$10/50GB
comcast,customer,Comcast data caps
comcast,customer,Comcast billing practices
comcast,customer,very poor customer service
comcast,customer,internet speed
comcast,customer,Another Fraudulenct collection claim from Comcast
comcast,customer,Comcast and CenturyLink failing Wissler Ranch Colorado Community
comcast,customer,"Tried to cancel, was lied to about change in service"
comcast,customer,Xfinity Throttling Apple TV bitrate
comcast,customer,Comcast Termination Fee
comcast,customer,Unresolved Issues
comcast,customer,no warning before price increase
comcast,customer,Comcast unfair billing
comcast,customer,Comcast overbilling and overcharging
comcast,customer,COMCAST SERVICE COMPLAINT
comcast,customer,Charge to my bill unknowingly
comcast,customer,billing
comcast,customer,Internet and phone pricing
comcast,customer,"Worst speed, no competition, and billing does not match the service."
comcast,customer,Comcast bundled service
comcast,customer,Charged for equipment that I didn't have
comcast,customer,"Comcast misrepresented their service area, then charged me for attempting to use it."
comcast,customer,Comcast Xfinity
comcast,customer,Comcast Does Not Deliver Service
comcast,customer,Slow internet speeds on Comcast
comcast,customer,Comcast service
comcast,customer,Nonsensical Raise in my Internet Bill
comcast,customer,Comcast service billing
comcast,customer,Comcast Runaround
comcast,customer,Cruel and Illegal Practices - Comcast
comcast,customer,Throttled speed
comcast,customer,Transfer services
comcast,customer,Comcast agent lied about service upgrade
comcast,customer,Customer Service Representative Lied About Rates and Promotions
comcast,customer,"Comcast service Corvallis, OR."
comcast,customer,Unexplained Billing
comcast,customer,Comcast/Xfinity Internet
comcast,customer,Lack of availability
comcast,customer,Comcast bill problems
comcast,customer,Unfair billing practices
comcast,customer,Comcast Data Caps
comcast,customer,Comcast Internet is unbelievably slow
comcast,customer,Comcast Refuse to Refund Rental Fee made in error
comcast,customer,COMCAST
comcast,customer,Issues with Cable and Internet Packaging Unfair Prices
comcast,customer,Comcast Internet Speed and Reliability
comcast,customer,cable internet
comcast,customer,Monopoly and Deceit: The 300GB Data Cap
comcast,customer,comcast xfinity home security service
comcast,customer,Comcast bait and switch
comcast,customer,"Comcast Data Cap in Atlanta, GA"
comcast,customer,Cap on data usage
comcast,customer,Data Cap
comcast,customer,Data usage
comcast,customer,Extorted into signing up for multi-year contract
comcast,customer,Comcast Selectively Enforcing Data Caps
comcast,customer,Comcast Usage Caps
comcast,customer,Comcast Internet Service Bad Quality
comcast,customer,Ping spikes and packet loss
comcast,customer,Comcast complaint
comcast,customer,comcast phone & internet billing issue
comcast,customer,Comcast Xfinity charging rental fee for personally owned modem
comcast,customer,Horrific billing
comcast,customer,Comcast / Xfinity overcharging for internet / internet cap
comcast,customer,Comcast Money Grab using Data Caps
comcast,customer,Comcast Internet Service Provider
comcast,customer,Fraudulent charges by Comcast
comcast,customer,Comcast Data Cap Compliant
comcast,customer,Billings Charges & Credits
comcast,customer,"Comcast Data Cap Limits, Lack of Competition, and Anti-Competition Business and Billing Practices"
comcast,customer,Deceptive Billing Practices
comcast,customer,Billing Complaint
comcast,customer,Comcast Unfair Billing Practices
comcast,customer,"Comcast ""property access"" or ""right of entry"""
comcast,customer,Internet speed
comcast,customer,Robber Barron Billing Practices
comcast,customer,Fradualent claims
comcast,customer,Xfinity Comcast hbogo on ps4
comcast,customer,comcast failure to respond to user communication
comcast,customer,xfinitty tv and exfinity alarm
comcast,customer,Internet speed and price of bundle
comcast,customer,RE: Comcast Internet Illegal charges
comcast,customer,Possible Internet Speed Throttling by my Comcast Internet Provider
comcast,customer,Slow speed
comcast,customer,Inaccurate billing
comcast,customer,Comcast Internet Pricing
comcast,customer,Billing/contract issue related to data cap
comcast,customer,Comcast Data Billing
comcast,customer,Data Caps
comcast,customer,Comcast
comcast,customer,Comcast
comcast,customer,Comcast
comcast,customer,"Prolonged internet outage, tardy response"
comcast,customer,comcast internet
comcast,customer,Improper billing from Comcast
comcast,customer,Deceptive sales tactics
comcast,customer,Misrepresentation of terms
comcast,customer,"Consumer Fraud - Sell at One Price, Then Advise Price is Higher"
comcast,customer,Misleading communication.
comcast,customer,Comcast Chat Agent Help
comcast,customer,Fees
comcast,customer,Comcast cable company Florida
comcast,customer,Misleading Advertising
comcast,customer,Comcast
comcast,customer,Unfair Billing Practices regarding Comcast
comcast,customer,Unfair Comcast Bill
comcast,customer,comcast services
comcast,customer,Comcast internet speeds extremely slow
comcast,customer,comcast internet service - billing problem
comcast,customer,Comcast speed and billing
comcast,customer,Comcast refusal to cancel service under false contract claims
comcast,customer,Terrible Service and Ripped off by Comcast
comcast,customer,Extremely slow internet speeds; Horrible support
comcast,customer,Promissed a package and then denied
comcast,customer,HBO GO on Playstation 3
comcast,customer,Comcast secretly raising my bill for services I never agreed to. Again.
comcast,customer,Lied about $70 technician fee
comcast,customer,Internet Too Slow
comcast,customer,Internet Speed Drops & Signal on Borderline
comcast,customer,Comcast Service for EXTERIOR Line Replacement Billed to customer
comcast,customer,Comcast Complaint
comcast,customer,I am being unfairly billed
comcast,customer,Internet Prices in U.S.A
comcast,customer,Comcast throttling my speeds for streaming video
comcast,customer,Consistently slow internet speeds
comcast,customer,Internet Speeds nowhere close to what I pay for
comcast,customer,Billed without service
comcast,customer,Slow Internet
comcast,customer,"Billed for modem rental for several years, Comcast refuses to refund under ""caveat emptor"""
comcast,customer,Misleading information given
comcast,customer,Contract Cancellation Fees and Unauthorized Changes
comcast,customer,"no internet service, no on demand service"
comcast,customer,internet and on demand service
comcast,customer,Unfair Charges and substandard service
comcast,customer,Comcast Automatic Payments
comcast,customer,Outage and unfair practices
comcast,customer,Fraudolent pratice
comcast,customer,Comcast service
comcast,customer,Comcast Billing Practices
comcast,customer,Comcast
comcast,customer,Comcast Mistreatment
comcast,customer,Slow connection speed for wifi
comcast,customer,"Comcast Speeds Low, and Often Disconnections"
comcast,customer,Comcast Service
comcast,customer,Denial of Refund for Overpayment
comcast,customer,Comcast data cap
comcast,customer,Comcast unfair billing
comcast,customer,Comcast
comcast,customer,Slow Service
comcast,customer,Comcast Internet
comcast,customer,Comcast
comcast,customer,Internet Issue
comcast,customer,Business Class Service
comcast,customer,DNS Web hosting
comcast,customer,Fraudulent account
comcast,customer,Comcast Internet Service Complaint
comcast,customer,Billing Issues
comcast,customer,Comcast poor service or throttling
comcast,customer,Comcast Refuses to Fix Billing If a Virus Causes Data Usage Over Cap on a system protected by THEIR AV
comcast,customer,No broadband service provided
comcast,customer,Poor Service from Comcast
comcast,customer,300 gb cap
comcast,customer,Comcast Data Caps
comcast,customer,"Slow speeds, poor service,."
comcast,customer,Billing and Service
comcast,customer,comcast of indiana
comcast,customer,Comcast trial of putting cap on internet usage.
comcast,customer,Comcast Data Caps
comcast,customer,Comcast Data Cap & Code Injection
comcast,customer,Comcast billing/service
comcast,customer,Comcast-flat fee contract-misrepresentation
comcast,customer,Comcast Internet problems
comcast,customer,Comcast Internet Billing
comcast,customer,Comcast xfinity triple play
comcast,customer,Billing issues with Comcast
comcast,customer,Comcast Internet
comcast,customer,Comcast outage - Bay Area
comcast,customer,Comcast of East Windsor NJ Complaint
comcast,customer,Terrible Comcast service
comcast,customer,Complaint against Comcast for incredibly bad service
comcast,customer,Data Caps
comcast,customer,Internet service speed
comcast,customer,Comcast xfinity price gouging seniors
comcast,customer,Misrepresentation of billing
comcast,customer,"Constant non response, or passing to other operator. Supervisers inability to resolve of help. Numerous lies told."
comcast,customer,Comcast chronic lies
comcast,customer,Comcast Internet Only Service
comcast,customer,Comcast broke 36 month contract by increasing bill.
comcast,customer,unfair billing practices
comcast,customer,Installation Charges
comcast,customer,Comcast Over Charging Bundle PKG
comcast,customer,Comcast/Xfinity Data Allowance
comcast,customer,pricing
comcast,customer,60 days to close my account
comcast,customer,Fraudulent billing by Comcast.
comcast,customer,Comcast Failed to Switch our Systems to New Location and Shut Down the Current Location
comcast,customer,Comcast slamming issue
comcast,customer,Please stop Broadband bandwidth caps
comcast,customer,comcast internet in emeryville throttles speed
comcast,customer,Pricing Concerns
comcast,customer,"95 Palmer Road, Enfield NH Internet Pricing"
comcast,customer,"Overpriced, low quality service"
comcast,customer,Bundled Service
comcast,customer,Comcast customer service and billing complaint
comcast,customer,Comcast Throttling
comcast,customer,"lack of service, Service call complaint"
comcast,customer,"lack of service, Service call complaint"
comcast,customer,Comcast fradulent Marketing and billing for internet
comcast,customer,Unreliable service for the past three years
comcast,customer,Comcast has doubled my internet fee without warning
comcast,customer,Frequent disconnects
comcast,customer,BILLING ISSUE
comcast,customer,Comcast Unfair Billing Practices
comcast,customer,Comcast deceptive selling billing lack of service - SECOND And EXPANDED COMPLAINT
comcast,customer,Comcast complaint about internet speed
comcast,customer,Comcast Billing Issues
comcast,customer,Comcast
comcast,customer,No Internet for last 6 days and Comcast is not doing anything
comcast,customer,Comcast Price Gouging
comcast,customer,Unable to renew IP address
comcast,customer,Comcast
comcast,customer,COMCAST
comcast,customer,Comcast Issues
comcast,customer,Comcast will not service our home
comcast,customer,Comcast/xfinity
comcast,customer,Comcast Billing and Service Issues
comcast,customer,Poor service
comcast,customer,Data cap
comcast,customer,Comcast
comcast,customer,internet billing
comcast,customer,Comcast fluctuating prices
comcast,customer,Recurring Comcast service issues and long waits for non-service
comcast,customer,Multiple billing an dcompetative issues.
comcast,customer,Comcast fraudualent billing
comcast,customer,Comcast Service
comcast,customer,Re: Internet Too Expensive
comcast,customer,Charged for Services not provided
comcast,customer,paying for WiFi and its not working
comcast,customer,ISP Data Cap
comcast,customer,Internet Connection and Speed Issues
comcast,customer,Comcast internet
comcast,customer,Comcast Will Not Provide Online Content Without Cable Box
comcast,customer,Internet cap
comcast,customer,Lack of reasonable infrastructure close to town
comcast,customer,Comcast Throttling Speeds
comcast,customer,comcast
comcast,customer,Comcast Throttling My Internet
comcast,customer,Un able to access my email address after relocae to a new address
comcast,customer,Internet speed issues with Comcast and picture freezing issues when watching TV
comcast,customer,Systemic failures with Comcast
comcast,customer,Comcast/Xfinity
comcast,customer,Comcast internet and lack of communication and response
comcast,customer,billing issues
comcast,customer,Comcast knowingly over billed
comcast,customer,Horrible/Unacceptable Service of Comcast
comcast,customer,Comcast overcharge
comcast,customer,Deceptive Trade
comcast,customer,Comcast Demanding payment after cancellation
comcast,customer,No internet
comcast,customer,Xfinity promise to pay me $300 to join
comcast,customer,Comcast issues
comcast,customer,Internet Provider Data Thresholds
comcast,customer,Comcast Cable
comcast,customer,Comcast Data Cap
comcast,customer,Comcast Data Caps
comcast,customer,Comcast
comcast,customer,Comcast data cap
comcast,customer,Routine Outages / Speeds never as promised
comcast,customer,Comcast business keeps moving my same-day trouble appointment to the next day
comcast,customer,Comcast cable company
comcast,customer,Comcast billing
comcast,customer,Lack of HBO Go Availability on Sony Devices with Xfinity Subscription
comcast,customer,Overcharged $30 per month for 10 months straight
comcast,customer,Raising my Rate
comcast,customer,Unfair Comcast Billing
comcast,customer,Comcast fradulently gets contract signed by my wife
comcast,customer,Comcast charging me unrelated charges
comcast,customer,Ridiculous Charges
comcast,customer,complaint against Comcast
comcast,customer,Arbitrary Price Increase
comcast,customer,Comcast Billing Complaint
comcast,customer,Internet speed deteriation
comcast,customer,Internet Speed on Wireless Connection
comcast,customer,internet
comcast,customer,intermittent internet
comcast,customer,Deceptive trade
comcast,customer,Improper Billing and non resolution of issues
comcast,customer,Lost emails/billing
comcast,customer,"Comcast/Xfinity Poor Service, Fraudulent Billing and Collection"
comcast,customer,monthly data caps
comcast,customer,Comcast Data Charges
comcast,customer,Inability to get access to internet through Comcast or AT&T
comcast,customer,paying for an upgrade that never took place
comcast,customer,"Bill issues, Internet and disability comcast prices"
comcast,customer,Not receiving advertised speed
comcast,customer,Xfinity Internet Speed
comcast,customer,Comcast Billing
comcast,customer,Nightly service interruption
comcast,customer,Netflix is slow
comcast,customer,comcast wont service my address
comcast,customer,cannot access my email or service at all
comcast,customer,Xfinity/comcast Service
comcast,customer,Unclear policies
comcast,customer,300GB/month Data Cap
comcast,customer,Comcast/Xfinity- Paying for High speed service
comcast,customer,Comcast/Xfinity- Paying for High speed service
comcast,customer,Overage Charges
comcast,customer,Comcast Internet and cable deals
comcast,customer,Comcast bundle billing
comcast,customer,Comcast Internet Speed/Quality of Service and price
comcast,customer,Internet bundled with TV
comcast,customer,Consistent speed/connectivity with internet
comcast,customer,Comcast is ignoring me now. They are making NO attempt to correct problems
comcast,customer,Data Caps
comcast,customer,n/a
comcast,customer,Unfair billing practices
comcast,customer,Comcast Bundle price
comcast,customer,Wrongful billing - repeated since December 2013
comcast,customer,Comcast has charged me invalid fee's and wont re-imburse me for them.
comcast,customer,Comcast/Xfinity service
comcast,customer,Comcast Bundled
comcast,customer,somewhat threatening phone calls
comcast,customer,Data Cap overages
comcast,customer,INTERNET VIRUS POP UP SCAM CLAIMING TO BE WITH COMCAST
comcast,customer,Intermittent internet connection
comcast,customer,Raised my bill and told me to lower it back to what it was i would have to make a 24 month agreement
comcast,customer,Comcast
comcast,customer,Comcast Internet
comcast,customer,Comcast
comcast,customer,Issues with Comcast Customer Service due to loss of Internet
comcast,customer,Speeds being throttled.
comcast,customer,internet essentials for low income families
comcast,customer,Hearsts Magazine contest scam
comcast,customer,Comcast
comcast,customer,Comcast
comcast,customer,Comcast Internet Service
comcast,customer,Comcast Bundles
comcast,customer,Comcast Fraud?
comcast,customer,Comcast surprise increase in charges
comcast,customer,Internet Problems
comcast,customer,Comcast Rrefund Owing to Us since 3/12/2015
comcast,customer,Still Overcharged
comcast,customer,Charged for speeds they can not provide
comcast,customer,Comcast deception
comcast,customer,COMCAST - Slow Down Imternet Speed
comcast,customer,Data Caps
comcast,customer,Comcast billing complaint
comcast,customer,Frequent interruptions
comcast,customer,Comcast Overbilling
comcast,customer,Throttling by Comcast/Xfinity
comcast,customer,no internet last 4 days even after more than 10 calls and spending 10 hours with comcast on phone
comcast,customer,Comcast slamming/overcharge/
comcast,customer,Speeds received are not as advertised
comcast,customer,Comcast throttling speeds
comcast,customer,Comcast Billing
comcast,customer,Fraudulent Billing by ComCast
comcast,customer,Comcast Throttling
comcast,customer,Throttle of my Internet access speeds by Comcast
comcast,customer,Comcast Overcharge for Internet Service for over One Year
comcast,customer,"Not receiving refund of service from Comcast, for over 90 days"
comcast,customer,Unfair and Deceptive Trade Practices
comcast,customer,Comcast Bill Internet Usage
comcast,customer,Comcast Data Cap
comcast,customer,Over Billing Issues
comcast,customer,Comcast Billing Practices
comcast,customer,high payment
comcast,customer,Comcast Support
comcast,customer,Comcast Internet/Cable contacted them over the phone and chat
comcast,customer,Comcast Usage Data Plan
comcast,customer,Comcast Data Usage Cap/Limit
comcast,customer,Cable
comcast,customer,Charges
comcast,customer,Comcast data caps
comcast,customer,Comcast Data Usage Cap
comcast,customer,comcast keeps charging for me for over the limit internet - when says we have unlimited
comcast,customer,Data overage charges
comcast,customer,No Internet
comcast,customer,Continues services interruptions causing losses to my business
comcast,customer,Comcast blocking services
comcast,customer,Fake charges
comcast,customer,Billing Issues/Service Issues
comcast,customer,Comcast Charging Fee without warning
comcast,customer,Comcast service levels
comcast,customer,One Sided Contracts
comcast,customer,Comcast Fraudulent Charges
comcast,customer,comcast data useage caps and charges
comcast,customer,Comcast cable unauthorized charges
comcast,customer,Comcast cable unauthorized charges
comcast,customer,comcast fraudulent pricing and practices
comcast,customer,Comcast and competition
comcast,customer,Comcast/earthlink
comcast,customer,Speed Throttling
comcast,customer,Charged double/Speeds throttled
comcast,customer,Comcast Rate Hike
comcast,customer,Internet speed
comcast,customer,COMCAST XFINITY
comcast,customer,Internet Cable Alarm
comcast,customer,Phone Internet Cable Alarm
comcast,customer,comcast service overcharge for internet and phone
comcast,customer,billing and internet connection
comcast,customer,Comcast internet price high
comcast,customer,Comcast
comcast,customer,Comcast refuses to service address
comcast,customer,Overcharge/ promo end
comcast,customer,"Hang-ups, Lies, Bill more than 2x higher & more"
comcast,customer,Lies and deception
comcast,customer,Comcast Refuses to Refund Deposit According to Initial Terms
comcast,customer,Comcast Data Caps
comcast,customer,Data Cap
comcast,customer,comcast contract problem
comcast,customer,intermittent service
comcast,customer,Comcast-Overcharges
comcast,customer,COMCAST
comcast,customer,MONTHLY BILL
comcast,customer,"Deceptive business practice with ""Service Protection Plan"""
comcast,customer,Billing Error
comcast,customer,Unreliable Service
comcast,customer,Billing and threats
comcast,customer,Horrible Internet Speed not what I pay for
comcast,customer,Comcast Service Failure
comcast,customer,Incomplete billing cycle
comcast,customer,Internet System Reliability
comcast,customer,Faulty Bill for More Profit
comcast,customer,Comcast - Overcharging/Unnecessary Charges
comcast,customer,Throttling by Comcast
comcast,customer,Billed for internet service that was never installed
comcast,customer,Billing and New Account Issues
comcast,customer,Comcast high prices and throttling speeds
comcast,customer,Comcast Predatory Pricing forcing purchase of cable.
comcast,customer,Comcast Billing
comcast,customer,speed/pricing
comcast,customer,Comcast Internet Slow
comcast,customer,The monthly bill for my internet service has become too expensive.
comcast,customer,Throttling
comcast,customer,Comcast Internet Service Complaint
comcast,customer,"poor quality service, multiple disconnections prior to disconnect date and after I have made payments still got disconnected multiple times"
comcast,customer,Comcast
comcast,customer,"Being lied to, and mislead by Comcast / Xfinity"
comcast,customer,Internet connection not available
comcast,customer,Comcast Service Issues
comcast,customer,Comcast bundles useless services to charge more.
comcast,customer,Comcast Failed to deliver service that was advertised
comcast,customer,"Comcast wont honor discount, bill higher than what was agreed"
comcast,customer,"Poor customer service, terrible Internet speeds, prices are way too high."
comcast,customer,Comcast Bundle Promotion Bait and Switch
comcast,customer,COMCAST INTERNET SERVICE LARGE INCREASES & IMPROPER BILLINGS ON PROMTIONS FOR ONE YR
comcast,customer,Comcast refused to install internet
comcast,customer,Text on Facebook
comcast,customer,Comcast
comcast,customer,"Low internet speed complaint against Comcast Xfinity Houston, Texas"
comcast,customer,Billing and false advertising
comcast,customer,Comcast Charging Service Fee To Customer--Customer Didn't Cause Issue
comcast,customer,Comcast
comcast,customer,Unable to get in touch with anyone that has the power to cancel my services
comcast,customer,Comcast's data caps are anti-consumer.
comcast,customer,HBOGO on PS4
comcast,customer,Throttled Speed During Peak Hours
comcast,customer,Customer Service lied about extra fees
comcast,customer,Xfinity Data Cap
comcast,customer,Comcast Services
comcast,customer,"Charged for activation kit that was never sent, needed or used"
comcast,customer,Adding services Not Requested and Increasing fees without notification.
comcast,customer,Renewed contract without my permission or consent
comcast,customer,"Ongoing issue with bill, Supervisors, Issue Not Fixed"
comcast,customer,Comcast
comcast,customer,Comcast failure to provide adequate service
comcast,customer,assessing unjustified late fees
comcast,customer,Unable to fully use services and high bills
comcast,customer,Comcast
comcast,customer,Comcast in Indianapolis scam
comcast,customer,Comcast billing
comcast,customer,COMCAST CUSTOMER CARE
comcast,customer,COMCAST CUSTOMER CARE
comcast,customer,internet and service
comcast,customer,HBO shouldn't have a load time
comcast,customer,Comcast customer service agents lie about offers to switch
comcast,customer,Comcast technical/customer service and billing problems
comcast,customer,Comcast/Xfinity Internet Gouging
comcast,customer,Pricing Problems Even After Promises
comcast,customer,Comcast Business Services-Email Accounts
comcast,customer,keep getting charged for modem rental and I bought my own 7 months ago!
comcast,customer,Comcast billing
comcast,customer,Internet Service Provider Comcast harassing me to return equipment I already returned
comcast,customer,Comcast Service
comcast,customer,Throttling
comcast,customer,Continued Calls from Comcast
comcast,customer,Installation
comcast,customer,Comcast/Xfinity
comcast,customer,internet being throttled by comcast
comcast,customer,"Service connection issues, increased billing, bad service, unfair trade practices"
comcast,customer,Comcast - Virtually no service since October 2014
comcast,customer,recurring billing discrepancy regarding modem
comcast,customer,Comcast Data Usage robbing us
comcast,customer,False advertising and overcharging
comcast,customer,xfinity Internet
comcast,customer,Overcharged/excessive bill
comcast,customer,Internet Fraud
comcast,customer,"COMCAST INTERNET PROVIDER-JACKSONVILLE, FLORIDA"
comcast,customer,Internet Service Changes between Comcast Business & Comcast Residential
comcast,customer,Cannot Access OnlineBilling Account to pay bill. Account info changed without Authorization
comcast,customer,Continued issue
comcast,customer,Internet Only Deal
comcast,customer,Customer Service from Comcast
comcast,customer,Comcast service billing
comcast,customer,Comcast Speed Issue after Evening
comcast,customer,Comcast has not applied credit of close to $400
comcast,customer,Comcast Complaint
comcast,customer,Monopoly & Fraudulent Broadband Speedtest results
comcast,customer,COMCAST REFUSES TO SERVE MY ADDRESS
comcast,customer,Customer Service Nightmare
comcast,customer,Commercial property damage
comcast,customer,Non working service with Comcast
comcast,customer,Issue with internet service
comcast,customer,Comcast cable tv
comcast,customer,Complaints about comcast
comcast,customer,Comcast
comcast,customer,Comcast becoming a hassle
comcast,customer,Comcast
comcast,customer,Fraud
comcast,customer,Comcast Customer Service
comcast,customer,Comcast Internet Services and Customer Service is Horrible
comcast,customer,Loss of Internet connection
comcast,customer,internat essential
comcast,customer,Lack of Service and Misleading Promises
comcast,customer,COMCAST SERVICE
comcast,customer,Comcast Internet Complaint
comcast,customer,Comcast services not working
comcast,customer,Comcast charging ridiculous prices
comcast,customer,Comcast internet service
comcast,customer,Comcast internet performance
comcast,customer,Comcast internet claiming 25 mbps internet but i get only 3 mbps and customer service representative hung up call repeateadly
comcast,customer,Long term billing issue with rude customer service caused depression and trauma
comcast,customer,Comcast incorrect and confusing billing
comcast,customer,Data caps & Monthly prices
comcast,customer,"Installation Request - New Subdivision - Jesup, GA"
comcast,customer,Comcast Grievance
comcast,customer,"Comcast -Exfinity customer service errors, lies and wasted time"
comcast,customer,"Comcast -Exfinity customer service errors, lies and wasted time"
comcast,customer,Comcast Very Bad /Rude customer service
comcast,customer,Billing Dispute
comcast,customer,Comcast Cable
comcast,customer,LIED TO! Now I'm suffering?!?! And at a loss!
comcast,customer,cyber bulling
comcast,customer,Comcast Service
comcast,customer,Comcast Business
comcast,customer,Service Complaint
comcast,customer,Comcast e-mail issues
comcast,customer,Comcast slamming with fees
comcast,customer,fraudulent charges
comcast,customer,Comcast Billing
comcast,customer,monopoly
comcast,customer,Comcast billing has caused issues
comcast,customer,Business practices and customer treatment
comcast,customer,Xfinity not providing service in my portion of the neighborhood
comcast,customer,Comcast customer service and billing service
comcast,customer,Not receiving the speeds promised and the charges are too high.
comcast,customer,"Internet bill goes up with no cable ""bundle"""
comcast,customer,Significant Quality Loss
comcast,customer,customer services
comcast,customer,Unfair Billing Practices
comcast,customer,service issues
comcast,customer,Xfinity throttling my connection
comcast,customer,Service down for 25 days but was never credit it for it
comcast,customer,"Comcast Home Business Service - FC Consulting, LLC"
comcast,customer,Being charged for modem that was returned over 1 year ago
comcast,customer,Comcast Data Cap
comcast,customer,Comcast's pricing and bundling model is a monopolized extortion in my area
comcast,customer,Comcast forcing me to pay same rate for lower speed
comcast,customer,Speeds lower than advertised
comcast,customer,Comcast Data Cap of 300GB
comcast,customer,Data Cap
comcast,customer,Comcast Online Access
comcast,customer,availabilty
comcast,customer,Wireless Internet
comcast,customer,No access to HBO Go on Playstation 4 through Comcast
comcast,customer,Very Frequent service outages with Comcast internet
comcast,customer,Ongoing serious and cotinued internet service outages
comcast,customer,"Internet problems, billing and service"
comcast,customer,Comcast Blocking HBO Go on Sony PlayStation devices
comcast,customer,nd intrenal miscommunication
comcast,customer,Continued slowness for more than 2 weeks
comcast,customer,Continued slowness for almost 3 weeks
comcast,customer,Continued slowness for almost 3 weeks
comcast,customer,Comcast's Constant Manipulation of Bills
comcast,customer,False advertising / Bait & Switch
comcast,customer,false advertisement for paid service
comcast,customer,Comcast internet
comcast,customer,Comcast Internet and TV false information and false price
comcast,customer,Comcast data cap / interference with free market
comcast,customer,InHome Service Visit charged when the problem was outside of my apartment
comcast,customer,Comcast Internet/Cable TV package
comcast,customer,Comcast internet overage charges
comcast,customer,Unauthorized charge on comcast bill
comcast,customer,Data Caps by Comcast
comcast,customer,COMCAST High speed internet
comcast,customer,Fradulant Charges against Credit Report
comcast,customer,Comcast Data Caps
comcast,customer,Comcast data caps
comcast,customer,Comcast data caps
comcast,customer,Comcast home data usage cap
comcast,customer,Unable to obtain Residential Service
comcast,customer,Bandwidth Caps.
comcast,customer,local monopoly
comcast,customer,comcast data plan
comcast,customer,Comcast ISP OIO Violation
comcast,customer,Comcast Data Cap
comcast,customer,comcast intrnet
comcast,customer,Refusal to Prorate for Services Not Recieved
comcast,customer,Comcast Data Caps
comcast,customer,Data soft cap and charges from Comcast
comcast,customer,Comcast Speed and Cap misinformation
comcast,customer,Comcast Excessive Overages
comcast,customer,Comcast Data Caps for Home Internet Service
comcast,customer,Comcast
comcast,customer,Comcast monthly data usage cap
comcast,customer,Comcast data limits and overage charges
comcast,customer,Comcast Data Use Caps
comcast,customer,Data Caps
comcast,customer,Service out/no customer service provided
comcast,customer,Comcast Data Usage
comcast,customer,Forced data capping
comcast,customer,Comcast Costs
comcast,customer,Unfair Billing Practices
comcast,customer,Request to transfer e-mail account from Comcast.
comcast,customer,Comcast Data Cap
comcast,customer,complaint against comcast/infinity
comcast,customer,Complaint about service provided by Comcast/Xfinity
comcast,customer,Problems with Comcast
comcast,customer,Service Provided is Not What was Promised
comcast,customer,Email account removed
comcast,customer,internet
comcast,customer,Billing fraud by Comcast
comcast,customer,Comcast
comcast,customer,internet availability for students
comcast,customer,billing
comcast,customer,Comcast internet
comcast,customer,Comcast Internet Billing
comcast,customer,Inability to call 911 service during a power outage
comcast,customer,Comcast monopoly hurting my business
comcast,customer,Comcast-Billing
comcast,customer,Internet speed not as advertised
comcast,customer,Underhanded sales techniques
comcast,customer,Comcast Internet
comcast,customer,Internet/Phone Billing Services
comcast,customer,Fraudulent billing practice
comcast,customer,Not receiving network speed as advertised
comcast,customer,Internet Speed/Service
comcast,customer,Comcast not honoring agreement
comcast,customer,Falsified unreturned equipment fees
comcast,customer,Slow comcast internet
comcast,customer,Comcast not delivering advertised speed
comcast,customer,Comcast Support
comcast,customer,Several issues
comcast,customer,Inappropriate billing
comcast,customer,comcast internet offer
comcast,customer,Comcast Las Cruces New Mexico
comcast,customer,Unfair Billing Practices
comcast,customer,Comcast Stockholder Response
comcast,customer,Xfinity Cable & Internet repackage scam
comcast,customer,Constant loss of account
comcast,customer,Xfinity Slow Internet
comcast,customer,Comcast Poor Customer Service and Degraded Service
comcast,customer,Data cap
comcast,customer,Comcast Internet
comcast,customer,Billing discrepancies and misrepresentation of package prices
comcast,customer,Comcast Cancellation
comcast,customer,Comcast Data Limit
comcast,customer,Comcast Data Cap
comcast,customer,lack of service and speed
comcast,customer,Comcast in violation of merger terms
comcast,customer,online adertised price was not honored over phone
comcast,customer,"Comcast inflated and ""undetermined"", ever-increasing rates"
comcast,customer,Locals
comcast,customer,comcast fees and internet services
comcast,customer,Blocking the viewing of websites
comcast,customer,bait and switch
comcast,customer,Unfair pricing
comcast,customer,unresponsive calls to customer service regarding wifi hotspots
comcast,customer,COMCAST BILLING
comcast,customer,Comcast promised credits by superviser
comcast,customer,bait & switch
comcast,customer,Data Caps
comcast,customer,Data caps
comcast,customer,Comcast data cap
comcast,customer,cheating customer
comcast,customer,Comcast Bundled Services
comcast,customer,Xfinity unable to correct issue of losing connection
comcast,customer,Comcast
comcast,customer,Monopolistic Billing Practices
comcast,customer,300 GB monthly allowance
comcast,customer,Comcast Data Cap
comcast,customer,Internet down
comcast,customer,Comcast Data Threshold
comcast,customer,customer service
comcast,customer,customer service & price
comcast,customer,Loss of Electronics/Poor Customer Service/Faulty Grounding
comcast,customer,Ongoing Comcast internet outages.
comcast,customer,unfair Internet prices
comcast,customer,Comcast internet Dropping out
comcast,customer,Comcast Problems
comcast,customer,Overcharged for underperforming services
comcast,customer,I am being throttled by Comcast
comcast,customer,Comcast Unfair Billing Practices
comcast,customer,comcast billing shutting off service
comcast,customer,comcastcomcas
comcast,customer,comcast cable
comcast,customer,Fraudulent Billing practices by Comcast
comcast,customer,Services Interrupted
comcast,customer,Internet contract issue
comcast,customer,Comcast Billing
comcast,customer,Xfinity: Bogus modem charges
comcast,customer,n/a
comcast,customer,Comcast
comcast,customer,Poor Customer Service and Internet Availability
comcast,customer,Comcast Service
comcast,customer,internet service and phone service
comcast,customer,Xfinity
comcast,customer,Internet Speeds and Billing Errors
comcast,customer,Comcast Billing Issue
comcast,customer,Internet Throttling & Unfair Billing Practices
comcast,customer,Internet Throttling & Unfair Billing Practices
comcast,customer,Comcast False Advertising
comcast,customer,Speeds slower than advertised
comcast,customer,Increase in Price of internet
comcast,customer,Comcast
comcast,customer,Comcast internet
comcast,customer,Slowness of Internet
comcast,customer,Video Throttling
comcast,customer,Comcast/xfinity
comcast,customer,Ridiculous and inconsistent billing
comcast,customer,Comcast over inflating Data Meter Usage
comcast,customer,Comcast Billing Fraud
comcast,customer,Comcast - Incorrect Billing Issues - Has Happened on Multiple Occasions with my Account
comcast,customer,Repeated issues with Comcast billing and customer service
comcast,customer,Comcast Data cap
comcast,customer,Unfair pricing practices
comcast,customer,Comcast Customer Service
comcast,customer,Comcast Business Internet -- Not Providing Service to New Location & Will Not Terminate Contract Despite Multiple Attempts
comcast,customer,Data Caps Discourage Commerce
comcast,customer,Comcast Internet Is Atrocious
comcast,customer,Comcast
comcast,customer,Internet speed
comcast,customer,Comcast cancellation issue
comcast,customer,internet availability
comcast,customer,Comcast is giving me the ring around and charged me $130
comcast,customer,comcast over charges
comcast,customer,Comcast Internet Billing Problems/Disrespectful Customer Service Agents
comcast,customer,Bill Flucuation
comcast,customer,Comcast internet-Price keeps changing
comcast,customer,Comcast Continuous Modem Rental Charges
comcast,customer,Comcast Throttling Internet
comcast,customer,Customer Service and Billing Complaint
comcast,customer,300GB/month data cap 'trial' for several years now
comcast,customer,Comcast data usage cap
comcast,customer,Comcast Data Caps
comcast,customer,"Comcast and their ""data limit"""
comcast,customer,Comcast refuses to honor a plan that one of their sales reps offered
comcast,customer,Comcast
comcast,customer,Data Cap imposed without notice
comcast,customer,Comcast charging over $600 for data
comcast,customer,Comcast/Xfinity
comcast,customer,Comcast Business Internet
comcast,customer,Comcast 300GB data cap
comcast,customer,Comcast Charges
comcast,customer,Overcharged Internet Billing
comcast,customer,Comcast 300Gb Data Cap
comcast,customer,Comcast - Billing Practices
comcast,customer,Comcast Billing and Service Issues
comcast,customer,Intermittent poor service
comcast,customer,Inconsistent and poor internet performance
comcast,customer,Internet performance substantially below what I'm paying for for weeks
comcast,customer,Comcast endless problems
comcast,customer,Internet connection delibrately slowed down
comcast,customer,Comcast - Customer Service/Technical Service Inferiority
comcast,customer,Comcast cable outage
comcast,customer,service not disconnected as requested. overcharged and overpaid as a result.
comcast,customer,comcast service
comcast,customer,INFINITY / COMCAST
comcast,customer,Datacaps
comcast,customer,Comcast Internet Speeds
comcast,customer,Comcast - internet service complaint
comcast,customer,NO Comcast-- Uverse
comcast,customer,Horrible Service
comcast,customer,Comcast- Internet
comcast,customer,internet
comcast,customer,Wasted Time and money!
comcast,customer,billing issues
comcast,customer,Forced to pay for Home Security Services that are inactive bundled with my internet services
comcast,customer,Comcast data caps
comcast,customer,Comcast
comcast,customer,Comcast data cap limit
comcast,customer,invalid sercice
comcast,customer,invalid sercice
comcast,customer,Comcast data caps
comcast,customer,Stop the data caps of Comcast
comcast,customer,Lack of communication and poor customer service
comcast,customer,Comcast Data Cap
comcast,customer,Comcast Overpricing
comcast,customer,Comcast Rates
comcast,customer,Comcast Data Cap
comcast,customer,Comcast refuse to honor agreed upon price / promotion
comcast,customer,Comcast slowing down
comcast,customer,Unfair billing practices
comcast,customer,Poor Customer Service with Comcast
comcast,customer,Comcast has turned my business account to third-party collections when I legitimately canceled my contract per the terms
comcast,customer,"Comcast still billing, after account is closed and paid"
comcast,customer,comcast deceving upgrade without request
comcast,customer,Comcast service issues.
comcast,customer,"comcast internet, telephone, TV service"
comcast,customer,Not receiving internet and harrassing phone calls
comcast,customer,Internet service
comcast,customer,comcast complaint
comcast,customer,Comcast is terrible
comcast,customer,Comcast Internet Poor Service
comcast,customer,Charged for Cable Modem Rental that I have owned for 8 years
comcast,customer,Monthly charge for a Modem
comcast,customer,Comcast service
comcast,customer,Comcast service
comcast,customer,COMCAST
comcast,customer,exaggerated bill and Lack of responsibilities in keep appointments! Disrespect for Consumers
comcast,customer,exaggerated bill and Lack of responsibilities in keep appointments! Disrespect for Consumers
comcast,customer,Failure to connect service
comcast,customer,COMCAST WILL NOT CANCEL MY ACCOUNT
comcast,customer,Problems with Comcast xfinity Internet service
comcast,customer,"Paying for 50 Mbps from Comcast, only receiving 0.37 Mbps"
comcast,customer,Comcast internet billing
comcast,customer,Comcast Internet being slow
comcast,customer,Comcast New SignUp billing bait-and-switch
comcast,customer,Billing
comcast,customer,Lack of internet speed
comcast,customer,Comcast Poor Customer Services and Commitment
comcast,customer,new fcc internet rules slowing down system
comcast,customer,Unfair pricing
comcast,customer,Poor service from Comcast Xfinity
comcast,customer,Internet and Cable Billing
comcast,customer,Comcast
comcast,customer,Comcast charging me for items I do not want/asked for
comcast,customer,Internet throttling
comcast,customer,Comcast - new service added and incorrect charges on the first bill - hoping I would not notice
comcast,customer,"Second Complaint ""Comcast not honoring Marketing Materials"""
comcast,customer,"Comcast committing ""Bait and Switch Fraud"""
comcast,customer,Worst customer service with no resolution
comcast,customer,Comcast
comcast,customer,Comcast billing issues
comcast,customer,Paying for high speed internet and receiving low speeds
comcast,customer,Unwilling to provide a refund for charging rent on a modem
comcast,customer,Internet connectivity issues
comcast,customer,Comcast has raised my bill twice without warning
comcast,customer,"Comcast charges me for 25m connection, Get 5 down/11 up"
comcast,customer,Comcast Business not honoring signed contract
comcast,customer,Transfer of services
comcast,customer,COMCAST NIGHTMARE
comcast,customer,CHARGED ERRONEOUS FEE ON BILL
comcast,customer,i need help pleas
comcast,customer,Discriminatory tiered pricing and traffic limitations by Comcast.
comcast,customer,Comcast thieves
comcast,customer,Low internet quality
comcast,customer,False Advertisement
comcast,customer,Comcast Targeted Blocking of Content
comcast,customer,Slow Internet / Monopoly Area
comcast,customer,Data cap
comcast,customer,Data Cap 300gb
comcast,customer,Comcast Usage Limit
comcast,customer,Comcast Billing for Late Payment/Disconnect due to their error
comcast,customer,Internet Service Down
comcast,customer,spam
comcast,customer,Failure to resolve Internet outages
comcast,customer,Comcast internet service that I was NEVER able to use
comcast,customer,Comcast Account Issues/Customer Service Complaints
comcast,customer,comcast internet
comcast,customer,ads for website
comcast,customer,"Comcast is awful, lies, and is corrupt"
comcast,customer,Internet Freezing
comcast,customer,Unannouced service outage not caused by weather
comcast,customer,COMCAST DATA CAP IS BULLCRAP
comcast,customer,Receiving bill for account that was supposed to be cancelled
comcast,customer,Comcast
comcast,customer,Comcast refusing to run lines
comcast,customer,Comcast unreliable speed/ service
comcast,customer,Internet service
comcast,customer,Internet service
comcast,customer,Internet service
comcast,customer,Comcast slow speeds and lying about prices
comcast,customer,Billing Issues
comcast,customer,Unfair Comcast billing practices
comcast,customer,Comcast charging me monthly fees for equipment rental when I own the equipment
comcast,customer,"Comcast refuses to credit erroneous overcharges due to deceptive ""promotional"" rates"
comcast,customer,Comcast Data Cap
comcast,customer,"Comcast installation date of June 22, 2015"
comcast,customer,Comcast refusing to provide continued service promised/advertised in writing
comcast,customer,Required $100 deposit to open an account
comcast,customer,comcast
comcast,customer,Cap on Comcast Data
comcast,customer,Comcast Internet down since 4/25 with no resolve
comcast,customer,FALSE CHARGES & REFUSAL TO CREDIT
comcast,customer,Commercials burning data
comcast,customer,Comcast
comcast,customer,Comcast Internet Complaint
comcast,customer,Over charging for Internet
comcast,customer,Comcast Data Policy and Lies
comcast,customer,Comcast/Xfinity customer service and billing
comcast,customer,Comcast Data Cap
comcast,customer,Throttling bandwidth.
comcast,customer,Comcast billing
comcast,customer,Comcast service
comcast,customer,Comcast Data Overage Charges
comcast,customer,Dishonest Billing Practices
comcast,customer,Dishonest Billing Practices and Lying
comcast,customer,Comcast
comcast,customer,comcast lowering internet speeds on constant basis
comcast,customer,Comcast lies to the customer just to get them off the phone
comcast,customer,Internet
comcast,customer,No package/pricing information from Comcast for San Francisco
comcast,customer,Fraudulent charges and poor or no service
comcast,customer,Speed for internet nowhere close to claims
comcast,customer,Comcast took my account info
comcast,customer,"Over Billing, No reason code for excess billing, fraud - IMO"
comcast,customer,Unreliable Internet Service
comcast,customer,Comcast caught in 3 lies
comcast,customer,no bill
comcast,customer,BAIT and SWITCH Product Offerings for Internet BLAST Service
comcast,customer,Comcast Charges Modem Rental But Modem was Returned 3 Years Ago
comcast,customer,Comcast internet
comcast,customer,Comcast Bundle Availability Complaint
comcast,customer,comcast connection issues
comcast,customer,Unauthorized change in charges
comcast,customer,availabilty
comcast,customer,data allowance
comcast,customer,Comcast Billing Issues
comcast,customer,Comcast Data Usage - Deceptive Practice
comcast,customer,Comcast's Data Cap
comcast,customer,"Comcast is limiting my access to data by using ""Data Caps"""
comcast,customer,Comcast attempting to circumvent net Neutrality policies
comcast,customer,Comcast data cap
comcast,customer,Comcast Downgraded service with no notification
comcast,customer,Comcast Internet
comcast,customer,Comcast data caps in currently uncompetitive Nashville market
comcast,customer,Comcast- not responsive to multiple requests for service
comcast,customer,Comcast is stealing from me
comcast,customer,Comcast horrible service
comcast,customer,Intermittent drops of service
comcast,customer,Overage charges
comcast,customer,Comcast refund
comcast,customer,Comcast Speeds Not as Advertised
comcast,customer,comcast data cap
comcast,customer,Comcast Internet
comcast,customer,Lost Internet Service
comcast,customer,Low wifi
comcast,customer,Issue with Internet speed
comcast,customer,Comcast Internet Complaint
comcast,customer,internet problems
comcast,customer,Comcast service problems for months; charging without fixng the issue
comcast,customer,Horrible customer service; could not help me - lied to by supervisor
comcast,customer,Comcast false advertising
comcast,customer,Comcast Business internet
comcast,customer,Comcast Lied About Pricing And Installation
comcast,customer,Comcast- Unfair Pricing Tactics
comcast,customer,overcharges
comcast,customer,Comcast is a monopoly
comcast,customer,Comcast is cheating me
comcast,customer,overcharged
comcast,customer,Comcast Business Phone/Internet Contract Disagreement
comcast,customer,Unable to cancel comcast service
comcast,customer,Misleading information regarding contract leads to $200 unresolved early term fee
comcast,customer,Comcast Issues
comcast,customer,Internet Down
comcast,customer,Comcast Failure of Service
comcast,customer,Comcast Throttling my Internet Connection
comcast,customer,billing/service issues
comcast,customer,10 Days No Service - 12 Appointments Comcast Hasn't Shown Up - Comcast Has Not Fixed Home Infinity X1 - In 10 Days- Cannot Make 911 Calls
comcast,customer,Internet Outages
comcast,customer,High Speed Internet Awful
comcast,customer,"rude, nasty, customer service behavior, and a three year failure to deliver the business Internet services paid for"
comcast,customer,comcast failing still
comcast,customer,The WORST customer service team and negative outlook on customers!
comcast,customer,Comcast
comcast,customer,Comcast/Xfinity
comcast,customer,Internet problems
comcast,customer,Improper billing
comcast,customer,Internet being slowed.
comcast,customer,Spotty service Business class internet
comcast,customer,Bundled cable and internet
comcast,customer,Comcast Dishonest Marketing Scheme
comcast,customer,"Sold one service, received another"
comcast,customer,Internet Speed
comcast,customer,Home Shopping Network Emails
comcast,customer,comcast
comcast,customer,Internet speed
comcast,customer,Comcast Charging Too Much and Internet Speed Lower than Ordered
comcast,customer,Ask Comcast to fix internet connection of my home
comcast,customer,Comcast scam
comcast,customer,Comcast service and billing issue
comcast,customer,Speed throttling
comcast,customer,bill to damn high
comcast,customer,Comcast data usage cap
comcast,customer,Comcast - Internet Data Cap
comcast,customer,Comcast Service and Billing Issues
comcast,customer,Illegal Charges from Comcast
comcast,customer,Comcast
comcast,customer,"Inconsistent, low speeds that are overpriced"
comcast,customer,Bad Customer Service
comcast,customer,Unable to cancel poor internet service
comcast,customer,microsoft is limiting service
comcast,customer,Unethical Behavior: Comcast Requesting Credit Check or Deposit
comcast,customer,Unfair bundles
comcast,customer,comcast
comcast,customer,Years of packet loss and downtime
comcast,customer,Comcast run around
comcast,customer,Comcast Cablevision Florida
comcast,customer,comcast
comcast,customer,Poor Quality Service and Unauthorized Charges
comcast,customer,Comcast/Xfinity cancellation fee
comcast,customer,Comcast billing and speed.
comcast,customer,Data Cap Overages
comcast,customer,Comcast data caps are killing the internet
comcast,customer,Lied to by Comcast
comcast,customer,Data Cap in Olive Branch MS with Comcast
comcast,customer,Data Cap
comcast,customer,Comcast Internet Data Cap Segregation
comcast,customer,Inconsistent Internet Service
comcast,customer,"Comcast - Fraudulent Billing Practices, Unwilling to resolve situation"
comcast,customer,Billing and slowing of internet
comcast,customer,internet and tv problems.
comcast,customer,day 3 of Internet going down and disconnect support calls
comcast,customer,Internet Service Billing
comcast,customer,Forcing Customer to Pay an Incorrect Bill to get it Fixed
comcast,customer,Comcast Billing/Pricing Practices
comcast,customer,Comcast terrible service
comcast,customer,bait and switch services for monetary gain
comcast,customer,Comcast XFINITY Internet Performance
comcast,customer,outrageous internet bill adjustments from Comcast
comcast,customer,Comcast cable/phone/internet complaint
comcast,customer,Comcast Data Usage - Additional Fee for Internet Usage but not TV
comcast,customer,Billing Complaint
comcast,customer,comcast
comcast,customer,"Abysmal customer service, do not approve merger with Time Warner"
comcast,customer,Comcast business internet service down for 6 Days
comcast,customer,Billing
comcast,customer,Problems with Comcast
comcast,customer,Internet Billing
comcast,customer,Comcast Billing
comcast,customer,COMCAST
comcast,customer,Comcast billing
comcast,customer,Data usage limit
comcast,customer,Data Cap Limitations
comcast,customer,Comcast Service Rep Missed appointment. I missed a very important family gathering because I was waiting on the worker to show.
comcast,customer,Unfair Billing
comcast,customer,Throttle internet
comcast,customer,"Comcast Phone, Internet and TV"
comcast,customer,Erroneous charges on Comcast bill
comcast,customer,Deceptive and false contract on Business Comcast for Service Call
comcast,customer,poor service; inaccurate billing
comcast,customer,My Comcast Nightmare
comcast,customer,Comcast Internet Bait and Switch
comcast,customer,"No Service, no assistance"
comcast,customer,Comcast is a terrible service
comcast,customer,Comcast High-Speed Internet Does Not Work
comcast,customer,Comcast Billing & Customer Service
comcast,customer,Failure to Cancel Service
comcast,customer,Unable to Return Equipment
comcast,customer,Unable to Return Equipment
comcast,customer,Slow Internet Speeds
comcast,customer,Comcast keeps hiking my bill for no reason !
comcast,customer,Questionable internet slowdown
comcast,customer,comcast
comcast,customer,Advertised Internet price not honored
comcast,customer,Data Cap problems
comcast,customer,Comcast internet overage charges
comcast,customer,Surprise Data Caps from Comcast
comcast,customer,Price increase while on a fixed price plan
comcast,customer,"internet price went up, offered lower price deal with cable tv."
comcast,customer,comcast
comcast,customer,Comcast Metro Fiber
comcast,customer,Comcast
comcast,customer,Terrible Experience with Comcast
comcast,customer,promotion ended in one month
comcast,customer,Metered bandwidth with no data meter
comcast,customer,Comcast Data Cap
comcast,customer,speed
comcast,customer,Comcast ; Larger withdrawal on automatic payment than billed
comcast,customer,inability to add service
comcast,customer,No Internet service
comcast,customer,Comcast Customer Service; Theft; Inconsistency
comcast,customer,comcast
comcast,customer,Terrible Comcast experience - No end in sight
comcast,customer,Comcast/Xfinity Customer Service
comcast,customer,Comcast is blocking HBO Go in Sony platforms
comcast,customer,Bundle
comcast,customer,Comcast Blocking HBO Go from Playstation 3 and 4
comcast,customer,Cancelled Comcast Internet - Service and Billing was never cancelled
comcast,customer,Terrible Service
comcast,customer,Internet connectivity and speed
comcast,customer,Bad Internet Speeds
comcast,customer,Comcast
comcast,customer,Comcast Billing Issues
comcast,customer,Comcast refuses to recognize our same sex marriage
comcast,customer,Comcast Wifi Service
comcast,customer,terrible internet quality
comcast,customer,Comcast billing and services
comcast,customer,Unfair Billing at Comcast
comcast,customer,Comcast complaint
comcast,customer,internet service provider billing increase
comcast,customer,Was liked to about the speed and the price that was offered to me.
comcast,customer,COMCAST
comcast,customer,Stop The CAP
comcast,customer,Comcast quoted one price then billed another
comcast,customer,Poor internet quality
comcast,customer,Comcast Terrible Experience with no resolution
comcast,customer,Comcast Terrible Experience with no resolution
comcast,customer,Comcast Throttling Connection Speeds
comcast,customer,Comcast
comcast,customer,COMCAST FRAUDULENT BILLING & CHARGES
comcast,customer,Unfair pricing
comcast,customer,Comcast's Unfair Billing and Pricing Practices
comcast,customer,Slowed Internet Speeds
comcast,customer,Comcast -- Throttling Connection
comcast,customer,"No internet, phone or cable service"
comcast,customer,Comcast bundling of internet and tv services and deceptive sales practices
comcast,customer,Comcast price inflation
comcast,customer,Comcast
comcast,customer,Comcast
comcast,customer,Slow internet speeds
comcast,customer,bill payment
comcast,customer,Comcast service
comcast,customer,comcast is not providing service for bad internet
comcast,customer,billing/service issues
comcast,customer,comcast billing increase
comcast,customer,Charging for service with out fixing the problem
comcast,customer,I DO NOT HAVE INTERNET AND WORK FROM HOME
comcast,customer,Terrible customer service from Comcast
comcast,customer,internet not working
comcast,customer,"expensive service, capped"
comcast,customer,Comcast email service
comcast,customer,Comcast deceptive billing practices
comcast,customer,Broadband Internet Service
comcast,customer,Comcast blocks HBOGO from Sony PS4 and PS3 devices
comcast,customer,Communication problem
comcast,customer,Comcast - Unfair billing policies
comcast,customer,Bundle Bull S.
comcast,customer,Unwarranted Charges by Comcast for Internet
comcast,customer,"Outage of Internet service 5/19/2015, and attitude of Cust Svc rep"
comcast,customer,No Internet Service
comcast,customer,Comcast mislead me and cost my business
comcast,customer,Comcast
comcast,customer,Comcast billing
comcast,customer,COMCAST MISSES 4 APPOINTMENTS
comcast,customer,Internet and Phone Service
comcast,customer,Comcast Billing Service
comcast,customer,Comcast's Deceptive Billing
comcast,customer,Comcast Internet
comcast,customer,Comcast Internet Data Cap
comcast,customer,comcast blocking HBO content for streaming.
comcast,customer,Billing Issue
comcast,customer,Comcast has a monopoly on our internet
comcast,customer,Bait and Switch again
comcast,customer,Comcast Deceptive Business Class Billing
comcast,customer,Billing
comcast,customer,internet/cable service
comcast,customer,"Comcast theft, lying, horrible service and deception"
comcast,customer,invalid sercvice charge
comcast,customer,Comcast Billing Complaint
comcast,customer,Comcast/Xfinity Blast Internet
comcast,customer,Comcast
comcast,customer,Comcast Bandwidth Availability
comcast,customer,Data limit with Comcast
comcast,customer,excessive billing
comcast,customer,Unable to get Comcast to provide me with broadband
comcast,customer,loss connection internet many time in a day.
comcast,customer,No way to see when promotions end
comcast,customer,Comcast not connecting me to cancel service and raising prices unfairly
comcast,customer,Comcast - I've been paying for unnecessary speeds when they knew and I did not
comcast,customer,Comcast
comcast,customer,internet bill increase
comcast,customer,Comcast bait and switch
comcast,customer,comcast
comcast,customer,Comcast Shut-off Notice -Internet/TV
comcast,customer,Cable Splitter without Consent from customer
comcast,customer,E-mail
comcast,customer,Comcast complaint
comcast,customer,"service, billing"
comcast,customer,Comcast overcharges for internet charges
comcast,customer,Comcast
comcast,customer,Comcast DATA Caps
comcast,customer,Comcast Data usage caps
comcast,customer,Data caps and monthly fees
comcast,customer,"Comcast Monopoly in Calvert County, Maryland"
comcast,customer,Comcast Speed
comcast,customer,Comcast Internet Billing
comcast,customer,Comcast Corporation
comcast,customer,comcast
comcast,customer,Comcast/Xfinity Customer Service
comcast,customer,Intermittent Expensive Connection
comcast,customer,Slower internet speeds than what i was promised for my pay.
comcast,customer,"Internet connectivity loss, over 1000ms latency, under 1Mbps speeds"
comcast,customer,Comcast Throttling
comcast,customer,Comcast data caps are an end-run around Net Neutrality
comcast,customer,Comcast Internet Disconnection
comcast,customer,Non working service
comcast,customer,internet pricing /competition
comcast,customer,Comcast Conplaints
comcast,customer,comcast throttling PlayStation.and blocking hbo go
comcast,customer,Comcast/ Xfinity unethical business practice
comcast,customer,Comcast blocking HBO Go on Playstation systems
comcast,customer,Comcast is a downright awful service provider.
comcast,customer,Comcast screwed me
comcast,customer,"Comcast speed not matching, blocked phone number"
comcast,customer,Comcast
comcast,customer,tInternet Service Provider Complaint
comcast,customer,High Speed internet
comcast,customer,Complaint about Comcast's Hidden Fees and Unauthorized Charges
comcast,customer,Issues with service and payments
comcast,customer,Comcast Billing dispute - Wireless service
comcast,customer,Comcast Service Inadequacies
comcast,customer,Internet Speed
comcast,customer,internet/tv bundle service
comcast,customer,Comcast Set Up
comcast,customer,Unacceptable Business Internet Service from Comcast
comcast,customer,Poor Speed and Reliability
comcast,customer,"Possible Speed Throttling: Comcast Xfinity Richmond, VA"
comcast,customer,Comcast Speed Throttling and more
comcast,customer,Comcast ending promotion and contract early. Directing customer to resolve disputes in person at their office.
comcast,customer,Shady Internet Billing Practices from Comcast
comcast,customer,Comcast Internet
comcast,customer,about comcast
comcast,customer,About Comcast
comcast,customer,Comcast Data Cap
comcast,customer,INTERNET SERVICE IS DOWN FOR THREE WEEKS NOW.
comcast,customer,HBO Go on PS3
comcast,customer,Unfair Charges
comcast,customer,Data Cap on Internet Downloads?
comcast,customer,Comcast speed
comcast,customer,Comcast has been over charging us.
comcast,customer,Billing issues
comcast,customer,Comcast internet service
comcast,customer,Comcast Billing and Service Issues
comcast,customer,internet and customer service problem with Comcast
comcast,customer,Lack of consistent service
comcast,customer,interne speed
comcast,customer,Comcast
comcast,customer,Comcast ordered services that we never agreed to
comcast,customer,Billing Dispute
comcast,customer,Comcast.net
comcast,customer,Comcast Taking almost 9 Days to solve My Internet issue
comcast,customer,failure to provide imstallation . Rockville Maryland 20852
comcast,customer,Internet slow
comcast,customer,Predatory billing by Comcast
comcast,customer,Comcast Xfinity barely ever works and speed sucks
comcast,customer,Email transfer/ problems
comcast,customer,cramming charges on my phone/internet bill
comcast,customer,Throttled Internet Speeds
comcast,customer,Comcast billing problem
comcast,customer,Comcast Over Charges with No Notification
comcast,customer,Internet Availability
comcast,customer,Comcast Internet usage caps
comcast,customer,Comcast Service and Billing Issues
comcast,customer,Internet Outages
comcast,customer,Comcast Internet - Horrible Customer Service
comcast,customer,Comcast's customer service is awful
comcast,customer,Manipulative billing issue
comcast,customer,Comcast Advertised Wifi Internet speed not provided False Advertisment
comcast,customer,Comcast's Internet is Slower Than What I Pay For
comcast,customer,Bad Practices
comcast,customer,Over billing Comcast
comcast,customer,refusal to rectify
comcast,customer,Comcast
comcast,customer,Cable availability
comcast,customer,Data usage with Comcast
comcast,customer,Billing Dispute
comcast,customer,re complain against comcast email and telephone for home service
comcast,customer,False Service
comcast,customer,Misinformed Over and Over Again
comcast,customer,Comcast/Xfinity
comcast,customer,Comcast blocking HBOGO on Playstation 4 Consoles
comcast,customer,Comcast Internet Online Streaming
comcast,customer,False Information Given Just To Get Me Set Up Service
comcast,customer,Comcast speed throttling internet
comcast,customer,Possible throttle
comcast,customer,throttling and disconnections
comcast,customer,Internet offer rescinded
comcast,customer,Internet Throttling
comcast,customer,Comcast
comcast,customer,comcast are crooks
comcast,customer,Comcast price increase not in line with advertisement
comcast,customer,Comcast internet service
comcast,customer,intermittant phone and internet
comcast,customer,Comcast ETF charge
comcast,customer,Being charged for a technician fee
comcast,customer,Comcast Internet Service
comcast,customer,availabilty
comcast,customer,Internet
comcast,customer,Unauthorized 2-Year Contract With Comcast
comcast,customer,Unwanted Email with no opt out options
comcast,customer,Waive the Reoccuring charges
comcast,customer,Difficulty with internet speeds
comcast,customer,Comcast move
comcast,customer,Monopolistic Billing
comcast,customer,Uncompetitive pricing of Comcast Internet services
comcast,customer,Comcast forced me into a contract
comcast,customer,Comcast
comcast,customer,Repeated installation issue with Comcast Internet service
comcast,customer,Ecobill discount
comcast,customer,Horrible customer service from Comcast
comcast,customer,Comcast Internet
comcast,customer,Comcast
comcast,customer,Comcast/Xfinity: Poor internet connection speed and poor customer service
comcast,customer,I pay for 25Mbps internet but get less than 3Mbps
comcast,customer,Comcast - Billing for service that they cannot provide
comcast,customer,Comcast Illegally Introduces Service Fees Without Notice or Customer Consent
comcast,customer,Comcast changed my package and wants me to pay more
comcast,customer,Comcast throttling or otherwise under-delivering internet service.
comcast,customer,Comcast refuses to lower my bill to prevoius agreement
comcast,customer,Billing and deceitful practices by Comcast
comcast,customer,Unfair Billing Practices engaged by Comcast/XFinity
comcast,customer,"Comcast overcharging, despite regular calls and agreed upon price"
comcast,customer,Unclear Quoted Speeds and Prices
comcast,customer,Comcast billing practices
comcast,customer,Internet Issues With Comcast
comcast,customer,Internet speed
comcast,customer,Awful Internet
comcast,customer,Being charged incorrect price
comcast,customer,False billing
comcast,customer,Postal Mail Ticket -
comcast,customer,Comcast Xfinity Charges Consumer for Troubleshooting/Fixing its Own Problems
comcast,customer,recent hacking of email account
comcast,customer,Comcast Billing
comcast,customer,Internet service termination
comcast,customer,Unnecessary charge by Comcast for technician visit
comcast,customer,"RACIST CUSTOMER SERVICE FROM MANAGER SONIA AND EMPLOYEE ADRIANA COMCAST LOCATION ""999 Edgewater Blvd, Foster City, CA 94404"""
comcast,customer,Fraudulent use of credit card and credit card information
comcast,customer,Reporting Comcast's Various Problems
comcast,customer,Comcast Billing Complaint
comcast,customer,Postal Mail Ticket
comcast,customer,Double billing
comcast,customer,Refund issues
comcast,customer,Price Increase
comcast,customer,Comcast Unfair Product Bundling
comcast,customer,Comcast not refunding deposit for cancelled Internet
comcast,customer,Comcast artificially inflating prices of Internet only services
comcast,customer,Extremely slow internet and no aid from Comcast
comcast,customer,Throttling/drastic reduction of speeds
comcast,customer,Comcast FRAUD
comcast,customer,Comcast forces rep visit then goes back on their promise
comcast,customer,COMCAST DENIES PROVIDING OFFERED SERVICE
comcast,customer,Cable internet unavailable
comcast,customer,unfair pricing and raising of pricing and charging without permission
comcast,customer,Concern about Comcast Internet Modem Billing Practices
comcast,customer,Unfair fees?
comcast,customer,Slow Internet speed
comcast,customer,Comcast changes bill prices without my consent
comcast,customer,false claims of internet speed tier
comcast,customer,"Poor Interent Connection-equipment failure, slow speed"
comcast,customer,Comcast False & Misleading sale practice
comcast,customer,misleading sales practice and advertising
comcast,customer,"Comcast sold me a ""package"" knowing it wouldn't work for me, and proceeded to charge me more and attempt to tack on fees for their mistake"
comcast,customer,Comcast bill way too high for such slow speeds
comcast,customer,Comcast blocking HBO GO access on Playstation 4
comcast,customer,"Comcast Xfinity Data Cap in Atlanta, GA"
comcast,customer,Comcast Data Caps
comcast,customer,Comcast ignores my requests to cancel a service and instead added product to my bill and increased the monthly cost.
comcast,customer,Being Charged for High Speed Internet and Services are not Rendered
comcast,customer,Internet unreliable
comcast,customer,Price of Internet service
comcast,customer,closed account
comcast,customer,Comcast inflated internet pricing
comcast,customer,Expensive Internet Service for average speed
comcast,customer,Comcast pricing practices
comcast,customer,Pricing and lies
comcast,customer,Charge for service they won't deliver
comcast,customer,"Comcast throttles Santa Cruz CA to 30Mbits, claims we get 50Mbits"
comcast,customer,"Comcast Misrepresenting Speeds in Santa Cruz, CA"
comcast,customer,Comcast wrong advertised speeds
comcast,customer,Misrepresented Internet Speed
comcast,customer,Being charged for internet speeds that equipment can not deliver
comcast,customer,Huge number of lies from Comcast
comcast,customer,Comcast Internet and TV
comcast,customer,Poor internet reception
comcast,customer,Overcharging and shitty service
comcast,customer,Comcast bait and switch
comcast,customer,Comcast Issues
comcast,customer,Throttled connection at peak time
comcast,customer,Comcast
comcast,customer,Price manipulation
comcast,customer,charges for internet service are bogus
comcast,customer,EXTREMELY slow Comcast Internet Connection.Have tried to have fixed but no one comes
comcast,customer,Data Overages
comcast,customer,Internet service disconnected accidentally by Comcast personnel. Poor service.
comcast,customer,Intenet Advertised rate versus customer service phone quote with Comcast XFINITY
comcast,customer,Comcast
comcast,customer,Customer Service & Billing
comcast,customer,Service issues
comcast,customer,Billing & Customer Service Issues
comcast,customer,Outrageous billing costs and Data caps
comcast,customer,Falsifying Plan Rates and Charges
comcast,customer,comcast data cap
comcast,customer,Bait and switch service
comcast,customer,Unable to change my service
comcast,customer,Comcast bill and service disclosure
comcast,customer,Comcast harassment
comcast,customer,Complaint regarding billing practices
comcast,customer,Complaint against Comcast for provisioning of Internet Service ar Residential Address
comcast,customer,Install Gone Bad
comcast,customer,Comcast's unfair pricing
comcast,customer,needed tech suport
comcast,customer,Speed Misrepresentation
comcast,customer,Fraudulent advertising
comcast,customer,Deceptive sales practices
comcast,customer,Comcast Trespassing
comcast,customer,Internet issues and Customer Service issues
comcast,customer,Complaints against Comcat
comcast,customer,charge for equipment from comcast i was not made aware when i ordered it
comcast,customer,XFINITY is charging me more money for my account than what it should be
comcast,customer,Comcast
comcast,customer,Failure of service from Comcast
comcast,customer,Failure of service from Comcast
comcast,customer,Comcast.
comcast,customer,Internet speeds less than what we are paying for after canceling cable tv service
comcast,customer,ComCast continues to bill me though I canceled months ago
comcast,customer,Billing & Internet Service Issues with Comcast in Seattle WA
comcast,customer,Comcast repeatedly failing to install Internet service
comcast,customer,Slow Internet Speed
comcast,customer,Comcast's egregious billing techniques
comcast,customer,Comcast's unfair billing practices
comcast,customer,Slow Internet
comcast,customer,"slow routing, dropped packets"
comcast,customer,Comcast Re-Escalation of Case # ESL01877347 - ORR
comcast,customer,Comcast No Show's
comcast,customer,Fraudulent Billing
comcast,customer,Internet Connectivity
comcast,customer,Data Usage Meter
comcast,customer,Comcast Data Usage Meter
comcast,customer,Comcast/Xfinity Internet Data Cap
comcast,customer,"threat of shutting off service of phone,internet and TV"
comcast,customer,Comcast Data usage plan limit
comcast,customer,BAD SERVICE/ PLEASE HELP
comcast,customer,Improper modems
comcast,customer,Comcast blocking HBO GO on Playstation
comcast,customer,Comcast run around
comcast,customer,Multiple Unauthorized and Unwarranted Credit Checks
comcast,customer,Comcast Cable Billing Fraud
comcast,customer,Comcast billing past disconnection time
comcast,customer,Comcast will not allow me to cancel my internet service.
comcast,customer,DSL
comcast,customer,Contract
comcast,customer,Comcast over charging
comcast,customer,Access issues have returned
comcast,customer,Comcast Internet Service
comcast,customer,email sdervice
comcast,customer,Complaint against Comcast
comcast,customer,Internet Speed
comcast,customer,Comcast Internet Complaint
comcast,customer,Comcast service agreement
comcast,customer,Comcast Service
comcast,customer,Comcast 300GB CAP
comcast,customer,Internet Essentials
comcast,customer,Cap complaints
comcast,customer,Comcast Data Caps
comcast,customer,continue to be scared by comcast
comcast,customer,Price Plans
comcast,customer,Complaint against Comcast Corporation
comcast,customer,Pricing discrimination/ monopolistic behavior in an oligopolistic market
comcast,customer,Internet much slower than advertised
comcast,customer,Cheating in Bundle Service Pricing
comcast,customer,Deceptive Business Practices by Comcast
comcast,customer,comcast
comcast,customer,Comcast Monopoly and Abuse
comcast,customer,Comcast Billing
comcast,customer,Billing
comcast,customer,Comcast billing and account issues
comcast,customer,Comcast Rate
comcast,customer,Comcast Service and Customer Service
comcast,customer,Comcast data cap
comcast,customer,Comcast Internet Service
comcast,customer,FCC.gov website for complaints
comcast,customer,Comcast Billing Complaint
comcast,customer,Denial of service
comcast,customer,"Internet Help @ , South Lyon, MI 48178"
comcast,customer,"Internet help @ , South Lyon, MI 48178"
comcast,customer,very low wireless speed not working well
comcast,customer,internet service from comcast
comcast,customer,Comcast
comcast,customer,Data Usage Cap
comcast,customer,Charged for data not actually used
comcast,customer,Charged for data not actually used
comcast,customer,Data overage charges
comcast,customer,Poor internet
comcast,customer,Speed
comcast,customer,billing issues
comcast,customer,"Fraudulent billing, erroneous billing, overbilling"
comcast,customer,xfinity customer service
comcast,customer,Internet price
comcast,customer,Comcast throttling my high-speed internet
comcast,customer,Slow internet / Over Charged Billing
comcast,customer,No internet available since a comcast techinitian did an intervention to change plans
comcast,customer,Comcast Xfinity Monopoly Abuses
comcast,customer,Comcast Billing Support and Practices
comcast,customer,Extremely Poor Customer Service
comcast,customer,Interrnet Service
comcast,customer,Comcast
comcast,customer,Comcast Cable and Internet
comcast,customer,Comcast
comcast,customer,Comcast
comcast,customer,Comcast accourt
comcast,customer,availabilty
comcast,customer,Comcast Internet Services
comcast,customer,Unfair billing practices by Comcast Xfinity
comcast,customer,Unfair Billing Practices
comcast,customer,Incorrect Billing of NON-RENTED Equipment
comcast,customer,paying for hi speed internet 105 mbps
comcast,customer,"Comcast Internet, being charged full price for partial service"
comcast,customer,Poor Quality Service and Broken Promises
comcast,customer,Monthly Rate Confusion & Poor Customer Support
comcast,customer,billing complaint - Comcast digital phone/internet service
comcast,customer,Comcast Internet Service
comcast,customer,Cant cancel internet on Sundays?
comcast,customer,Internet Speeds
comcast,customer,Comcast - HBO - PS3
comcast,customer,Over Charged for Service Never Received
comcast,customer,Comcast
comcast,customer,Billing Issues
comcast,customer,Internet speeds not as advertised. Bandwith not available as advertised
comcast,customer,Comcast Xfinity Deceptive Billing Practices
comcast,customer,Xfiniti account
comcast,customer,Excessive early termination fees due immediately after 10+ years of service
comcast,customer,Comcast Complaint
comcast,customer,"Comcast Forcing me to purchase cable tv, only want internet"
comcast,customer,installed on 4/26 still not working
comcast,customer,Comcast / Xfinity Billing Issue
comcast,customer,Xfinity security system
comcast,customer,Billing Overcharging Issues By Comcast
comcast,customer,Internet Speed Cut in Half with no Notification
comcast,customer,internet access
comcast,customer,Data Caps
comcast,customer,Comcast Data Cap
comcast,customer,Complaint
comcast,customer,Bad interner speeds and access
comcast,customer,Billing practices
comcast,customer,Fraud
comcast,customer,billing
comcast,customer,No email service from Comcast
comcast,customer,Service Quality
comcast,customer,No internet service
comcast,customer,COMPLAINT ABOUT COMCAST/XFinity
comcast,customer,Comcast- Unfair Pricing
comcast,customer,high speed internet access
comcast,customer,Internet being throttled
comcast,customer,no internet service for more than 20 days
comcast,customer,Paying for service for 12 months without recieving the service
comcast,customer,Internet Outage
comcast,customer,Comcast data cap
comcast,customer,Continuous Internet problems.
comcast,customer,Billing - Comcast
comcast,customer,Comcast refusing to fix connectivity issues
comcast,customer,Comcast charged me higher than quoted on the phone
comcast,customer,Misleading and deceptive sale of Internet service
comcast,customer,Comcast Refund and discontinue Service billing
comcast,customer,Comcast service and pricing
comcast,customer,Billed for services not ordered or recieved
comcast,customer,Xfinity/Comcast throttles bandwidth way below contract level
comcast,customer,Comcast Data Usage Limit in Atlanta
comcast,customer,comcast data caps
comcast,customer,COMCAST INTERNET
comcast,customer,Recent fines to AT&T and possibly.
comcast,customer,Predatory Monopolistic Pricing
comcast,customer,Outrageous Comcast charges
comcast,customer,Price fixing and monopolistic behaivor
comcast,customer,Customer service
comcast,customer,bills/identity
comcast,customer,"I pay for 50 mbps, get 10 at best"
comcast,customer,Poor service from Xfinity
comcast,customer,Comcast Practices/ billing
comcast,customer,Comcast cable
comcast,customer,Complaint regarding Comcast
comcast,customer,Intermittent internet
comcast,customer,unreliable connection
comcast,customer,unreliable connection
comcast,customer,Comcast is awful
comcast,customer,Comcast Billing
comcast,customer,Tallahassee Comcast rates high without competition
comcast,customer,60 day delay in cancelling service agreement
comcast,customer,Unfair Billing Practices
comcast,customer,Internet Speed
comcast,customer,Comcast Internet Issue
comcast,customer,Xfinity Issues
comcast,customer,Back to back bill
comcast,customer,"loss of signal SEVERAL times a day, VERY slow connectivity very often, Several issues with television also not just internet"
comcast,customer,Poor service/paying for unusable services
comcast,customer,Scam concerning Ham License register book.
comcast,customer,Comcast bill doubled without notice
comcast,customer,Comcast Complaint
comcast,customer,"Comcast bars HBOGo from streaming to purchased device of my choosing, PS4"
comcast,customer,internet services
comcast,customer,Comcast charges in violation of contract
comcast,customer,Someone at Comcast added services without me knowing
comcast,customer,Comcast won't pay me my refund
comcast,customer,Data caps for broadband internet
comcast,customer,Comcast had said I had a credit but then issued a regular bill
comcast,customer,Comcast
comcast,customer,why am I paying for this ?
comcast,customer,Comcast service complaint
comcast,customer,Complaint about Comcast
comcast,customer,Comcast complaint
comcast,customer,Comcast is inaccurately measuring bandwidth consumption.
comcast,customer,Data capping and lack of options in Tucson AZ
comcast,customer,Poor Internet Service
comcast,customer,comcast is changing my paper bill to ecobill without my consent
comcast,customer,"Internet ""Overage"" Charges"
comcast,customer,Improper Billing/Services
comcast,customer,Data Caps
comcast,customer,Data Caps
comcast,customer,"Comcast ""Unlimited"" Internet Access recently limited to 300GB per month"
comcast,customer,Deceptive Advertising
comcast,customer,Comcast data cap/meter
comcast,customer,Data Cap
comcast,customer,Comcast Data Meter/Cap
comcast,customer,Comcast service and billing
comcast,customer,Data Limits
comcast,customer,Tucson Comcast Data Caps on Internet Service
comcast,customer,Data Cap
comcast,customer,Home Internet Data Caps
comcast,customer,Comcast falsely claims service is provided in neighborhood
comcast,customer,Data usage cap with Comcast Xfinity
comcast,customer,Comcast monopoly
comcast,customer,Comcast Data Usage Plan Trial
comcast,customer,Comcast slowing internet speeds intentionally
comcast,customer,Xfinity Data Caps
comcast,customer,Comcast Data Caps and Throttling
comcast,customer,Increased monthly fee on 3 year contract
comcast,customer,installation fee
comcast,customer,Comcast issues don't get resolved
comcast,customer,Data Cap
comcast,customer,shitty comcast
comcast,customer,shitty comcast service
comcast,customer,Terrible pricing for only one viable option
comcast,customer,Unfair Billing Practice and Services
comcast,customer,Pay 2500 for cable line
comcast,customer,Inability to get service transferred
comcast,customer,Poor Service or no Service
comcast,customer,access to service
comcast,customer,Speed consistently 1/25 of speed paid for
comcast,customer,Comcast Throttling Internet
comcast,customer,Slow Internet
comcast,customer,Comcast internet service
comcast,customer,Incorrect billing
comcast,customer,comcast xfinity
comcast,customer,Comcast Fraudulent Charges
comcast,customer,Re: Unfair Billing Practices Complaints against Comcast
comcast,customer,My Comcast Bill for Internet/Cable/Phone service
comcast,customer,Monopolist power of Comcast in my service area
comcast,customer,Comcast/Xfinity Communication
comcast,customer,No Internet
comcast,customer,"Comcast-Non existent customer service, terrible internet connection"
comcast,customer,Slow download and upload speeds
comcast,customer,Repeatedly have been promised installations without anyone arriving or notifying
comcast,customer,Comcast Internet
comcast,customer,Internet Speeds are Wacko
comcast,customer,Unresolved Comcast fraudulent billing
comcast,customer,comcast internet service
comcast,customer,comcast email acess
comcast,customer,Internet service loses signal
comcast,customer,Comcast Bill
comcast,customer,"Horrible Customer Service, Bad Service"
comcast,customer,Comcast
comcast,customer,Inexplicable Disconnection & Subsequent Mishandling
comcast,customer,Comcast: Billing issue
comcast,customer,Comcast Internet Service
comcast,customer,Billing Complaint
comcast,customer,Credit on Bill and Change of Service Request
comcast,customer,Internet speed
comcast,customer,False sales offers
comcast,customer,Incorrect Disclosure
comcast,customer,Paying for 50MB/s and getting 26MB/s
comcast,customer,Comcast misleading HSI customers
comcast,customer,Throttling of Comcast internet services
comcast,customer,Billing
comcast,customer,Unfair and Monopolistic Billing Practices
comcast,customer,Comcast/Xfinity
comcast,customer,Comcast Internet
comcast,customer,Broadband internet malfeasance by Comcast
comcast,customer,"Comcast speeds as low as 12 MB/s, paying for 105 MB/s and they wont figure it out."
comcast,customer,Lack of ISP choice
comcast,customer,FAILURE TO PROVIDE SERVICE WHILE STILL BILLING
comcast,customer,Slow Internet speeds
comcast,customer,Monopolies mean high prices and mediocre service
comcast,customer,Internet Speed
comcast,customer,Complaint . No resolution. Please help. Thank you.
comcast,customer,Comcast is charging consumer too much
comcast,customer,Comcast slowing down Netflix
comcast,customer,Comcast Excessive Charge When Cancelling Service
comcast,customer,Fradulent Services
comcast,customer,Comcast refusal of service
comcast,customer,Cyber Tele-marketing is my complaint!
comcast,customer,Comcast asking for interstructure fee
comcast,customer,"Deceptive trade practices, false advertising and bait and switch"
comcast,customer,Billing issues
comcast,customer,Failure to show for an appointment and lying
comcast,customer,over sold/ over billed for short term services
comcast,customer,Misrepresentation of Internet Speed
comcast,customer,Comcast Home Security System
comcast,customer,comcast transfer of service complaint
comcast,customer,I HAVE BEEN ASKING TO SPEAK WITH A SUPERVISOR EVERY DAY FOR THE LAST FIVE WEEKS
comcast,customer,"Comcast is giving out wrong information, accusing people and increasing equipment prices, when contract says price will stay the same for 2 years"
comcast,customer,unauthorized charges to my account by comcast
comcast,customer,Comcast charge my own router as unreturned equipment
comcast,customer,Internet Uasge/Overage
comcast,customer,Egregious Fees
comcast,customer,"CRAMMING, False Internet Promotion, SPEED complaint"
comcast,customer,Comcast Data Cap Overage Fees
comcast,customer,Comcast committing extortion
comcast,customer,Comcast
comcast,customer,overbilled
comcast,customer,Comcast Business Internet
comcast,customer,"Monthly bill increased, service decreased"
comcast,customer,Promised Speeds
comcast,customer,Comcast
comcast,customer,Data caps for cable ISP;s
comcast,customer,Comcast
comcast,customer,Youtube being throttled?
comcast,customer,Comcast Xfinity
comcast,customer,Internet speed
comcast,customer,Comcast will not help us please help
comcast,customer,Comcast Failing to Show up to scheduled appointment
comcast,customer,Comcast sales people not reflect what they said in the bill.
comcast,customer,Slow internet service
comcast,customer,internet provider
comcast,customer,slow internet
comcast,customer,Comcast
comcast,customer,Comcast cramming
comcast,customer,over payment
comcast,customer,Xfinity/Comcast Cable
comcast,customer,Throttling Internet
comcast,customer,Billing continues for 2 months after terminating service
comcast,customer,data usage caps
comcast,customer,Comcast charges
comcast,customer,comcast xfinity internet service.
comcast,customer,Comcast
comcast,customer,monopolistic billing practices
comcast,customer,Comcast Outage
comcast,customer,Unfair Pricing
comcast,customer,Unreasonable billing
comcast,customer,"Xfinity corporate bullying, breach of contract"
comcast,customer,I am so fed up with Comcast
comcast,customer,Terrible internet service from Comcast
comcast,customer,Comcast cramming services I didn't ask for to raise my bill
comcast,customer,Comcast over charge
comcast,customer,charged for no seevice
comcast,customer,Comcast Xfintity Internet Data Caps
comcast,customer,Miss Represented and over charged now
comcast,customer,comcst data cap
comcast,customer,Inconsistent and Intermittent Internet Connectivity
comcast,customer,Comcast will not refund or reimburse significant overcharges they admit to
comcast,customer,Lied to about install costs
comcast,customer,Issues with Comcast billing and equipment
comcast,customer,Comcast Internet
comcast,customer,comcast cap
comcast,customer,False Advertising/Bait and switch
comcast,customer,"comcast customer service, and billing issues"
comcast,customer,Comcast
comcast,customer,Internet Services
comcast,customer,i had sent out a check payment comcast
comcast,customer,Comcast Internet Service quality
comcast,customer,Comcast unfair pricing
comcast,customer,High Internet & Cable Bill
comcast,customer,problems with internet service
comcast,customer,"Speed throttling, speeds not at promised output"
comcast,customer,Service Availability
comcast,customer,Comcast Monthly Billing for Returned Modem
comcast,customer,complaint about comcast
comcast,customer,Extremely unsatisfied Comcast customer
comcast,customer,"Comcast, Ypsilanti MI Internet Speed"
