photo_id,photo_image_url,photo_width,photo_height,photo_aspect_ratio,photo_submitted_at,photo_location_country,stats_views,stats_downloads
CtNZVGWiFsY,https://images.unsplash.com/photo-1444673546596-588d8e662c07,2560,1920,1.33,2015-10-12 18:13:35.520144,,2621284,14498
m6NqdV_sYfs,https://images.unsplash.com/photo-1568323993228-2e26982287a0,3200,4800,0.67,2019-09-12 21:39:52.083428,Jordan,6940305,10820
fDk6Hl77W9I,https://images.unsplash.com/photo-1568036937390-8524419b899f,8688,5792,1.5,2019-09-09 13:49:20.778562,,152993,1568
IOUC-H92gKQ,https://images.unsplash.com/photo-1585725823828-35ebd8f07fce,6000,4000,1.5,2020-04-01 07:39:27.967815,,770167,3071
2vDWKa2T1Y0,https://images.unsplash.com/photo-1445862186072-071ba760adb2,3648,5472,0.67,2015-10-26 12:31:37.771069,,65310,1216
4QWR5geRC9I,https://images.unsplash.com/photo-1475094101105-3f300a76f60c,4912,3264,1.5,2016-09-28 20:22:34.421516,United Kingdom,2675848,11807
mRW6Wsz0iE8,https://images.unsplash.com/photo-1587497897222-1d4dbf8634d9,4000,5000,0.8,2020-04-21 19:50:46.717217,Italien,1052848,5101
1uVCTVSn-2o,https://images.unsplash.com/photo-1556388275-bb5585725aca,5184,3456,1.5,2019-04-27 18:05:23.710383,,11295219,298262
-Lyh8tpyj7U,https://images.unsplash.com/photo-1579033474296-02917e9227f7,2442,3793,0.64,2020-01-14 20:24:53.62119,西班牙,765281,2309
ad91jz_dFpc,https://images.unsplash.com/photo-1553874106-c2bbb05c35d5,4024,6048,0.67,2019-03-29 15:42:11.409319,,1170838,2502
xu4M63Jc3CU,https://images.unsplash.com/photo-1558987830-b9fc9f156565,6000,4000,1.5,2019-05-27 20:12:20.15518,,761312,3483
YpqqApYeB9E,https://images.unsplash.com/photo-1590698763144-af7fa49b14c3,6000,4000,1.5,2020-05-28 20:46:13.112632,,419106,4897
ydTHYnRtaGA,https://images.unsplash.com/photo-1577022833392-df19c303a429,3648,5472,0.67,2019-12-22 13:54:10.173839,Schweiz,682035,2018
ADqQOnZv4cA,https://images.unsplash.com/photo-1551586967-4e6cff656c4c,5020,3347,1.5,2019-03-03 04:22:52.468209,,274966,2796
bQQ_e7O84po,https://images.unsplash.com/photo-1550053868-2b58c9b7f166,7952,5304,1.5,2019-02-13 10:38:57.186095,,414464,2223
fB2jl6Rb3l4,https://images.unsplash.com/photo-1564731071754-001b53a902fb,4000,2668,1.5,2019-08-02 07:35:18.298414,,4586948,38034
SDi1hBdoHe8,https://images.unsplash.com/photo-1418946188801-4dbceebd6b84,6000,3376,1.78,2014-12-18 23:43:18.939166,,2301839,10969
FB-RZVCjTVQ,https://images.unsplash.com/photo-1586683728252-8189330d7816,4107,6160,0.67,2020-04-12 09:48:41.82056,,873896,5027
fY1CpT_Ut7k,https://images.unsplash.com/photo-1557073034-afbd3019713b,3129,4172,0.75,2019-05-05 16:23:40.102473,,340752,1172
FCqMgRuB4D4,https://images.unsplash.com/photo-1559296582-8bfa1d8818c2,4000,6000,0.67,2019-05-31 09:57:02.745263,,1153099,6400
mxaZ98ZYuIs,https://images.unsplash.com/photo-1422493567187-657e311ee1a4,2880,1647,1.75,2015-01-29 01:08:35.05741,New Caledonia,3876177,18153
ie8giTVBVxE,https://images.unsplash.com/photo-1456428460373-c1958eee6f03,4032,2268,1.78,2016-02-25 19:28:11.809963,United States,11937700,20968
LCTm9Q6Woo8,https://images.unsplash.com/photo-1571141774109-50d7add74129,3264,4928,0.66,2019-10-15 12:16:33.461415,,117563,987
aHPMqdOQfnY,https://images.unsplash.com/photo-1592146597890-6584b8117c12,4480,6720,0.67,2020-06-14 14:56:59.673106,Германия,1410398,4827
frzHLsysu5s,https://images.unsplash.com/photo-1590005258215-5c94fea498ed,2989,2989,1.0,2020-05-20 20:10:22.086065,Brazil,1008728,4674
jd8Df6JZkEM,https://images.unsplash.com/photo-1575315599174-f0c6d26625eb,5282,3643,1.45,2019-12-02 20:10:25.60625,,1499649,7233
5DLvpkwOpAs,https://images.unsplash.com/photo-1428332775090-c351075f5390,1840,1232,1.49,2015-04-06 15:05:54.521716,,4388082,25152
aJOslo_ZuWM,https://images.unsplash.com/photo-1567688993206-43c34131b21f,2492,3738,0.67,2019-09-05 13:10:53.301091,,11455479,57975
Olv8IytYdFM,https://images.unsplash.com/photo-1574125638683-03fade618aab,6524,4046,1.61,2019-11-19 01:08:00.602794,,4078240,34306
trnTvywx2Rg,https://images.unsplash.com/photo-1461511669078-d46bf351cd6e,3691,2461,1.5,2016-04-24 15:28:44.964458,Switzerland,5380408,58845
3oz-H0hsNbg,https://images.unsplash.com/photo-1516299304243-b8772c978c0c,3840,5760,0.67,2018-01-18 18:15:35.954672,,423954,2903
KnoEP81a9Rk,https://images.unsplash.com/photo-1568120294838-abf43a5f4bd6,2242,3359,0.67,2019-09-10 13:00:44.846161,,4624257,27584
6-zSaq5hf8U,https://images.unsplash.com/photo-1568569028904-e025582d50a8,5568,3712,1.5,2019-09-15 17:38:59.34096,,1001177,5900
4NnKkfTaNAM,https://images.unsplash.com/photo-1561549621-536bd9bb5f3f,5184,3456,1.5,2019-06-26 11:47:44.512503,,224701,2346
al_dEsITyBU,https://images.unsplash.com/photo-1591767134492-338e62f7b5a2,7200,9000,0.8,2020-06-10 05:35:08.773666,,732050,7361
VpTGCK6zsp4,https://images.unsplash.com/photo-1579308900639-ef46ca852d4e,6000,4000,1.5,2020-01-18 00:55:51.332959,Canada,1301382,3648
PQYovEfGC_I,https://images.unsplash.com/photo-1433477279231-23917f1746fa,4912,3264,1.5,2015-06-05 04:08:13.466426,,1513139,14693
A9WWcz9IoPE,https://images.unsplash.com/photo-1567028627740-4a802a64f9d0,3072,4608,0.67,2019-08-28 21:45:14.952336,,636324,1393
jqWoYQygAkU,https://images.unsplash.com/photo-1581626274639-07cb175d188d,4890,3264,1.5,2020-02-13 20:38:25.282434,United States,601269,2228
ZufJDVy67h8,https://images.unsplash.com/photo-1571454054380-1ba19b50a596,4000,6000,0.67,2019-10-19 03:01:06.191269,United States,286401,1873
GX81x7KTfIw,https://images.unsplash.com/photo-1572443490709-e57345f45939,4000,3000,1.33,2019-10-30 13:51:39.702299,,4939046,30758
H36GOz0SXI0,https://images.unsplash.com/photo-1573850863352-688921f4eb0e,5683,3789,1.5,2019-11-15 20:59:13.310837,,412033,2793
k2yybO-LOQ8,https://images.unsplash.com/photo-1543177958-42aaaa043ee5,4000,3000,1.33,2018-11-25 20:32:46.354112,,567541,4150
g0Agt6NVTmc,https://images.unsplash.com/photo-1547446990-4e36405c6305,5760,3840,1.5,2019-01-14 06:23:28.889129,,287862,2603
bx6RpPf6jVk,https://images.unsplash.com/photo-1461353604973-1ed4a86c08ba,5653,3181,1.78,2016-04-22 19:33:51.21883,New Zealand,1419964,9103
CGCHz52xcB0,https://images.unsplash.com/photo-1577175978480-87cdd7710675,5340,3560,1.5,2019-12-24 08:32:58.060157,United States,409219,2470
_6eLgT8V5kI,https://images.unsplash.com/photo-1550140748-c65fe4177e60,3456,5184,0.67,2019-02-14 10:41:11.367831,,200382,1236
o3h00LfKjW8,https://images.unsplash.com/photo-1516556514536-7433ea12a8e6,5935,3957,1.5,2018-01-21 17:44:13.17642,Switzerland,307087,3158
WQu116gY_KI,https://images.unsplash.com/photo-1557891900-73a5759d59d9,4000,6000,0.67,2019-05-15 03:45:14.940316,United States,778690,1636
9uqpMJ1A0vY,https://images.unsplash.com/photo-1580180921144-1d95a44a1ae3,5472,3648,1.5,2020-01-28 03:10:20.891864,,424026,1489
oGToiYG3-Xw,https://images.unsplash.com/photo-1543176917-0f95487ea2dd,3456,5184,0.67,2018-11-25 20:18:46.121112,Србија,341572,2591
ujpRalth1Nw,https://images.unsplash.com/photo-1568522979297-104bfdf5ae4e,6048,4024,1.5,2019-09-15 04:52:09.280006,,120374,1620
4D953R0aRUo,https://images.unsplash.com/photo-1511909938134-66234e1aa5c9,3456,5184,0.67,2017-11-28 23:01:44.670015,Guatemala,4608602,47497
AGTu2BaSwhw,https://images.unsplash.com/photo-1513136310264-789ffb254476,3000,2000,1.5,2017-12-13 03:39:56.491109,Indonesia,166768,2465
FAd7ce2snms,https://images.unsplash.com/photo-1549835749-1bc90c2d0e5b,5464,3070,1.78,2019-02-10 21:56:55.008675,,315317,1610
j8vAzje0O64,https://images.unsplash.com/photo-1572095426476-808d659b4ea3,1960,4032,0.4899999999999999,2019-10-26 13:10:35.980895,,576338,1117
Brp7zv5Xrr8,https://images.unsplash.com/photo-1581422521308-126e2f139ea7,3335,5000,0.67,2020-02-11 12:03:46.44291,Australia,825612,12729
b4SRwTQget8,https://images.unsplash.com/photo-1433155327100-12aac6a14ff1,1920,1279,1.5,2015-06-01 10:42:19.577677,,2640252,13113
vPWlMEumuKE,https://images.unsplash.com/photo-1565772838671-a7f54969fcab,4466,5582,0.8,2019-08-14 09:42:53.483631,,10254874,13277
Bolre_2dEZI,https://images.unsplash.com/photo-1506611302792-8e9fdb8c4edf,5472,3648,1.5,2017-09-28 15:13:02.680967,United States,5045222,48621
Aknut7U5kks,https://images.unsplash.com/photo-1584740715132-9fffe86f1bf8,5438,3712,1.46,2020-03-20 21:58:12.596579,,843497,2198
JcYnmOyv07Q,https://images.unsplash.com/photo-1583430596455-1b760f0cc679,3089,2048,1.51,2020-03-05 17:52:28.017083,,608467,1350
-zmuwjJ6ixk,https://images.unsplash.com/photo-1551173666-653bbf8a2e25,3888,5184,0.75,2019-02-26 09:40:01.997031,,454061,1328
iKMmakBOI10,https://images.unsplash.com/photo-1577353545798-6e2cb5411612,5490,3659,1.5,2019-12-26 09:46:02.319028,Singapore,760005,4349
aPAiDOXImF8,https://images.unsplash.com/photo-1577988125091-6c4215657b2c,3362,5043,0.67,2020-01-02 18:02:43.668797,,119238,994
WvGGtnC1NPs,https://images.unsplash.com/photo-1566416814425-88d501966f69,3252,4979,0.65,2019-08-21 19:47:15.604492,,712481,1800
8dXad1em74g,https://images.unsplash.com/photo-1581294882660-9f92cd5a8ac9,7952,5304,1.5,2020-02-10 00:38:26.321656,,1748329,6913
zSHkU6yz7Fo,https://images.unsplash.com/photo-1552572455-1e855bd25a18,3182,4769,0.67,2019-03-14 14:07:52.948282,,2111922,12917
PuQ1GTsHux8,https://images.unsplash.com/photo-1576532876554-a1d30949fafd,6240,4160,1.5,2019-12-16 22:05:14.606478,United States,808795,1884
5kBocXd0E0o,https://images.unsplash.com/photo-1464648084360-bd664fddcc12,5587,3675,1.52,2016-05-30 22:41:56.89294,United States,1250789,4722
P8oqPW32fm0,https://images.unsplash.com/photo-1559801966-2698666c48be,3376,6000,0.56,2019-06-06 06:19:47.186702,,485713,4331
XkheksZnNT4,https://images.unsplash.com/photo-1549415697-8e9a0872f910,4000,6000,0.67,2019-02-06 01:15:42.418676,,1120425,4933
03b7JRdv0Io,https://images.unsplash.com/photo-1435782329484-63fcdacefcd6,4082,2721,1.5,2015-07-01 20:26:49.536486,,84771,1155
qhFzpD21djQ,https://images.unsplash.com/photo-1544817286-df012b241a01,5184,3456,1.5,2018-12-14 19:55:42.874807,,515588,5252
__1Mu7EZXOM,https://images.unsplash.com/photo-1493560660224-4efee7f72084,3326,4157,0.8,2017-04-30 13:58:01.366011,,1262298,6496
Z_TwXe5oXNI,https://images.unsplash.com/photo-1564408512035-6597e7afd94e,6000,4000,1.5,2019-07-29 13:55:36.094437,,243113,2457
4kv4odtKd0U,https://images.unsplash.com/photo-1542699499639-2da05c985b72,2412,3618,0.67,2018-11-20 07:40:37.663301,,6284866,282428
sH-ueXU68WM,https://images.unsplash.com/photo-1483748689892-40f1a387fc69,4608,3456,1.33,2017-01-07 00:25:21.131708,,1649924,11976
ymq9r-aUBds,https://images.unsplash.com/photo-1551102450-62aec75cd0bc,7302,4868,1.5,2019-02-25 13:48:31.871692,,846357,3408
7XOij6KNUXI,https://images.unsplash.com/flagged/photo-1579890122633-1d9ec7cfb277,6000,4000,1.5,2020-01-24 18:23:19.975127,,716908,2401
yYyoSmJeCTM,https://images.unsplash.com/photo-1584886448456-daeda435c742,4934,3289,1.5,2020-03-22 14:14:21.686493,,20818192,21137
OElxWB3VkKo,https://images.unsplash.com/photo-1559705615-8169d87412ae,5304,7952,0.67,2019-06-05 03:34:47.144369,,705120,2410
Af9cNES03LU,https://images.unsplash.com/photo-1552843933-189de544dbeb,5472,2800,1.95,2019-03-17 17:35:53.894975,,11579064,26771
7x-CvG1VmC0,https://images.unsplash.com/photo-1578101712942-cead09facdd2,4480,5974,0.75,2020-01-04 01:41:43.093169,Canada,199935,934
Swlm_w1hdMs,https://images.unsplash.com/photo-1441766333219-e89e835f4c1b,5472,3648,1.5,2015-09-09 02:40:52.932349,,2786914,17778
MZxQoMVN518,https://images.unsplash.com/photo-1583854710609-d8d2790e4105,6720,4480,1.5,2020-03-10 15:38:53.339924,,1379082,15038
rlPUYlJUWTg,https://images.unsplash.com/photo-1563522369099-79b01f8f0220,3042,3042,1.0,2019-07-19 07:47:05.951538,,574305,1534
ty8ZVbC-Wik,https://images.unsplash.com/photo-1568633623639-b70962970c91,4000,6000,0.67,2019-09-16 11:33:47.574709,,79289,701
GKiypbT1CWs,https://images.unsplash.com/photo-1584532246337-0bd4ec6e09b3,5504,8256,0.67,2020-03-18 11:55:51.676477,,620179,1691
R76Y75r1XJg,https://images.unsplash.com/photo-1585955340928-770c52c84074,4912,7360,0.67,2020-04-03 23:23:47.985723,,187828,1277
ILFtGTwz9Dg,https://images.unsplash.com/photo-1547488336-7fb0d18b903a,2864,3580,0.8,2019-01-14 17:52:31.657269,,230675,1179
uZxT3njDQYc,https://images.unsplash.com/photo-1483388381485-344c3a9ded7f,5351,3572,1.5,2017-01-02 20:21:02.017667,,7838414,87226
HPA5j4Z3elA,https://images.unsplash.com/photo-1586015512731-d330b27b94b9,6000,4000,1.5,2020-04-04 15:55:49.029664,Polska,169251,1442
IkItz2V-ZUY,https://images.unsplash.com/photo-1549033990-879289266301,4480,5600,0.8,2019-02-01 15:13:54.530537,,1911155,11466
jfL-Dt3ITjA,https://images.unsplash.com/photo-1580732055671-e64dde2eb75b,2242,2803,0.8,2020-02-03 12:17:45.94611,France,2110230,5559
ikVIIuLzkE8,https://images.unsplash.com/photo-1576092229911-9fd3d0d8be25,3840,5760,0.67,2019-12-11 19:25:47.001784,,499026,972
hbwdmqcmP6k,https://images.unsplash.com/photo-1453060590797-2d5f419b54cb,4752,3168,1.5,2016-01-17 19:57:12.984048,,7904282,53162
V6If1LurrhU,https://images.unsplash.com/photo-1475701240414-7842311479e7,8640,5760,1.5,2016-10-05 20:21:35.8318,Canada,4101846,17911
Ku4GVSM53ko,https://images.unsplash.com/photo-1543039801-73e4dc2a8b97,3200,2149,1.49,2018-11-24 06:10:10.979478,,610728,4802
WbIEX9Hq-EI,https://images.unsplash.com/photo-1484157737210-f58966446e05,4928,3264,1.51,2017-01-11 18:03:52.509477,Faroe Islands,1294307,14948
WSKaNV76wRs,https://images.unsplash.com/photo-1585095925022-83633787f111,6000,4000,1.5,2020-03-25 00:28:42.973086,,863864,3722
6f3SH_MUPw0,https://images.unsplash.com/photo-1580657768351-a35cc035f945,7952,5304,1.5,2020-02-02 15:46:25.790041,대한민국,260057,1028
WUQWuGEmnAQ,https://images.unsplash.com/photo-1570193680771-bc8aed203d7d,2832,4256,0.67,2019-10-04 12:55:06.284706,,632595,5316
m7WaoObIM4g,https://images.unsplash.com/photo-1564468515177-81aced52f4fa,4000,6000,0.67,2019-07-30 06:36:29.191438,,229900,1278
IOvOeZRGanM,https://images.unsplash.com/photo-1562555199-732a21a30a36,3141,4711,0.67,2019-07-08 03:07:06.293915,,1543649,10611
IcjQEyUzPE4,https://images.unsplash.com/photo-1567788150222-c580695fa1d7,1900,3040,0.63,2019-09-06 16:42:50.014652,,8255167,39530
s1Tw6-5UoXI,https://images.unsplash.com/photo-1580163238333-aeab3b0a112d,4000,6000,0.67,2020-01-27 22:14:15.482767,Canada,1215069,7116
caKJkQm26T0,https://images.unsplash.com/photo-1552664026-7217280ffa87,4608,3072,1.5,2019-03-15 15:35:00.281668,,231411,1118
PSFfI7vbS3c,https://images.unsplash.com/photo-1487111023822-2e903e12f6f0,3840,5760,0.67,2017-02-14 22:25:23.88296,Serbia,23803943,168820
-vGlVFOmy5c,https://images.unsplash.com/photo-1546842051-da4cb1955729,6000,4000,1.5,2019-01-07 06:21:56.154242,,76287,1178
e-XPbBr0NhU,https://images.unsplash.com/photo-1600151388273-527da3d5584c,5032,3520,1.43,2020-09-15 06:30:11.139294,,144726,2014
Og_MdHmMUjM,https://images.unsplash.com/photo-1544331484-96a80c7fdf5b,4272,2848,1.5,2018-12-09 04:58:30.476405,,555936,4240
UzEf18WCkro,https://images.unsplash.com/photo-1584739838653-a0f28ee71c9f,4480,6720,0.67,2020-03-20 21:31:52.560444,,302668,814
ZWpns_025uM,https://images.unsplash.com/photo-1564591912259-a9b558e330fa,5184,3456,1.5,2019-07-31 16:53:14.079442,,165796,2801
i__rd4LWg3s,https://images.unsplash.com/photo-1444567257257-a10a4088a89d,6000,4000,1.5,2015-10-11 12:41:48.064455,,8655045,84168
elcikMY7DoY,https://images.unsplash.com/photo-1505892452069-8e3d4e3c0933,5343,3562,1.5,2017-09-20 07:27:47.571878,,206518,1683
14BVc2mD9Bk,https://images.unsplash.com/photo-1495896138760-293144e6b1d9,3125,4687,0.67,2017-05-27 15:17:18.68195,,12948357,178086
EkxO-SFU9kc,https://images.unsplash.com/photo-1494856488146-6070a6b67f78,3276,4096,0.8,2017-05-15 13:55:22.982162,,40266327,53651
iqA-eciZBaM,https://images.unsplash.com/photo-1543749300-6731d25b46fe,3840,5760,0.67,2018-12-02 11:39:56.762816,,1664243,7924
p6slMrGDQSo,https://images.unsplash.com/photo-1574342467132-e25a78ed99b8,4206,3310,1.27,2019-11-21 13:21:49.659417,,3416668,11676
XqSDQfI5xIQ,https://images.unsplash.com/photo-1575316933334-811fccc3c688,3332,2222,1.5,2019-12-02 20:02:26.544604,,551491,1843
I9329F5p1vE,https://images.unsplash.com/photo-1549378823-4e58498586e9,4256,2832,1.5,2019-02-05 15:00:56.236219,Ireland,492850,1945
tWndDHJRNm8,https://images.unsplash.com/photo-1588414734732-660b07304ddb,4328,5775,0.75,2020-05-02 10:23:24.076514,,1430761,3313
boE2xft0cAo,https://images.unsplash.com/photo-1437964706703-40b90bdf563b,3264,2448,1.33,2015-07-27 02:39:40.443424,,12071908,149733
Hgx1jpfYTqc,https://images.unsplash.com/photo-1591537580018-04f735250c5f,2999,4499,0.67,2020-06-07 13:46:33.219724,,600929,4693
O2rcaYIdtp8,https://images.unsplash.com/photo-1573098398234-fd4233487e53,4256,2832,1.5,2019-11-07 03:57:48.767852,,82072,1226
qQwxU7NJWTI,https://images.unsplash.com/photo-1443175679639-685643a7fd62,4496,3000,1.5,2015-09-25 10:09:39.334855,,30037091,26527
7YVvzNAFFdE,https://images.unsplash.com/photo-1584895738295-52b3c7d6ce13,3500,2333,1.5,2020-03-22 16:56:08.507617,Deutschland,702012,2249
5nkadYXTBpM,https://images.unsplash.com/photo-1560889859-e7e9f5df34a3,6720,4480,1.5,2019-06-18 20:39:30.096855,,649395,2966
WGujDHx1YTA,https://images.unsplash.com/photo-1557990287-975e130ba4aa,3264,4928,0.66,2019-05-16 07:04:59.392579,Russia,562722,7060
vvjWoI-r2v0,https://images.unsplash.com/photo-1565575726815-69ab316d5af4,3000,2000,1.5,2019-08-12 02:09:43.297009,,625070,1719
lfxIZmSOHlg,https://images.unsplash.com/photo-1572876028907-c0c771dd4a27,4256,2394,1.78,2019-11-04 14:01:27.047886,,124592,1015
Z7mREQaK0Pc,https://images.unsplash.com/photo-1542320868-497d7aeaaa13,4304,3444,1.25,2018-11-15 22:27:56.585508,,1735987,7937
sEh0rgGtMLc,https://images.unsplash.com/photo-1585914569915-0ee83db4aefc,4024,6048,0.67,2020-04-03 11:50:37.954719,,662214,2916
UTv7cPiNsug,https://images.unsplash.com/photo-1585837813828-325da52c57e8,3215,4870,0.66,2020-04-02 14:31:38.809782,,132180,640
aPNn_uP8WlE,https://images.unsplash.com/photo-1567461428819-0a598bbb052f,2532,4548,0.56,2019-09-02 21:58:26.977406,,778181,1816
1bel5M-40v4,https://images.unsplash.com/photo-1541484185011-a71d65dcb5ea,3812,5718,0.67,2018-11-06 06:09:19.351793,Iceland,1005887,19906
ayx-0-GGmqc,https://images.unsplash.com/photo-1573364478690-3c33d9005928,7360,4912,1.5,2019-11-10 05:42:06.266778,,925300,2161
7lf1iuSVRXY,https://images.unsplash.com/photo-1587233235918-8afc264d749c,6000,4000,1.5,2020-04-18 18:07:24.824392,,744901,4465
pUqTHJ5gq-U,https://images.unsplash.com/photo-1463227438464-68cf21a01f55,5184,3456,1.5,2016-05-14 12:04:41.71892,United Kingdom,3466256,16030
DlkT5il4XFg,https://images.unsplash.com/photo-1556880937-6b6a06344853,4000,5600,0.7099999999999999,2019-05-03 10:56:07.006638,,118034,615
ADkSHwhLuU0,https://images.unsplash.com/photo-1462833927381-4f555299c2b9,4779,2424,1.97,2016-05-09 22:45:13.95362,United States,1243262,11958
ep6buhlUofU,https://images.unsplash.com/photo-1572937544553-29251c28114e,4160,6240,0.67,2019-11-05 07:07:31.764701,Canada,912900,2726
6Bo-eIl7390,https://images.unsplash.com/photo-1549913638-493c8592a9c5,3558,5337,0.67,2019-02-11 19:34:49.100808,,891384,5027
5AyUHeSnxz8,https://images.unsplash.com/photo-1584754269526-83ca2b7f1302,6000,4000,1.5,2020-03-21 01:33:00.70535,,587531,2223
vNJE2-qwxS8,https://images.unsplash.com/photo-1552556299-e956c81d9aee,3954,5931,0.67,2019-03-14 09:40:56.282864,,892827,2414
qijiWlQqjJM,https://images.unsplash.com/photo-1469178066045-855bb6994cc0,5184,3456,1.5,2016-07-22 09:02:47.753075,United Kingdom,4504714,31628
ozn8q95OQ4Q,https://images.unsplash.com/photo-1597417065389-a455b2e6479a,4016,6016,0.67,2020-08-14 15:03:48.071873,United States,574665,1637
USyf9fIUa1c,https://images.unsplash.com/photo-1578099268187-9c4ac77c1baa,3376,5064,0.67,2020-01-04 00:55:02.770996,,552497,4227
-h8Od9ze-0o,https://images.unsplash.com/photo-1553969962-71a49f3256be,4036,2696,1.5,2019-03-30 18:19:58.685264,United States,1565163,13259
Ejw7WTnFPYI,https://images.unsplash.com/photo-1577889982638-733b32626f7c,4096,2731,1.5,2020-01-01 14:46:50.251228,Nederland,137461,1006
6jjp0X26Mxw,https://images.unsplash.com/photo-1584222605620-313d7510e55e,5120,3413,1.5,2020-03-14 21:52:07.862196,Greece,634884,1870
ER3C_Lv_NdA,https://images.unsplash.com/photo-1543395162-b6d7846c82a0,3872,2904,1.33,2018-11-28 09:50:08.931936,United States,1186002,6910
CFAcehoXBZs,https://images.unsplash.com/photo-1590233515291-6adab9442160,3456,5184,0.67,2020-05-23 11:32:09.991368,United States,189980,1118
7LNhmO01xbg,https://images.unsplash.com/photo-1579983604790-cec2e5e7dbe0,6720,4480,1.5,2020-01-25 20:20:50.091549,,232256,1812
RFj0OkD0s18,https://images.unsplash.com/photo-1551210627-b858a8b35827,4288,2848,1.51,2019-02-26 19:51:21.769913,,565606,8112
9Txz_NCheAw,https://images.unsplash.com/photo-1572276595924-6f10d1ab06b6,4000,6000,0.67,2019-10-28 15:33:23.654749,,843651,2271
MvftAbKK9Ek,https://images.unsplash.com/photo-1446001037989-e9dda9522338,3997,2665,1.5,2015-10-28 02:58:54.269869,United States,3281466,20480
B7EBb5YVl8M,https://images.unsplash.com/photo-1592510942943-2580c14565c2,2000,3000,0.67,2020-06-18 20:10:59.268852,United Kingdom,1596471,3857
sN1cOV7wfCM,https://images.unsplash.com/photo-1441205188609-b875e92a9807,5760,3840,1.5,2015-09-02 14:46:32.309891,,8513768,59089
KMrEjF7jwEE,https://images.unsplash.com/photo-1560964645-6b62d5630525,4608,3456,1.33,2019-06-19 17:18:16.522264,,559298,2609
eYbDKg2O7Lo,https://images.unsplash.com/photo-1548744482-3cfbc49168bb,6122,4084,1.5,2019-01-29 06:48:19.94408,,579627,4827
Rd40RL5zyPc,https://images.unsplash.com/photo-1573576144127-e9e1744b42ab,4334,6067,0.7099999999999999,2019-11-12 16:29:29.719413,,350618,10890
M_6lB2xafZI,https://images.unsplash.com/photo-1514696566962-29c03e356621,6000,4000,1.5,2017-12-31 05:07:03.644727,Australia,548747,3133
hc9jegP90wM,https://images.unsplash.com/photo-1577458828761-45f563e8c099,6000,4000,1.5,2019-12-27 15:08:26.37444,,94851,867
82tqSvIY92s,https://images.unsplash.com/photo-1433147926609-4a89b40610cc,3186,2392,1.33,2015-06-01 08:39:43.466915,United Kingdom,3815800,28231
zqoD05m0D_s,https://images.unsplash.com/photo-1568100599971-a436f9cb5e78,6192,8256,0.75,2019-09-10 07:35:48.041263,,716409,1459
m6kf2nTdw_0,https://images.unsplash.com/photo-1543016166-90f788125472,8192,5462,1.5,2018-11-23 23:36:44.351796,,7035334,7280
5hqX-SmETF0,https://images.unsplash.com/photo-1542012553-26ebebb8eff0,6000,4000,1.5,2018-11-12 08:49:52.486524,,584490,4755
KuIHzQ7YbPU,https://images.unsplash.com/photo-1563940523574-75fdc6b90d0b,3961,2641,1.5,2019-07-24 03:55:42.544805,,657310,1938
xYTBVovrm8g,https://images.unsplash.com/photo-1513593956016-22c201565313,3626,5439,0.67,2017-12-18 10:48:13.330214,Italy,574157,6153
Y3Td-v-JRHI,https://images.unsplash.com/photo-1578499177313-0416e8f509e6,5184,3456,1.5,2020-01-08 16:04:32.090536,South Africa,873979,18109
kxAaw2bO1Z8,https://images.unsplash.com/photo-1526737511523-ba685f246e8c,3992,2242,1.78,2018-05-19 13:48:32.288657,Portugal,14003326,18056
mJBmtyrYcQA,https://images.unsplash.com/photo-1461927757657-7999c8759822,4608,3072,1.5,2016-04-29 11:03:27.598824,Poland,2380516,12356
eh25BL-KTNU,https://images.unsplash.com/photo-1552444991-4e240da8ff8c,4170,5057,0.82,2019-03-13 02:44:52.254582,Japan,600669,6287
YqIsqzCSFBs,https://images.unsplash.com/photo-1548645933-5cfe71429909,6000,4000,1.5,2019-01-28 03:26:14.370606,,874733,6907
6s4omYOt9Vo,https://images.unsplash.com/photo-1475069280216-c17b04bfa586,5472,3648,1.5,2016-09-28 13:30:22.088442,Germany,1913376,16409
wDP-GEJTtOw,https://images.unsplash.com/photo-1532501087002-0341b61f7e74,5026,3351,1.5,2018-07-25 06:46:06.467664,United States,1525741,8149
6_NnPDTx72Q,https://images.unsplash.com/photo-1556834046-429106b0b1c7,6000,4000,1.5,2019-05-02 21:56:56.613311,,932119,3894
uVk47dQdpaE,https://images.unsplash.com/photo-1581588459229-565952c66587,5760,3840,1.5,2020-02-13 10:13:08.468793,,481468,1675
vHY1MM8eZFg,https://images.unsplash.com/photo-1621074457808-66037631b8c1,3200,4000,0.8,2021-05-15 10:28:11.713484,,671220,3748
4tw78ktweeM,https://images.unsplash.com/photo-1568990966085-e53951e67fd9,2736,3648,0.75,2019-09-20 14:52:28.470323,,423695,14409
T28FlQEQ23Q,https://images.unsplash.com/photo-1561229502-5edb81420bf7,3701,4935,0.75,2019-06-22 18:52:10.431758,,555398,1772
JS_gHYT_Xv4,https://images.unsplash.com/photo-1547588890-d287a33199b9,3456,5184,0.67,2019-01-15 21:49:31.558523,,390414,1946
PVPsGlhs3rU,https://images.unsplash.com/photo-1489913876021-4bb2b98c9e76,5226,3484,1.5,2017-03-19 08:58:58.697183,,5726121,14323
DQDmuH5NiL0,https://images.unsplash.com/photo-1446538814992-0cff3f3e55b4,5184,2916,1.78,2015-11-03 08:20:41.016977,France,1567533,10423
PtVq35qD-CU,https://images.unsplash.com/photo-1579818276653-bc3240840cf6,5000,5000,1.0,2020-01-23 22:31:12.765457,Canada,4844131,38844
-BZc9Ee1qo0,https://images.unsplash.com/photo-1505567745926-ba89000d255a,5984,3989,1.5,2017-09-16 13:18:53.17657,Finland,51747042,315787
PLBCvuEbCq4,https://images.unsplash.com/photo-1465522730904-a4c42ce10f7a,4608,3024,1.52,2016-06-10 01:39:29.515831,Canada,2612674,20768
ppMZQopIabU,https://images.unsplash.com/photo-1578170265579-6943dbe0dc22,5184,3456,1.5,2020-01-04 20:38:55.33085,United States,164372,1194
7MBgGXQ2Rqg,https://images.unsplash.com/photo-1471313902629-21dffc56c966,2304,1536,1.5,2016-08-16 02:18:49.273719,,3391778,21082
umr1gGpu5M0,https://images.unsplash.com/photo-1562159347-c40bfa77486a,5082,6776,0.75,2019-07-03 13:12:04.178252,,653970,1306
2qQgdily4tY,https://images.unsplash.com/photo-1427167800976-e5079df71bb3,6000,4000,1.5,2015-03-24 03:30:10.334037,,2015100,10002
5cuJ5erS7Mc,https://images.unsplash.com/photo-1565603553363-05507c434caa,6000,4000,1.5,2019-08-12 09:53:49.296568,,757670,3149
xifK5zht0lU,https://images.unsplash.com/photo-1542438669-051ce8c5b001,4145,4358,0.95,2018-11-17 07:11:20.66677,,510917,2069
-ZYkhqecXt0,https://images.unsplash.com/photo-1589988445288-17dd8a96a43e,4480,6720,0.67,2020-05-20 15:29:24.162573,,557066,16058
Ora1LQF9aNc,https://images.unsplash.com/photo-1552071207-970ec5545f82,5184,3456,1.5,2019-03-08 18:56:24.282957,,131415,1807
e-sLdEvXRHw,https://images.unsplash.com/photo-1579715016389-c4055c335adf,6000,4000,1.5,2020-01-22 17:50:44.094329,Südafrika,461820,1611
jin5rmq-OeE,https://images.unsplash.com/photo-1574762238906-a6c90b313888,4928,3264,1.51,2019-11-26 10:26:34.03774,,268218,3157
EeTNgRggr3o,https://images.unsplash.com/photo-1564025420695-307817b7504e,3643,2428,1.5,2019-07-25 03:30:43.022915,,4113004,26242
m2whWGCH63A,https://images.unsplash.com/photo-1577234162223-98e9caa94705,6048,4024,1.5,2019-12-25 00:36:18.188266,,10618233,12581
J4msIpL0Gss,https://images.unsplash.com/photo-1584897593884-2a63ecbc53cf,3936,2624,1.5,2020-03-22 17:20:17.040979,Україна,631514,1715
eB3W74BLW30,https://images.unsplash.com/photo-1583213435466-6830dd3454a5,2571,3214,0.8,2020-03-03 05:39:45.83508,,609658,1420
LfJnyVrKFhM,https://images.unsplash.com/photo-1579706624295-3c81eaef2533,4000,6000,0.67,2020-01-22 16:04:58.572931,,575141,2037
2Pw2oFsSzsM,https://images.unsplash.com/photo-1431795330202-99f24e05e209,6000,4000,1.5,2015-05-16 16:56:53.570298,,27418,507
pBrHNFqcX-M,https://images.unsplash.com/photo-1503221507150-dcb5a13416ca,3888,2592,1.5,2017-08-20 09:32:23.687857,United Kingdom,18025732,44038
xgvttvy0mnA,https://images.unsplash.com/photo-1563949267269-41fb842a1f66,5760,3840,1.5,2019-07-24 06:23:50.468431,,194906,1436
JziSXsl7Zic,https://images.unsplash.com/photo-1567712567075-b022175be34f,4000,6000,0.67,2019-09-05 19:50:28.161959,,128258,1189
KVLzhuroc4A,https://images.unsplash.com/photo-1582313813137-08042f1bddb2,4016,5020,0.8,2020-02-21 19:38:21.576908,United States,491112,2172
nyp3K_TqURA,https://images.unsplash.com/photo-1548624947-36e6a1ed55e0,3166,3957,0.8,2019-01-27 21:37:12.027812,Iceland,1124781,16608
1AGWetTYusU,https://images.unsplash.com/photo-1550748348-4fc33a257231,4287,3215,1.33,2019-02-21 11:26:16.131257,,208606,1598
iHzpnUYS3Zc,https://images.unsplash.com/photo-1472607614475-ea46508fbf20,5355,3570,1.5,2016-08-31 01:40:47.456221,,2564506,14160
lO_uBu22nxM,https://images.unsplash.com/photo-1447767876721-7093b7e87667,2000,1125,1.78,2015-11-17 13:45:09.30553,Spain,2173452,6361
7-oM8eFUkFQ,https://images.unsplash.com/photo-1571514507804-28e1f9ab5b94,4000,6000,0.67,2019-10-19 19:48:43.200291,Österreich,6844788,65653
dLQcJmMLB0E,https://images.unsplash.com/photo-1568955773021-d347deaffa1a,3648,2650,1.38,2019-09-20 05:03:01.78113,Egyesült Királyság,3286829,28228
MbweoXr6U0Q,https://images.unsplash.com/photo-1582229822017-3b77911e82bb,5826,3884,1.5,2020-02-20 20:20:19.005877,,10864100,8039
9zhsq3o1k60,https://images.unsplash.com/photo-1547499417-61a435d27cb3,4000,6000,0.67,2019-01-14 21:00:54.258193,,15420313,151846
A3sCRWbgNwc,https://images.unsplash.com/photo-1583872958183-1ea5ed461f04,5901,3939,1.5,2020-03-10 20:44:04.233762,United States,1010048,5211
gStfADPD4Uo,https://images.unsplash.com/photo-1548124567-7254230a287e,8192,5461,1.5,2019-01-22 02:36:24.611631,,320600,2847
3o0V2Obo0yc,https://images.unsplash.com/photo-1580136051290-9efc31643f27,3626,4532,0.8,2020-01-27 14:40:55.194539,,1205343,10574
x-o-nOLbrVg,https://images.unsplash.com/photo-1542206778545-a9731912228f,3456,2304,1.5,2018-11-14 14:46:53.244469,,3982161,6326
AU1prnVSr0o,https://images.unsplash.com/photo-1552318559-4cd3b4cf0161,4000,6000,0.67,2019-03-11 15:49:04.71725,,8232592,28347
UrMGQNrkdO0,https://images.unsplash.com/photo-1573489176014-6d0176081570,3584,3584,1.0,2019-11-11 16:20:02.524321,,2584587,8619
ynXkatjHH-U,https://images.unsplash.com/photo-1585220197334-4f24a2f7d57e,5843,3287,1.78,2020-03-26 10:56:56.351387,Islande,1417107,6748
QhPSKlMjA34,https://images.unsplash.com/photo-1517547296765-95df07184957,5574,3716,1.5,2018-02-02 04:55:28.661856,,2103674,7048
-uAz9C0SZGQ,https://images.unsplash.com/photo-1538999376705-7e4fd07edfdc,3000,4000,0.75,2018-10-08 11:50:36.386678,Russia,813507,3679
cwL_DmFQTMI,https://images.unsplash.com/photo-1512508497406-d4c5505afbca,4000,6000,0.67,2017-12-05 21:15:57.974223,Spain,6794213,91335
ZzleXZL8STI,https://images.unsplash.com/photo-1576935649119-53551e41cf62,4649,3100,1.5,2019-12-21 13:44:31.29987,,577156,3565
0eE9GfBaxDg,https://images.unsplash.com/photo-1489466175617-460866bb9a55,5184,3456,1.5,2017-03-14 04:39:11.326077,,1787368,5721
mY7fC3q9Sgc,https://images.unsplash.com/photo-1563359534-f9d7a02dc5d6,4560,6840,0.67,2019-07-17 10:33:36.88222,,278422,2087
6N9-rhiTlKI,https://images.unsplash.com/photo-1466960813256-98a80a78951d,6016,4000,1.5,2016-06-26 17:07:28.58039,Romania,5305764,22263
fVIiTknYim8,https://images.unsplash.com/photo-1559277493-90a3b46127c3,3072,4608,0.67,2019-05-31 04:38:47.208857,Japan,209567,1060
LNO1KyMzpCs,https://images.unsplash.com/photo-1596050263787-897a25cdf281,3033,4045,0.75,2020-07-29 19:18:06.425458,Brasil,437004,7530
Oq4cMZpHNsk,https://images.unsplash.com/photo-1543364798-c67fdd4054e9,6000,4000,1.5,2018-11-28 00:26:46.282755,United States of America,371729,3728
xZX3pXjQQSw,https://images.unsplash.com/photo-1580405977135-e598295fb06b,3456,5184,0.67,2020-01-30 17:40:04.106937,,921688,765
iKpWRAt0yj0,https://images.unsplash.com/photo-1543191090-59022593fa5e,5721,3815,1.5,2018-11-26 00:11:54.501418,Ukraine,325029,2403
2-EudbifIo8,https://images.unsplash.com/photo-1540965731358-cd3b929d882a,3441,5598,0.6099999999999999,2018-10-31 06:03:46.998954,United States,198155,1583
nZmbNwbAVCA,https://images.unsplash.com/photo-1579829469226-04d7082e0ade,4343,2443,1.78,2020-01-24 01:54:08.415554,,404564,1734
mx6BzzKvWIw,https://images.unsplash.com/photo-1545906785-193d7758ba91,6240,4160,1.5,2018-12-27 10:38:13.285376,,10108643,84943
pgu1Lju4zqc,https://images.unsplash.com/photo-1583313202564-c2acde9609e8,3024,4032,0.75,2020-03-04 09:20:19.164307,Deutschland,279521,1137
pSYM_Dr6aNk,https://images.unsplash.com/photo-1578262492664-debf506204d7,6336,9504,0.67,2020-01-05 22:15:57.697673,Sverige,390979,924
aIf54kIiT6s,https://images.unsplash.com/photo-1561521836-e5f415d86954,2949,3949,0.75,2019-06-26 04:07:47.49607,,151372,894
yty30exygSI,https://images.unsplash.com/photo-1542632466-18cb12ee7d78,6000,4000,1.5,2018-11-19 13:02:10.758322,,1601774,8167
4lfZHaIBWMc,https://images.unsplash.com/photo-1462995708817-6ed9c9552a91,4150,2767,1.5,2016-05-11 19:42:10.761592,United States,3889166,31222
FvTn9Dlv39A,https://images.unsplash.com/photo-1553264646-7eb44743436f,3142,2194,1.43,2019-03-22 14:25:15.964848,Hungary,60486761,39323
vKXp8M9_inE,https://images.unsplash.com/photo-1498534405718-957b7b84b009,6000,4000,1.5,2017-06-27 03:34:03.400679,Canada,4812442,229307
xCTAd2NN4I0,https://images.unsplash.com/photo-1526539535687-97010dfc3e08,4032,3024,1.33,2018-05-17 06:48:54.024855,,852718,31090
MFM-RhG4Ge0,https://images.unsplash.com/photo-1552769883-da2118abdf2e,7000,4667,1.5,2019-03-16 20:58:16.399816,,159534,2471
P6JRr7-FxLw,https://images.unsplash.com/photo-1463748465553-80db1e6ff830,2580,2580,1.0,2016-05-20 12:48:33.86482,Switzerland,8096823,46906
sY3yB1rjDUA,https://images.unsplash.com/photo-1563284202-746a243e07a4,3376,5252,0.64,2019-07-16 13:40:40.260749,,148868,765
k2kXzsZp7rY,https://images.unsplash.com/photo-1548540618-fb0b1de9419e,4000,6000,0.67,2019-01-26 22:10:50.929513,Iceland,1347311,7151
M6PJeMHl6cI,https://images.unsplash.com/photo-1494798008185-962cd8f94a9d,5852,3658,1.6,2017-05-14 21:41:07.085825,Portugal,2702463,18111
-rshDVyLGxI,https://images.unsplash.com/photo-1569395567885-2a94270ae855,3492,5238,0.67,2019-09-25 07:14:22.720223,,157903,54725
gp_vO-CVgNY,https://images.unsplash.com/photo-1556857997-d4aab6724758,5760,3840,1.5,2019-05-03 04:36:34.988144,,97712,1337
YY-LeXGF-p4,https://images.unsplash.com/photo-1572530997303-1b6a3183745f,4000,6000,0.67,2019-10-31 14:22:42.301423,Svizzera,1055048,11838
8XLihaFJAf0,https://images.unsplash.com/photo-1551171128-e727fa6080df,3918,4897,0.8,2019-02-26 09:02:57.65315,Jordan,3292933,8553
Kn0HaiAYlW4,https://images.unsplash.com/photo-1432662960358-6c452bee76f2,5472,3648,1.5,2015-05-26 17:57:16.196055,,2200793,9909
Z0zTskmGBDg,https://images.unsplash.com/photo-1577392467203-473a85900163,4000,6000,0.67,2019-12-26 20:55:25.005021,,516965,1031
7XDK3bwiANc,https://images.unsplash.com/photo-1547716503-a4ac13e85117,5461,8192,0.67,2019-01-17 09:19:34.398919,,2059531,11238
x_9Btz9Pczo,https://images.unsplash.com/photo-1559474256-ed9f53f0ef27,3999,5999,0.67,2019-06-02 11:17:52.478828,Slovakia,741873,3671
o42CXL0-K90,https://images.unsplash.com/photo-1548265009-bcd28ac9ed1c,2848,4272,0.67,2019-01-23 17:39:10.08039,,402198,923
bRVU_0xpYco,https://images.unsplash.com/photo-1569749520994-22c3272a9c11,3264,4874,0.67,2019-09-29 09:32:12.877099,,286439,1690
msFzEgDQ8-c,https://images.unsplash.com/photo-1543083356-ee85ba172c9e,4000,3000,1.33,2018-11-24 18:17:34.87163,,368674,2419
VFjGgIGNWlI,https://images.unsplash.com/photo-1590818048709-2d2d042a5aff,6048,4024,1.5,2020-05-30 05:54:24.546367,,192583,1871
e-HyzfROGB4,https://images.unsplash.com/photo-1588871137897-f8b3722941bf,3264,4896,0.67,2020-05-07 17:09:37.518555,,208230,571
b6NL-BSMBqs,https://images.unsplash.com/photo-1578146885311-70223a6e6b09,7087,4724,1.5,2020-01-04 14:08:44.557912,Suiza,3643198,23015
RGFntcLI8Go,https://images.unsplash.com/photo-1544857925-9ed81cca46aa,2832,2832,1.0,2018-12-15 07:12:19.62876,United States,2654677,13532
aQtrSnmsNXM,https://images.unsplash.com/photo-1552288251-f5cce720cf30,3723,2877,1.29,2019-03-11 07:12:32.006914,United States,855984,2696
goFe-VUw_ps,https://images.unsplash.com/photo-1577198499139-620a2f90f668,3376,6000,0.56,2019-12-24 14:42:16.163223,,1218748,4520
Wu98kR6nEAs,https://images.unsplash.com/photo-1565890284969-14f3911fa149,4912,3264,1.5,2019-08-15 17:31:29.67048,,311710,2145
6_azJTdV9xg,https://images.unsplash.com/photo-1499546398298-5ce54dae20ec,5288,3525,1.5,2017-07-08 20:40:43.720177,United States,1641652,19383
xyB0NOOkA04,https://images.unsplash.com/photo-1575915932751-aeeff579ab4f,5572,3715,1.5,2019-12-09 18:26:51.015809,,1652251,2246
BNuB578HYto,https://images.unsplash.com/photo-1578847022177-83fb639d8cfe,3897,2728,1.43,2020-01-12 16:38:01.507171,United States,477790,2111
4BTMEJBb7-0,https://images.unsplash.com/photo-1433006283487-21f7c42fa053,3000,2000,1.5,2015-05-30 17:18:32.340363,,2700478,13321
TLLjBr_8thQ,https://images.unsplash.com/photo-1588303248649-9a9e7dd78a21,4000,6000,0.67,2020-05-01 03:21:55.612026,United States,949316,3279
xznPR6KVVXA,https://images.unsplash.com/photo-1542414704-aaad507a2112,5184,3456,1.5,2018-11-17 00:32:30.293035,,160730,1373
0BaK20w328k,https://images.unsplash.com/photo-1579463256226-555fba48cee9,2777,4165,0.67,2020-01-19 19:48:59.177374,,135592,483
_Adyb5GR8lI,https://images.unsplash.com/photo-1577106581388-0a2cebac24ed,4471,6699,0.67,2019-12-23 13:09:57.209575,United States,1394399,6490
Y_071W-6WUo,https://images.unsplash.com/photo-1548425923-a7d6c37d7f18,3821,3157,1.21,2019-01-25 14:19:04.696936,,1117068,10346
OAvt5bJUWSI,https://images.unsplash.com/photo-1542181149-585bcf0d9ce9,6182,4126,1.5,2018-11-14 07:41:10.961127,,9371559,15305
-G1YldWkPlQ,https://images.unsplash.com/photo-1579461454716-23426cddf321,4330,6495,0.67,2020-01-19 19:22:01.959764,,84314,662
e_HRcYwbXZ0,https://images.unsplash.com/photo-1542674810-9893f793a246,4480,6720,0.67,2018-11-20 00:50:08.76311,,1271694,7655
eORbhX0F4_4,https://images.unsplash.com/photo-1580377968562-5f0225d15785,4135,2809,1.47,2020-01-30 09:56:26.163673,,2768324,9896
CFZrIuCllGE,https://images.unsplash.com/photo-1579998373050-004df0dac23f,4205,2814,1.49,2020-01-26 00:26:23.527657,,351600,1073
RixnYDT4gAQ,https://images.unsplash.com/photo-1590153300747-fc608dfa8009,3024,4032,0.75,2020-05-22 13:16:48.115004,United States,384022,2629
xpM5wl9lx5M,https://images.unsplash.com/photo-1580250855034-600cccb26120,3024,4032,0.75,2020-01-28 22:35:04.246336,United Kingdom,595221,2014
PwCFHWmjoGg,https://images.unsplash.com/photo-1552250550-6b157b10a60d,4016,5020,0.8,2019-03-10 20:43:42.426831,,1238655,4757
9Ku-rYWKLsI,https://images.unsplash.com/photo-1558087593-b22585d6324f,2384,4240,0.56,2019-05-17 10:25:05.149631,,196504,1496
XA-Qaz7Ds10,https://images.unsplash.com/photo-1546027266-46d6e8ca202d,3456,5184,0.67,2018-12-28 20:01:34.712714,United States,242489,1387
v0JgZtpCN2o,https://images.unsplash.com/photo-1567712559124-2bf0fb018175,4000,6000,0.67,2019-09-05 19:50:28.054423,,192788,2058
1SoH2oBDKQo,https://images.unsplash.com/photo-1578696976545-872e432862b5,6016,4016,1.5,2020-01-10 22:58:39.781392,Canada,476770,1524
zi72GAIX02s,https://images.unsplash.com/photo-1547208474-c8ac5020d8e2,5472,3648,1.5,2019-01-11 12:15:42.933282,,996774,4540
4oovIxttThA,https://images.unsplash.com/photo-1560850038-f95de6e715b3,5025,3141,1.6,2019-06-18 09:36:35.94311,,2197053589,295200
e2uTOpgW5Ec,https://images.unsplash.com/photo-1513147122760-ad1d5bf68cdb,5472,2736,2.0,2017-12-13 06:39:19.372069,Switzerland,4178295,47337
yBXLjBteptw,https://images.unsplash.com/photo-1415912364061-78a25859c0fa,3456,2304,1.5,2014-11-13 20:59:34.027149,,3354039,30806
wfPbE-Zo9as,https://images.unsplash.com/photo-1578587963053-18b35fe8f4aa,6000,4000,1.5,2020-01-09 16:40:00.442448,Iran,949560,2818
1fUu0dratoM,https://images.unsplash.com/photo-1433477077279-9354d2d72f6b,4861,3178,1.53,2015-06-05 04:04:49.558577,,16804866,446923
GY6ViMxtmDE,https://images.unsplash.com/photo-1507988914355-bf49fdbc7368,3901,5999,0.65,2017-10-14 13:50:03.446236,Latvia,2348213,20353
SfLxL2Fayw8,https://images.unsplash.com/photo-1552571021-c38625e5ab41,2857,3571,0.8,2019-03-14 13:44:44.005993,Australia,1874351,6382
XEXy2MPrj-0,https://images.unsplash.com/photo-1542831478-ffe34bd39eee,4397,6595,0.67,2018-11-21 20:21:07.490888,,406571,1959
9AjPn-m8O9c,https://images.unsplash.com/photo-1560343301-5a60950e5e53,3176,4047,0.78,2019-06-12 12:41:52.203291,,684131,2236
W2KxOhKyVlk,https://images.unsplash.com/photo-1551332190-960b19c289c3,3264,4569,0.7099999999999999,2019-02-28 05:37:52.537827,,341714,1589
HPHtMOJvHDM,https://images.unsplash.com/photo-1588499301379-f73929c79f74,2667,4000,0.67,2020-05-03 09:48:36.215286,,753900,4154
HegxX0qHXRg,https://images.unsplash.com/photo-1578153461291-9d13cba3a195,2928,1796,1.63,2020-01-04 16:00:47.580846,,99045,944
4GjwnOntgGQ,https://images.unsplash.com/photo-1547198378-f5c4e9ca62c7,3456,5184,0.67,2019-01-11 09:20:23.549695,,550339,4471
ImNPwqsj4jQ,https://images.unsplash.com/photo-1547915669-f0e054a78784,3648,2432,1.5,2019-01-19 17:11:30.104654,,84685,1824
KpouF2UR_JA,https://images.unsplash.com/photo-1447311158516-a2578c22260d,3264,2448,1.33,2015-11-12 06:51:19.335567,Taiwan,1628358,6899
Y_ckR6AQpak,https://images.unsplash.com/photo-1546444575-95793abb97dd,7952,5304,1.5,2019-01-02 15:57:06.636705,,253829,2697
O_NpTrtdzx0,https://images.unsplash.com/photo-1541941069698-4b5ca745d7e1,4480,6720,0.67,2018-11-11 13:00:01.71329,Germany,3159052,17536
gIa-m2iggQg,https://images.unsplash.com/photo-1590454748848-8406a4e7fff3,3968,5276,0.75,2020-05-26 00:59:40.046083,,271035,1163
gUU2P6KNEAk,https://images.unsplash.com/photo-1587908009123-01351914c2fa,3905,5857,0.67,2020-04-26 13:33:58.182645,Brasil,1149503,6096
R6fs9tqTVpQ,https://images.unsplash.com/photo-1575022590568-3b223bd2dde1,5557,7409,0.75,2019-11-29 10:19:52.389868,,619463,1688
3z_4KpP7djs,https://images.unsplash.com/photo-1584473456307-03696d3f072d,3648,5472,0.67,2020-03-17 19:33:02.100302,United States,646763,3066
dzCSTLjLZa8,https://images.unsplash.com/photo-1575185627616-bc7ae3a309ca,3456,5184,0.67,2019-12-01 07:33:55.763213,,499217,1035
cMo2YQXxTyQ,https://images.unsplash.com/photo-1581680434855-c1a17e0a4c43,3072,4604,0.67,2020-02-14 11:40:46.630862,미국,509893,1082
9I43XMuXWdk,https://images.unsplash.com/photo-1552598390-b9bad309671a,6000,4000,1.5,2019-03-14 21:54:10.048759,,647429,5437
ZKE9vySEeoI,https://images.unsplash.com/photo-1543416112-039c9e03d463,5472,3648,1.5,2018-11-28 14:42:57.452476,,333494,3126
dM317CbttyY,https://images.unsplash.com/photo-1583753075968-1236ccb83c66,3124,3997,0.78,2020-03-09 11:26:02.834583,Vietnam,5485697,44325
Xb8-etU90Ko,https://images.unsplash.com/photo-1545555639-4d3bc13ba3df,6000,3285,1.83,2018-12-23 09:01:00.974014,,744169,5302
TqupGKYflDo,https://images.unsplash.com/photo-1550620557-6d396306f0be,5461,3641,1.5,2019-02-19 23:56:20.550554,Australia,1834612,9306
rR3RPRDhjwM,https://images.unsplash.com/photo-1591985791413-7b3a140ce746,3280,4928,0.67,2020-06-12 18:25:56.543306,Россия,445897,2652
v8-cAH5cmTU,https://images.unsplash.com/photo-1431905790757-50a5ba2ca70e,2988,5312,0.56,2015-05-17 23:36:45.113634,,3524863,27568
dxC84vR2-8U,https://images.unsplash.com/photo-1544552866-112f7e46923f,5231,3487,1.5,2018-12-11 18:28:44.820387,Maldives,887293,6872
LFWIxEGvwiE,https://images.unsplash.com/photo-1682534434080-404a5edda2f3,4533,6799,0.67,2023-04-26 18:43:34.518371,United States,809416,6129
WFSSsl82MEE,https://images.unsplash.com/photo-1583552188985-287bfea998c5,3414,5121,0.67,2020-03-07 03:44:13.892278,United States,167971,921
9vu8sY8fpnc,https://images.unsplash.com/photo-1416512048579-135419d176dd,3680,2456,1.5,2014-11-20 19:34:14.903993,,1576580,6325
ysRLATH07ck,https://images.unsplash.com/photo-1543016509-e6d4d74b9d90,8192,5461,1.5,2018-11-23 23:42:35.379692,,490014,5233
JiMenx-vBL8,https://images.unsplash.com/photo-1571608192336-8db4acc4fb35,4000,6000,0.67,2019-10-20 21:52:44.69472,,248087,1173
cKLr1zNnCzg,https://images.unsplash.com/photo-1472501814172-342d019bb470,3420,2280,1.5,2016-08-29 20:17:57.0229,United Kingdom,4072073,16687
xdxK5PwIl9Y,https://images.unsplash.com/photo-1553813589-7eb7256127a6,3456,5184,0.67,2019-03-28 22:53:20.41239,,184361,905
nsFLt0rBQHI,https://images.unsplash.com/photo-1571235908530-fccae94bb402,3766,2511,1.5,2019-10-16 14:25:23.969005,Indonésie,16615077,13626
gNRqK6A7EeQ,https://images.unsplash.com/photo-1587914927775-03c165c673e9,3918,5877,0.67,2020-04-26 15:29:01.537047,Brasil,774401,4366
DM8uHVut4Ig,https://images.unsplash.com/photo-1567447812294-e6506103def6,4000,6000,0.67,2019-09-02 18:10:26.500547,Austria,4779694,7428
B51qcq7LO4w,https://images.unsplash.com/photo-1571075547867-f36e5ca05913,4184,2690,1.56,2019-10-14 17:52:53.483472,,155973,1574
l2ZuQSwFOvU,https://images.unsplash.com/photo-1581491492782-a59d08b4b577,4128,5160,0.8,2020-02-12 07:15:04.186921,Singapore,1364654,5174
znGRjrQMeP4,https://images.unsplash.com/photo-1546460573-f25a6e00db26,5760,3840,1.5,2019-01-02 20:23:07.694455,,662641,4749
MJDmIOxaV-k,https://images.unsplash.com/photo-1588531606690-b4149d2da7bd,3140,2093,1.5,2020-05-03 18:46:59.247366,México,1080744,8779
mempK-jVL38,https://images.unsplash.com/photo-1558120040-bdbe5899d197,4984,3388,1.47,2019-05-17 19:08:58.064015,,310629,1910
P8eAhRkJ2hA,https://images.unsplash.com/photo-1444798314188-37dfab92dfa2,3264,2448,1.33,2015-10-14 04:53:02.712802,United States,2402758,16412
SF4gmhPd84M,https://images.unsplash.com/photo-1506284728125-4e5ec770a8f2,7952,5304,1.5,2017-09-24 20:26:32.920198,Canada,661163,6234
nYWfRIdG3H4,https://images.unsplash.com/photo-1587814727657-2e2bfbb11036,2385,4240,0.56,2020-04-25 11:39:51.868674,,798649,3401
b7S-gT-FeVk,https://images.unsplash.com/photo-1575768384544-e12828c04e1e,3888,5184,0.75,2019-12-08 01:30:54.044488,United States,1396238,5241
kmQFBYibklw,https://images.unsplash.com/photo-1577809986295-cfa34464e8a3,3448,5168,0.67,2019-12-31 17:05:58.869976,,127714,790
4wkhi0pAJq4,https://images.unsplash.com/photo-1478812049958-3f92a6ddec67,4896,3264,1.5,2016-11-10 21:07:55.787505,,1462443,5711
cVsgco75YSM,https://images.unsplash.com/photo-1554089989-aac127661833,3562,4493,0.79,2019-04-01 03:40:22.356743,,98162,744
araXo8K1RhI,https://images.unsplash.com/photo-1529852766667-d93fae7b267c,6000,4000,1.5,2018-06-24 15:09:21.519381,Morocco,1921572,7407
vqU47hNXGE0,https://images.unsplash.com/photo-1567962443865-54d86d79e090,3840,5760,0.67,2019-09-08 17:08:26.709545,,5109114,34964
AtSgtZcxZFc,https://images.unsplash.com/photo-1503291075704-9eacfa24e808,4000,6000,0.67,2017-08-21 04:52:58.232869,Iran,1132252,4192
1WhW787C2UE,https://images.unsplash.com/photo-1565032398620-9291dc457b00,4024,6048,0.67,2019-08-05 19:13:33.514232,,421696,3032
NORa8-4ohA0,https://images.unsplash.com/photo-1445233566136-a2a4e2c38bc2,3264,4896,0.67,2015-10-19 05:56:00.007967,,14309066,121345
nh-SCu_iVuQ,https://images.unsplash.com/photo-1549248263-70436d1848b1,3992,2242,1.78,2019-02-04 02:45:27.249155,,3000489,2260
TJO8EfZgYog,https://images.unsplash.com/photo-1572182327310-2fff89ba39c1,4240,2832,1.5,2019-10-27 13:30:22.387335,,783883,4132
GdOvl0W2msk,https://images.unsplash.com/photo-1446052822510-19cf420ca93b,4864,3238,1.5,2015-10-28 17:22:12.040557,,2833110,16837
yxFbkyNhF-c,https://images.unsplash.com/photo-1486685919142-89cc9fc91ef6,4000,3000,1.33,2017-02-10 00:19:45.192147,,3909143,16320
qDEpYELCJhM,https://images.unsplash.com/photo-1565964230413-bd0f76494c7c,6192,8256,0.75,2019-08-16 14:11:54.170608,,73614,439
G0Ot7IsL-_I,https://images.unsplash.com/photo-1587619884851-7e6359bdfb60,3648,5472,0.67,2020-04-23 05:31:53.22425,,545985,1990
zIrrF7Bx3pQ,https://images.unsplash.com/photo-1500709664422-457e638cf0f3,4570,6854,0.67,2017-07-22 07:50:33.950669,,1609655,13498
goZ1M5TVjag,https://images.unsplash.com/photo-1465841128753-808139f0a99a,3264,2448,1.33,2016-06-13 18:09:06.378189,Austria,1464053,5392
sIfJN_R8TPs,https://images.unsplash.com/photo-1577447281440-0400a5b0b079,3113,4669,0.67,2019-12-27 11:54:41.864332,United Kingdom,180314,934
s2LwfRvjSac,https://images.unsplash.com/photo-1546059606-a952caaed1db,2333,3500,0.67,2018-12-29 05:00:24.59984,,340301,708
VxSO1Blu8GY,https://images.unsplash.com/photo-1551005916-441029614e3b,6000,4000,1.5,2019-02-24 11:02:06.591004,,933553,4811
JxW9zJOyfMQ,https://images.unsplash.com/photo-1483002683601-435849f14fac,7349,4269,1.72,2016-12-29 09:15:20.280081,United Kingdom,2723409,14770
9Gmf3HPHK8o,https://images.unsplash.com/43/ZICikSG3ThGy1i2JCnYP_4.jpg,5184,3456,1.5,2014-04-29 20:14:00,,5929565,36373
59drqR6Xr9Y,https://images.unsplash.com/photo-1552862750-b094e9d71c2e,4368,2457,1.78,2019-03-17 22:47:00.822952,,322333,4514
sLOxRwj5uT0,https://images.unsplash.com/photo-1592010092902-9d349b05fc04,4445,6667,0.67,2020-06-13 01:04:37.420977,,356068,2726
Hj_VyIUHe14,https://images.unsplash.com/photo-1559356155-e2e90626a5de,5184,3456,1.5,2019-06-01 02:31:10.248892,,522583,1896
QcRIbY2XqPE,https://images.unsplash.com/photo-1547005327-ef75a6961556,2563,2597,0.99,2019-01-09 03:42:15.217193,,2597483,20425
hamoRN8LO6A,https://images.unsplash.com/photo-1568605447135-30c22eac61cb,6016,4016,1.5,2019-09-16 03:44:45.120595,Australia,1226117,4809
CgnjTR1sauc,https://images.unsplash.com/photo-1557250263-f80183ddbb95,3680,3681,1.0,2019-05-07 17:31:05.782549,,246912,2324
MrUFr8GsQAk,https://images.unsplash.com/photo-1440986136501-8765ecc672ef,2500,1667,1.5,2015-08-31 01:56:07.850336,Canada,2278514,7208
9w8RQrQzqjQ,https://images.unsplash.com/photo-1569358848951-caba0a7a8b52,3114,3892,0.8,2019-09-24 21:03:57.203692,,925031,3872
2YKiR1UaRMk,https://images.unsplash.com/photo-1571648703602-b830e183d5da,6555,4370,1.5,2019-10-21 09:07:49.31343,,604338,2145
YFseP6R5Tn4,https://images.unsplash.com/photo-1495897729790-8c66cf8f9ccd,5427,3623,1.5,2017-05-27 15:09:22.312096,,752727,5901
MiF8w7M70Mw,https://images.unsplash.com/photo-1578332468661-fa8eeac08474,2048,3089,0.66,2020-01-06 17:41:12.357385,,448015,993
Y2DQpf4ennA,https://images.unsplash.com/photo-1567540129229-8697dfb8f28b,3024,4032,0.75,2019-09-03 19:49:45.439423,,866976,3056
KrJ03A1r8Qo,https://images.unsplash.com/photo-1495305724532-6e9e60b491f5,4368,2912,1.5,2017-05-20 18:45:13.346721,Lithuania,1484107,7591
FEHiD2DJgpA,https://images.unsplash.com/photo-1580077292132-8b623d222710,5929,3953,1.5,2020-01-26 22:22:52.355455,,365985,1295
5tLCBKwIotk,https://images.unsplash.com/photo-1597776195146-6d275d4027bf,4500,5625,0.8,2020-08-18 18:43:27.339212,,401410,1705
VSBonHHIo0k,https://images.unsplash.com/photo-1483818393761-3b8c1f18c185,3456,5184,0.67,2017-01-07 19:47:02.843391,,1832089,7602
lO-0vrsPjjg,https://images.unsplash.com/photo-1636483522002-2c1987c4dc07,3714,2624,1.42,2021-11-09 19:29:26.759051,Spain,372059,4839
-_g2m_6PzQk,https://images.unsplash.com/photo-1591386606223-6163a282ac3f,6840,4620,1.48,2020-06-05 19:53:10.476683,,392999,3118
_bQFVR3DF68,https://images.unsplash.com/photo-1592854366537-9964ab64ad70,3456,4608,0.75,2020-06-22 19:43:32.24629,,196510,1614
bAc7kzkiFoE,https://images.unsplash.com/photo-1544635512-c70b3710b726,5304,7952,0.67,2018-12-12 17:26:14.562751,,3380828,4025
1tE75ajQzmY,https://images.unsplash.com/photo-1427940729808-51bf923efc26,7360,4912,1.5,2015-04-02 02:14:06.399221,,2055625,7029
ZgDa2R9Zbo4,https://images.unsplash.com/photo-1609780175985-a281cbb561bd,4000,6000,0.67,2021-01-04 17:13:07.893999,Deutschland,116160,1408
xaJxtlQySzw,https://images.unsplash.com/photo-1573917137042-9d854e5b0878,3264,4704,0.69,2019-11-16 15:18:00.636508,,98815,455
DzXiOcvR1j4,https://images.unsplash.com/photo-1551793002-9ee39511e8cd,6720,4480,1.5,2019-03-05 13:38:16.718188,Czech republic,445060,4854
FtwksVn6V9A,https://images.unsplash.com/photo-1578518770973-a4615aa9fd5f,3744,5616,0.67,2020-01-08 21:28:46.419132,Austria,395718,1357
KSLy7L2neIs,https://images.unsplash.com/photo-1579236389867-26388c47be13,4000,6000,0.67,2020-01-17 04:46:38.705873,Соединенные Штаты Америки,1151285,4269
JoGNHupiwuA,https://images.unsplash.com/photo-1562826542-449090f38c70,2400,3000,0.8,2019-07-11 06:34:52.298206,,1231675,7505
x-sFPZd0yaw,https://images.unsplash.com/photo-1543081801-7adb586e1104,4832,4760,1.02,2018-11-24 18:07:47.601201,,161038,1763
94QcwAEgcS8,https://images.unsplash.com/photo-1560289813-b45f38fe8ace,2843,4293,0.66,2019-06-11 22:41:34.431255,,742919,3166
AVGKmt5TqqQ,https://images.unsplash.com/photo-1530645561283-171581f1b1cb,6000,4000,1.5,2018-07-03 19:21:13.436768,United States,1025815,8801
f9dOqzYRAcU,https://images.unsplash.com/photo-1592415038850-31a750de8db9,4160,6240,0.67,2020-06-17 17:34:15.311657,United States,168908,1994
mVBtKxXYaQk,https://images.unsplash.com/photo-1512994182823-6ddc7b9ddd58,6000,4000,1.5,2017-12-11 12:10:52.094577,,415894,2322
na_ixmBlOmQ,https://images.unsplash.com/photo-1466522016863-25afc3d7d2f7,3072,2048,1.5,2016-06-21 15:17:09.905476,,2484207,13852
soGoAfesWO8,https://images.unsplash.com/photo-1476044591369-74ee6ac6899c,5184,3456,1.5,2016-10-09 20:24:25.660841,Norway,7907166,89459
fEgwf6BE920,https://images.unsplash.com/photo-1543385383-34a9885acf0e,3000,1759,1.71,2018-11-28 06:09:57.411129,,389130,2482
5a7tezD_CTU,https://images.unsplash.com/photo-1579833105017-c8359cd0450b,6720,4480,1.5,2020-01-24 02:32:52.542972,,282793,2251
RlSBud7YmWY,https://images.unsplash.com/photo-1428393989436-6945d21b2ec9,8192,1984,4.13,2015-04-07 08:07:01.69749,,159945,1374
k8d6bp2Zh3Q,https://images.unsplash.com/photo-1590918202775-d8658310806d,3024,4032,0.75,2020-05-31 09:46:12.434898,Iran,355210,2636
YWWMGwXX2JY,https://images.unsplash.com/photo-1474962629293-9270608dada8,3992,2992,1.33,2016-09-27 07:51:19.521735,United States,2324569,17374
aQx1sz3cbpQ,https://images.unsplash.com/photo-1560773526-435221de2527,3992,2992,1.33,2019-06-17 12:12:22.004023,,27655890,84938
xF_X9TYkHMo,https://images.unsplash.com/photo-1598213038104-1fa51fe828af,5002,3335,1.5,2020-08-23 20:06:50.527143,,122697,898
-wqCp_SZ7ls,https://images.unsplash.com/photo-1567989353736-4cc275a9f399,8688,5792,1.5,2019-09-09 00:37:17.293486,,1350732,3410
fRcGuKFVX9c,https://images.unsplash.com/photo-1546892527-9d0171474520,4000,6000,0.67,2019-01-07 20:22:13.415477,Netherlands,702242,1863
ECfXzVx-E5c,https://images.unsplash.com/photo-1562120394-6ead16824ed4,3072,4608,0.67,2019-07-03 02:20:21.749193,,577112,1523
8Ce-NRKCq4s,https://images.unsplash.com/photo-1541797278110-6eb37eef25c0,4325,2733,1.58,2018-11-09 21:02:25.724778,United Kingdom,1921048,13868
O_9Hc2bhpbM,https://images.unsplash.com/photo-1581899866921-6707a908e022,4604,3072,1.5,2020-02-17 00:37:49.726316,미국,494607,2896
brgihxn3nhY,https://images.unsplash.com/photo-1542526274-aee22b91a7aa,2874,4339,0.66,2018-11-18 07:32:59.895233,,695919,5240
ch-mPpglKjQ,https://images.unsplash.com/reserve/zU6fwmDaSVWZdCXcZfot_IMG_3838.JPG,5184,3456,1.5,2014-04-24 17:31:42,,20783202,135813
-QGe504tURw,https://images.unsplash.com/photo-1542604872-8dcb8862d430,6000,4000,1.5,2018-11-19 05:21:34.438501,,322004,3364
e9WHTFTQfKU,https://images.unsplash.com/photo-1517320954506-881e4f05a10c,3691,5536,0.67,2018-01-30 14:08:56.962829,Italy,3742770,62440
dW6SQObWwCE,https://images.unsplash.com/photo-1580122252338-6d72148aca2b,3411,5116,0.67,2020-01-27 11:05:14.320238,South Africa,592372,1360
jSYvMM1OuGU,https://images.unsplash.com/photo-1573304937059-ad65cdef1092,2362,3753,0.63,2019-11-09 13:08:58.381484,,156095,1278
UrgYjACxvaI,https://images.unsplash.com/photo-1458322493962-69c5a4ef7ddf,3456,2304,1.5,2016-03-18 17:35:36.324071,India,86005998,213406
b6WgV0h5KLQ,https://images.unsplash.com/photo-1579603046245-cafaa03a8a94,5184,3456,1.5,2020-01-21 10:37:50.988971,,242486,1978
SBKdiLOmylc,https://images.unsplash.com/photo-1573692822546-99d57af10a33,5304,7952,0.67,2019-11-14 01:10:24.383587,,1722155,8766
XPpm_WL-DnY,https://images.unsplash.com/photo-1553917616-c581e69d7b7e,3610,4512,0.8,2019-03-30 03:48:52.880109,,452818,1326
P680ku9WLHA,https://images.unsplash.com/photo-1559538619-79636b249e31,3399,4249,0.8,2019-06-03 05:10:21.445069,,1564999,29308
JonGFaeFPgg,https://images.unsplash.com/photo-1511468102400-883d6ea28755,6000,4000,1.5,2017-11-23 20:17:02.388695,Germany,9492120,20948
2_kiYSibmh4,https://images.unsplash.com/photo-1572189600006-fc88fbbe99e1,3265,4898,0.67,2019-10-27 15:20:29.663071,United Kingdom,592572,1435
VxNxsEx18wo,https://images.unsplash.com/photo-1459243835408-805b3f8f505f,6016,4016,1.5,2016-03-29 09:31:46.565952,Austria,1064218,7006
9gg22ydLn9M,https://images.unsplash.com/photo-1561815745-12264a60597f,6486,4324,1.5,2019-06-29 13:43:56.348854,,569908,2070
y0V7dzUfKMI,https://images.unsplash.com/photo-1580314489846-f237585d3688,5504,8256,0.67,2020-01-29 16:18:58.66077,,89301,501
8r6pbTZojRc,https://images.unsplash.com/photo-1509940870879-6bdb2daffa31,8688,5792,1.5,2017-11-06 04:01:43.735717,United States,244317,2133
XmqsrSq63q4,https://images.unsplash.com/photo-1424764016210-9482f49dde7f,4816,3056,1.58,2015-02-24 07:53:11.17893,,2383935,13424
H_a57GKWIMI,https://images.unsplash.com/photo-1501696057772-02661ce93702,5472,3648,1.5,2017-08-02 17:54:10.255526,,4813921,21766
OR_3rbIv5yI,https://images.unsplash.com/photo-1436968188282-5dc61aae3d81,4288,2848,1.51,2015-07-15 13:52:01.798589,Japan,69759767,197407
dUeD4im5YSQ,https://images.unsplash.com/photo-1550856015-de3a3956c67d,7952,5304,1.5,2019-02-22 17:20:27.161198,Switzerland,1600786,11169
3cq6kDeKlbQ,https://images.unsplash.com/photo-1551816871-879ede706be3,4000,6000,0.67,2019-03-05 20:14:54.262275,,692399,4682
q7Xl1XYUS_o,https://images.unsplash.com/photo-1547490085-c71634afe1a4,2835,3780,0.75,2019-01-14 18:24:45.95412,,324814,1496
nwROzyFBB64,https://images.unsplash.com/photo-1551171129-7ebac0152f60,3930,5895,0.67,2019-02-26 09:02:57.685009,Jordan,10733557,45089
S5Khu-gxAlY,https://images.unsplash.com/photo-1508529044574-59120aab8253,4000,6000,0.67,2017-10-20 20:05:33.43175,Peru,1748646,13664
kOcPPFamcag,https://images.unsplash.com/photo-1587825027984-c4476461c8f9,4000,6000,0.67,2020-04-25 14:30:38.763827,Україна,1011202,2651
xme2qFpwm6E,https://images.unsplash.com/photo-1588894181387-939771976bdd,2226,3647,0.6099999999999999,2020-05-07 23:29:56.132739,,1466361,8319
3eLY9nwyqqE,https://images.unsplash.com/photo-1517002152503-aeda5fe2cd36,3149,3935,0.8,2018-01-26 21:30:11.724282,,3687769,69145
owLO80GIjac,https://images.unsplash.com/photo-1567429160763-71ad1558ae17,3276,4096,0.8,2019-09-02 12:59:49.387675,Germany,216258,1545
SQt0ZDqNapg,https://images.unsplash.com/photo-1552478099-e4c486e8d4c4,3992,2992,1.33,2019-03-13 11:55:56.485794,,783770,3221
qHW_RiXD434,https://images.unsplash.com/photo-1570321587442-6a12011c032f,6240,4160,1.5,2019-10-06 00:28:44.619072,,68038,1079
JhnvVKkXZzs,https://images.unsplash.com/photo-1586399254799-4aa9a5de3f4f,4272,2848,1.5,2020-04-09 02:27:58.422723,Canada,910847,3064
6bffWawCFcw,https://images.unsplash.com/photo-1550184816-3eeadf82295f,3024,4032,0.75,2019-02-14 22:54:01.606907,Iceland,3214889,28348
f_bZb6scMDk,https://images.unsplash.com/photo-1463331100952-5a05df40993c,2817,1876,1.5,2016-05-15 16:51:58.754646,Ukraine,1859868,7445
JJkDsbN3FQ0,https://images.unsplash.com/photo-1582993313053-0bffb8cd4558,3262,4447,0.7299999999999999,2020-02-29 16:22:19.564116,,167290,1196
aSzX2uvAxlQ,https://images.unsplash.com/photo-1496040992316-1030ece16674,5594,3729,1.5,2017-05-29 06:58:16.084422,,6695599,10842
KhQ0ea2v0lY,https://images.unsplash.com/photo-1575552141760-5474ad7db261,6192,8256,0.75,2019-12-05 13:27:23.333179,,643376,1659
E-6ZENGgngU,https://images.unsplash.com/photo-1548774874-0ea25f574353,3875,5015,0.77,2019-01-29 15:15:12.872983,United States,622127,4347
AnXH7WtNP4k,https://images.unsplash.com/photo-1545990148-6645a15bfee6,4912,3264,1.5,2018-12-28 09:44:16.615293,,1265464,6346
GLmhbqbn1WA,https://images.unsplash.com/photo-1516059123626-07d37ee58f94,5976,3989,1.5,2018-01-15 23:33:36.693896,United States,2147023,31367
N_G2Sqdy9QY,https://images.unsplash.com/photo-1545529468-42764ef8c85f,6016,4000,1.5,2018-12-23 01:46:50.506459,Mexico,6228940,77008
74PvIANT2TQ,https://images.unsplash.com/photo-1544797087-0ac5e7c5da32,5992,3995,1.5,2018-12-14 14:18:33.553812,Switzerland,9518622,10793
BiyVuXGiF7s,https://images.unsplash.com/photo-1431629452562-165c8f49fc97,6016,4016,1.5,2015-05-14 18:57:44.543608,,9712481,58441
JQVoVeltjCk,https://images.unsplash.com/photo-1511426150138-69a602df5cf8,5619,3747,1.5,2017-11-23 08:37:39.365979,United States,543023,3479
Uuh0K9YtNM8,https://images.unsplash.com/photo-1486787284432-3749cdce2660,6000,3376,1.78,2017-02-11 04:34:53.014808,Colombia,3602906,33947
gweOVL1QjPo,https://images.unsplash.com/photo-1434600705575-4285a88363a8,5834,3879,1.5,2015-06-18 04:12:07.0801,,9507540,66577
kVwPcYo1Z3I,https://images.unsplash.com/photo-1569817365628-b39fa699b7ba,4000,6000,0.67,2019-09-30 04:23:18.239093,,855829,2542
sliNTaUWgX8,https://images.unsplash.com/photo-1579707812346-7ad7a0997f8e,3368,4210,0.8,2020-01-22 15:54:27.777511,Portugal,2803416,20114
kx8FdCycanQ,https://images.unsplash.com/photo-1446861165121-b6ce118a04e1,3943,5325,0.7399999999999999,2015-11-07 01:54:26.363362,Canada,1439254,3925
wlkFoaFbqNk,https://images.unsplash.com/photo-1564406860401-1a35364fb9b9,6720,4480,1.5,2019-07-29 13:28:43.240152,,4468425,25843
dg5KvcVv7tU,https://images.unsplash.com/photo-1422225439441-f09fb9a237b7,6000,3359,1.79,2015-01-25 22:42:07.515167,,2741639,16741
3vhXlBFfQxY,https://images.unsplash.com/photo-1556539813-c27cfcfda7e8,6000,4000,1.5,2019-04-29 12:10:29.648356,,362547,3025
cBYOgEBN9BY,https://images.unsplash.com/photo-1542449692-4f2fea8aeecb,5184,3456,1.5,2018-11-17 10:15:04.886659,,377661,3028
WaX1Wg160h4,https://images.unsplash.com/photo-1550106178-0970fa4ab7f6,3962,2641,1.5,2019-02-14 01:03:07.690434,beijing,2026915,8463
XeOO8ir_YHs,https://images.unsplash.com/photo-1592769606534-fe78d27bf450,3305,4958,0.67,2020-06-21 20:00:41.596679,United States,4443206,41608
jrzvClypPq8,https://images.unsplash.com/20/wood-snake.JPG,2048,1365,1.5,2013-12-04 20:04:18,USA,12061097,32475
xGltqb1ChYw,https://images.unsplash.com/photo-1551692554-d83872f34d55,3226,4839,0.67,2019-03-04 09:44:07.714823,Norway,1544793,14989
6BQyHtYSb5E,https://images.unsplash.com/photo-1552055568-e9943cd2a08f,3968,2976,1.33,2019-03-08 14:34:09.971857,Sri Lanka,5654530,54101
IBoGXExoLVk,https://images.unsplash.com/photo-1572829617935-3c8b7fe5f0c8,2073,3686,0.56,2019-11-04 01:07:07.765793,,6742286,12946
Q3i_7LfzyE0,https://images.unsplash.com/photo-1597935742145-fc032e5b1124,4000,5747,0.6999999999999998,2020-08-20 15:03:15.10514,Indonesia,187037,2656
Qp_daCPAkoo,https://images.unsplash.com/photo-1552946490-bb34f4036667,3648,5472,0.67,2019-03-18 22:01:34.682588,,659852,6221
ZWgcuq94vqM,https://images.unsplash.com/photo-1554522844-a4ce09fd8313,3648,5472,0.67,2019-04-06 03:55:22.322592,,735808,2144
upYdB_zSvAo,https://images.unsplash.com/photo-1558398091-856200b30f56,3888,5184,0.75,2019-05-21 00:23:20.064138,,720402,2348
rXkvnIliIGs,https://images.unsplash.com/photo-1643400812627-288aa24ccd29,4000,3000,1.33,2022-01-28 20:48:18.059073,Brazil,510807,5121
Et-TyYbzrY8,https://images.unsplash.com/photo-1436772275169-d8467f9d5aa5,4775,3183,1.5,2015-07-13 07:23:53.590616,,313598,5867
AQ7bMjtw6mg,https://images.unsplash.com/photo-1587548271192-6e1a40f6f88f,4000,6000,0.67,2020-04-22 09:42:40.821527,,765304,2113
IZLIeUo0xkY,https://images.unsplash.com/photo-1549453804-f5c9c66ea2ef,3368,4838,0.6999999999999998,2019-02-06 11:59:37.145403,Morocco,792722,3193
teEl8_uC2UQ,https://images.unsplash.com/photo-1554752957-6a8b88248ca0,2616,3924,0.67,2019-04-08 19:49:31.390882,,745725,2349
d2T2IFaWUzY,https://images.unsplash.com/photo-1580362204378-d08147a90577,5332,3000,1.78,2020-01-30 05:30:25.438765,Indonesia,445243,2553
pVl_uUIpZug,https://images.unsplash.com/photo-1546890522-6459c9b83b15,3265,4898,0.67,2019-01-07 19:48:48.384195,,258381,1627
h2wM8ZprLIQ,https://images.unsplash.com/photo-1590615216008-8921f03835d4,5183,3454,1.5,2020-05-27 21:34:42.821303,Iceland,553047,13000
9R5FnAn5tYM,https://images.unsplash.com/photo-1547856954-24517381e230,3840,2552,1.5,2019-01-19 00:18:13.074163,,803439,3497
3FVeCbX6OrY,https://images.unsplash.com/photo-1584028887908-f6d2257fe9d4,5184,3456,1.5,2020-03-12 16:01:38.53419,United States,5867857,40177
U7jr4ZE7reQ,https://images.unsplash.com/flagged/photo-1551706646-9c816bfbff8c,4640,3480,1.33,2019-03-04 13:37:58.215919,,1142763,7076
OmfMncXSshw,https://images.unsplash.com/photo-1563166044-661667b14c33,3000,4000,0.75,2019-07-15 04:49:35.948037,,214803,1239
qCoXJhVtVTE,https://images.unsplash.com/photo-1550955676-be18abcc851c,3216,2136,1.51,2019-02-23 21:17:27.873719,Jordan,566009,4614
x3OSAqWYWaU,https://images.unsplash.com/photo-1580101640869-5003051a43c8,4096,2730,1.5,2020-01-27 05:07:21.635193,Mexico,460978,1451
QG4QBzAEU9w,https://images.unsplash.com/photo-1570450418829-4a7d2d33b983,3456,5184,0.67,2019-10-07 12:14:43.364068,,1710762,6339
QFMOJsn_3T0,https://images.unsplash.com/photo-1580979200766-5bd21f8437c9,7388,8816,0.8399999999999999,2020-02-06 08:56:57.963843,,805455,3136
GDvUVWsPnnI,https://images.unsplash.com/photo-1550694578-9128cb480494,5703,3802,1.5,2019-02-20 20:30:52.939257,,316568,3019
hpyywppDJug,https://images.unsplash.com/photo-1592521899536-f29d0fbc382e,5476,3651,1.5,2020-06-18 23:14:49.993075,United States,224146,2402
Q5oFixaamNg,https://images.unsplash.com/photo-1455424910085-054164782adc,6000,4000,1.5,2016-02-14 04:44:42.522175,,1406233,6394
iBh14jRMBI4,https://images.unsplash.com/photo-1462834254122-801b9e967783,4351,2869,1.52,2016-05-09 22:50:26.644099,United States,996827,8288
9tiVcbwbZ9M,https://images.unsplash.com/photo-1536237482339-e8b36fe0bc63,4752,3168,1.5,2018-09-06 12:39:50.069056,Morocco,2270370,42348
4dKe5pHNahs,https://images.unsplash.com/photo-1567365167067-5da250d258a5,3888,5184,0.75,2019-09-01 19:13:13.419431,,841081,4454
W5jVoQ7jTK0,https://images.unsplash.com/photo-1564541370433-56c154dbbe70,3456,4320,0.8,2019-07-31 02:49:45.882732,Canada,6052348,3316
LUpby1ackK8,https://images.unsplash.com/photo-1565527891306-59584ec1d524,4404,6606,0.67,2019-08-11 12:55:29.46582,,10757148,11563
1DljuMaWA9g,https://images.unsplash.com/photo-1590755202874-2e48e32ed07a,5311,3712,1.43,2020-05-29 12:28:26.500491,,224779,1502
Oo2f26k1vFY,https://images.unsplash.com/photo-1558058038-29dfa4cb3c49,3459,5189,0.67,2019-05-17 01:54:23.514614,,652246,1259
hgi49DwJPaY,https://images.unsplash.com/photo-1528743422608-84197f18e6cd,4912,7360,0.67,2018-06-11 18:59:35.812826,United Kingdom,826631,9377
65fsWXV1dxc,https://images.unsplash.com/photo-1590530295244-a03d3462e5af,4000,5077,0.79,2020-05-26 21:58:38.778694,United States,452971,2266
TF9OYaMVDOI,https://images.unsplash.com/photo-1567852071231-8c685b8bb6b3,2038,3236,0.63,2019-09-07 10:42:02.792022,Italia,245842,1416
73vvJpmi-Vg,https://images.unsplash.com/photo-1568633569486-dcb5de18d820,4000,6000,0.67,2019-09-16 11:32:53.283243,,97996,835
5AgFO59qN4g,https://images.unsplash.com/photo-1461084807149-59fbd2626607,4005,2670,1.5,2016-04-19 16:55:38.357167,,1932434,28831
eKm1A53Af_g,https://images.unsplash.com/photo-1563028090-be505698de25,5397,3036,1.78,2019-07-13 14:29:32.828639,,325124,3432
o0a7vlxTyiE,https://images.unsplash.com/photo-1543757222-06179ce7fe1b,3360,5040,0.67,2018-12-02 13:27:15.387004,England,618757,3746
SEzVpnp0aYo,https://images.unsplash.com/photo-1431955277195-0f22b560a8e9,2839,4274,0.66,2015-05-18 13:25:10.690651,,4152558,47101
nx4YSxCmn9o,https://images.unsplash.com/photo-1590504843878-c3fd7bbfb6ca,4024,6048,0.67,2020-05-26 14:58:51.847969,United States,378844,2054
aVmXOKHtOdE,https://images.unsplash.com/photo-1576350090957-3b7738497608,3635,5453,0.67,2019-12-14 19:01:49.915475,,596923,2755
Z4M28koOUuw,https://images.unsplash.com/photo-1549741500-88daeefa3beb,3024,4032,0.75,2019-02-09 19:58:00.894649,,165751,883
oTTtl-bV7Z8,https://images.unsplash.com/photo-1577480778706-c78ff66027b5,4094,6074,0.67,2019-12-27 21:08:15.904231,Italien,489048,990
mGD3kFB5MYY,https://images.unsplash.com/photo-1468359526060-f3b07d4f057e,3888,2592,1.5,2016-07-12 21:43:33.810099,Austria,1511875,7100
lDIWCmsukmA,https://images.unsplash.com/photo-1571417591266-4aba8a60a4aa,6240,4160,1.5,2019-10-18 16:54:00.998372,,209179,1495
BnClgTh2kMU,https://images.unsplash.com/photo-1591229677225-2e8fc742b80c,3676,5514,0.67,2020-06-04 00:15:27.918726,,315651,3245
H3jicEejwlQ,https://images.unsplash.com/photo-1580324657789-bb3acf5cdbde,5718,3812,1.5,2020-01-29 19:06:57.625839,,344601,1225
VIqCeAwQ1rU,https://images.unsplash.com/photo-1571973952694-d6a23cbf4e26,6000,4000,1.5,2019-10-25 03:27:05.854362,,3895804,18741
NdMcz5d74Ak,https://images.unsplash.com/photo-1580234033313-184d6414b800,5464,3640,1.5,2020-01-28 17:56:34.984103,Polska,2094974,14601
bXHHjxFLw58,https://images.unsplash.com/photo-1551650045-fc958c7b0452,4584,3000,1.53,2019-03-03 21:54:13.975969,China,1377836,34406
DSrIOQZARW0,https://images.unsplash.com/photo-1543619599-f3842d9a1f32,6000,4000,1.5,2018-11-30 23:13:30.550138,,7730825,7926
l0oZqM8Zf1o,https://images.unsplash.com/photo-1528107415420-c9119c5a110c,4586,3065,1.5,2018-06-04 10:18:36.580625,Argentina,616435,3122
PK94wCeXdjA,https://images.unsplash.com/photo-1559899551-858327e6d0a8,4198,4411,0.95,2019-06-07 09:26:17.748555,Finland,755905,4832
vpu9PmFlBiM,https://images.unsplash.com/photo-1563625236407-04ec2b4539d0,3829,5361,0.7099999999999999,2019-07-20 12:20:53.359595,United States,12275811,14684
6TidXDBDqhA,https://images.unsplash.com/photo-1553587703-8a9f13473bc7,3221,5117,0.63,2019-03-26 08:08:26.866774,,718081,7840
KEMvghtwamU,https://images.unsplash.com/photo-1569446419157-93922796cb47,6000,3928,1.53,2019-09-25 21:21:01.949121,Italia,1113339,3935
WdcPxQEee3I,https://images.unsplash.com/photo-1544647593-59b72ae685d5,2745,3431,0.8,2018-12-12 20:46:58.748998,United States,738261,3752
EkJ8D5dWEoM,https://images.unsplash.com/photo-1577590835010-16c3b594658e,6720,4480,1.5,2019-12-29 03:44:15.753474,,222746,1405
ms8eYrv-M9k,https://images.unsplash.com/photo-1573695398806-96716d4e4030,6000,9000,0.67,2019-11-14 01:37:26.161162,,608376,1278
Vo7T44Hp2Mo,https://images.unsplash.com/photo-1502836050073-c79f265d3ca5,3936,2803,1.4,2017-08-15 22:29:05.761052,United States,2013577,33950
tYQoo65Rw2o,https://images.unsplash.com/photo-1501959364247-f53cab6c7841,2048,1601,1.28,2017-08-05 19:02:02.36718,United States,2327091,11461
wIoRO8d2m4w,https://images.unsplash.com/photo-1548031115-10b2ae29bde5,6000,4000,1.5,2019-01-21 00:38:39.208245,,1333481,16259
NrxUfg9gMvo,https://images.unsplash.com/photo-1580857842878-e503a19ab9c2,6000,4000,1.5,2020-02-04 23:11:15.338695,Italia,496058,3127
Jkn8QAdbSPA,https://images.unsplash.com/photo-1579176849906-72bce18e1f46,3072,4608,0.67,2020-01-16 12:15:00.631305,日本,424248,1209
GyFn1kddkXw,https://images.unsplash.com/photo-1584562097622-bba05b66a627,5792,8688,0.67,2020-03-18 20:10:19.140787,,123678,798
R3r2i-CuNx0,https://images.unsplash.com/photo-1584159760622-8b5f10ea8d1a,6775,4522,1.5,2020-03-14 04:24:22.967544,,729277,3479
zDw5kaKb6Fs,https://images.unsplash.com/photo-1550849374-cb716984f027,4912,3264,1.5,2019-02-22 15:30:09.792015,,1182224,4274
tBV0OhigrpA,https://images.unsplash.com/photo-1567866885012-3c7171d2c5ac,4240,2385,1.78,2019-09-07 14:41:39.503292,,700284,7147
d8bKbXRcOVo,https://images.unsplash.com/photo-1421104138464-46c0563487a4,3264,2448,1.33,2015-01-12 23:09:03.060755,,5877236,9086
E_H-5Cyxjfc,https://images.unsplash.com/photo-1557164699-cc202393ef52,3363,2242,1.5,2019-05-06 17:45:09.316738,Italy,238699,2709
QyDOE4zdOPg,https://images.unsplash.com/photo-1561542516-a043a15e9b23,3648,5472,0.67,2019-06-26 09:49:01.181724,,518047,1470
12ElVxe5DlI,https://images.unsplash.com/photo-1586951900606-1a0a612549ad,3840,5760,0.67,2020-04-15 12:00:03.675985,,1105235,5988
6o8pjwSEg04,https://images.unsplash.com/photo-1569474369132-9e9f343b42b5,2003,3000,0.67,2019-09-26 05:06:15.673659,,739428,3243
W7L6KCaNfRU,https://images.unsplash.com/photo-1574342117829-f44f2cd15fc4,3300,2550,1.29,2019-11-21 13:18:19.191459,,515961,3994
IeRX8XZZBzc,https://images.unsplash.com/photo-1553175005-7100cfda9311,2757,3446,0.8,2019-03-21 13:30:19.486013,CANADA,2125317,6078
-1l9VYK7O4E,https://images.unsplash.com/photo-1425205753566-d863c51da60d,5472,3648,1.5,2015-03-01 10:34:01.559413,,92558,4029
W-3diBloKvs,https://images.unsplash.com/photo-1566754046630-05a262f1c60e,3651,5457,0.67,2019-08-25 17:29:44.453717,,268664,1083
ktPeDw6icBo,https://images.unsplash.com/photo-1572119459401-944f182281b3,3537,4953,0.7099999999999999,2019-10-26 19:52:32.715809,,175298,1315
TRY6tTONVSk,https://images.unsplash.com/photo-1519944990593-1ac66b41ac9a,2529,3000,0.8399999999999999,2018-03-01 22:56:53.319263,United States,790761,2985
HFfKonA7DJ0,https://images.unsplash.com/photo-1545730840-da14abe097c5,6720,4480,1.5,2018-12-25 10:14:43.716154,Portugal,268106,2168
wH3YxJwMC5o,https://images.unsplash.com/photo-1542379653-b928db1b4956,4000,6000,0.67,2018-11-16 14:49:41.354833,España,13330206,145243
Gwl-PgKfamc,https://images.unsplash.com/photo-1543170219-170df78ef870,3940,4925,0.8,2018-11-25 21:00:23.211452,,276720,4269
GtO__3-f2xA,https://images.unsplash.com/photo-1536276217085-ee65e3e58996,3456,4320,0.8,2018-09-06 23:26:31.808482,China,1764046,14587
vpgmX8uggE4,https://images.unsplash.com/photo-1592714197108-48fc6befc899,6240,4160,1.5,2020-06-21 04:39:14.802129,,2594830,4460
x7JLwunX0M0,https://images.unsplash.com/reserve/K9PZheO1RSiNMMP1ptsl_wood.jpg,4896,3264,1.5,2014-08-03 23:47:17,,3879218,28663
cdzDvBS9ZqE,https://images.unsplash.com/photo-1502992773540-5737134d2ced,4000,6000,0.67,2017-08-17 18:00:39.645658,United States,1031924,2791
uq9uAq3cS2Y,https://images.unsplash.com/photo-1446320421148-15227a6b2868,4608,2592,1.78,2015-10-31 19:40:56.007683,,2355764,17960
b9TRK9u-QmI,https://images.unsplash.com/photo-1542548124-c0a04217fcbc,3236,4045,0.8,2018-11-18 13:36:26.826479,Indonesia,1071570,6575
Y7GUOQ83OMg,https://images.unsplash.com/photo-1566996694954-90b052c413c4,5352,3568,1.5,2019-08-28 12:52:05.947289,,4190685,24697
DdB7ttngaus,https://images.unsplash.com/photo-1581019333355-3c18d0bc8985,3375,5062,0.67,2020-02-06 20:04:10.106176,,600094,1327
5ZUIseHO-W4,https://images.unsplash.com/photo-1538586944310-2cd602f43f39,5184,3456,1.5,2018-10-03 17:18:14.776108,,578408,3032
02nvhdj6_dk,https://images.unsplash.com/photo-1546829034-d00ac2201466,3008,2000,1.5,2019-01-07 02:44:13.014859,,321813,2660
4m93a-sZsDs,https://images.unsplash.com/photo-1541336528065-8f1fdc435835,5184,3456,1.5,2018-11-04 13:05:52.862903,Poland,9325558,126804
_uEk28YLePY,https://images.unsplash.com/photo-1549901139-68e9777f8795,4108,5891,0.6999999999999998,2019-02-11 16:05:50.136769,,1415234,8115
QC9L7-a-1Ag,https://images.unsplash.com/photo-1569855834332-b6df5b479dce,4345,3259,1.33,2019-09-30 15:04:17.504901,대한민국,764341,2605
BCoefk6GK6M,https://images.unsplash.com/photo-1548695837-14b2015e81d9,2848,4272,0.67,2019-01-28 17:17:57.066486,,967322,9453
MW7izbVOjMM,https://images.unsplash.com/photo-1552666793-800769d813d3,6000,3892,1.54,2019-03-15 16:32:55.468932,,326093,2940
XFkkYwKiC_U,https://images.unsplash.com/photo-1508768787810-6adc1f613514,4496,3000,1.5,2017-10-23 14:33:30.446686,Cuba,4519981,41460
XbcNtDqiL80,https://images.unsplash.com/photo-1545154350-a7bba5123e7a,5304,7952,0.67,2018-12-18 17:34:24.196188,,275826,1393
HwZQGB-ZjG4,https://images.unsplash.com/photo-1477511515466-ffc0a97dca35,5042,3361,1.5,2016-10-26 19:52:26.969622,Latvia,8479206,66993
ivU6tleiHN4,https://images.unsplash.com/photo-1566150783851-51df62fd3d68,3992,2815,1.42,2019-08-18 18:00:55.468057,Greenland,4971353,33657
SeGZwHej0Ps,https://images.unsplash.com/photo-1543907103-3ad355245588,4016,6016,0.67,2018-12-04 07:06:44.550863,,201634,1446
w05Iy-ol4mY,https://images.unsplash.com/photo-1558729617-34c0dbbb64a6,3860,4825,0.8,2019-05-24 20:28:23.374619,,884712,2559
_2d__opfZFM,https://images.unsplash.com/photo-1581764166308-1c055532e7b6,7360,4912,1.5,2020-02-15 10:56:26.03729,United Arab Emirates,876194,4423
rldNiZx1fNI,https://images.unsplash.com/photo-1462356982447-1930fbfa2949,5929,3953,1.5,2016-05-04 10:17:52.949529,Ukraine,2228900,12421
JpQK_B7THMw,https://images.unsplash.com/photo-1590079015089-875baa76cc8d,3726,4658,0.8,2020-05-21 16:40:22.124079,Россия,2136984,30615
Ct6LBZHaOSc,https://images.unsplash.com/photo-1591090209449-065d8d6b42e6,3288,4932,0.67,2020-06-02 09:31:33.470143,,534890,3958
LW-MAA9e840,https://images.unsplash.com/photo-1683375328541-b96a645857ec,6720,4480,1.5,2023-05-06 12:17:19.212987,Australia,7142739,39389
1IwBabyMXAA,https://images.unsplash.com/photo-1584995124038-f6fe4fe869f0,6000,4000,1.5,2020-03-23 20:25:52.240348,,3759103,57027
3QPaY4uJlAY,https://images.unsplash.com/photo-1568610920708-6bf6e45eb723,5778,3852,1.5,2019-09-16 05:16:35.18308,,680946,1781
Qbn7_Nqs8WA,https://images.unsplash.com/photo-1516540375960-fcc36fd3b3a1,4382,2921,1.5,2018-01-21 13:13:26.757475,,615451,5279
4Bevd529iMs,https://images.unsplash.com/photo-1566568369331-7bdafba82df5,4928,3264,1.51,2019-08-23 13:52:55.532559,,820611,4797
i3GE3y8F0jg,https://images.unsplash.com/photo-1496565053589-bda11cc9fc8c,3008,2000,1.5,2017-06-04 08:32:22.486333,Netherlands,760006,5559
MdFBcEMBytc,https://images.unsplash.com/photo-1438030332662-97751637dcd3,4272,2848,1.5,2015-07-27 20:53:39.126969,,3779974,16360
5QLEAY7sDaI,https://images.unsplash.com/photo-1557766185-665228a26733,3320,2490,1.33,2019-05-13 16:51:48.4557,Germany,766619,3123
EPy0gBJzzZU,https://images.unsplash.com/reserve/bOvf94dPRxWu0u3QsPjF_tree.jpg,4928,3264,1.51,2014-06-11 06:41:25,Deutschland,52300796,1117887
58oIK3sQD8k,https://images.unsplash.com/photo-1587140599237-39090e84c8a0,4000,5000,0.8,2020-04-17 16:27:05.880648,,496605,2429
vMtCnxmODfU,https://images.unsplash.com/photo-1586924289330-29cdd7363716,3264,4928,0.66,2020-04-15 04:20:54.17069,Hong Kong,431701,1258
kmihWgpbDEg,https://images.unsplash.com/photo-1561182254-1161ef9ac5f8,4480,6720,0.67,2019-06-22 05:46:41.685685,,1490604,10415
354gcpqYVog,https://images.unsplash.com/photo-1551182112-94fbf507444e,5184,3456,1.5,2019-02-26 11:56:36.773214,,1881968,14589
OV4ZAabvPoY,https://images.unsplash.com/photo-1545333781-e26c2af46ff1,4000,6000,0.67,2018-12-20 19:23:18.961038,,488361,2822
xwiO6w6XEiM,https://images.unsplash.com/photo-1558616629-899031969d5e,2667,4000,0.67,2019-05-23 13:04:36.089381,,2583149,14633
Q1iS1aW0KHM,https://images.unsplash.com/photo-1559175892-428e20a5cdb9,6240,4160,1.5,2019-05-30 00:26:49.172057,Japan,602960,3119
ohKp_9Lhq1E,https://images.unsplash.com/photo-1553551055-80572a02ea96,4975,2792,1.78,2019-03-25 21:58:03.464579,New Zealand,291811,3124
vE54Syu8leA,https://images.unsplash.com/photo-1574561937759-7588eb7e9379,5464,3640,1.5,2019-11-24 02:20:35.948247,,3382457,13967
btyl4ggZJv4,https://images.unsplash.com/photo-1485817232954-86c1aa6669d7,6000,3376,1.78,2017-01-30 23:01:06.19673,,1316715,8175
PcKm231bGvo,https://images.unsplash.com/photo-1543309392-d5a4cd761da6,4899,3266,1.5,2018-11-27 09:05:47.502233,,8710766,17054
yy1_lLl3s08,https://images.unsplash.com/photo-1551418170-644d30f341f6,3200,4000,0.8,2019-03-01 05:31:14.516292,United States,594425,2429
SAKLELG-pO8,https://images.unsplash.com/photo-1567270671170-fdc10a5bf831,3456,5184,0.67,2019-08-31 16:58:07.076716,Russia,7177953,66515
uEjIOR0YFpA,https://images.unsplash.com/photo-1578311992127-401f5537b3a1,4000,6000,0.67,2020-01-06 12:00:06.159971,,590968,1817
LR3j8MIUEtw,https://images.unsplash.com/photo-1570419844482-a232abf0b402,5568,3712,1.5,2019-10-07 03:44:20.261957,,816782,3122
Ff-FOrLwiBQ,https://images.unsplash.com/photo-1556076780-76f61f8c5ccb,5461,8192,0.67,2019-04-24 03:33:40.496847,,1285378,4588
GaGlYSYNG2Y,https://images.unsplash.com/photo-1464025184519-31f985005eb4,2304,1536,1.5,2016-05-23 17:40:56.877973,United States,5010829,9025
0MqeFyrZsoA,https://images.unsplash.com/photo-1578925732846-7f7f3999fcb3,5792,8688,0.67,2020-01-13 14:30:06.793377,,155792,607
LD4Lz2uoP_E,https://images.unsplash.com/photo-1565627022862-aabd60994ebe,5488,3659,1.5,2019-08-12 16:24:14.929058,,132004,1197
cLRvJPVw69U,https://images.unsplash.com/photo-1572136103431-2795a0cb8696,3968,2976,1.33,2019-10-27 00:29:35.554201,Canada,839102,3982
QH9gxlxrdl4,https://images.unsplash.com/photo-1582279602456-03ce5a90f8f4,5375,3848,1.4,2020-02-21 10:17:04.398841,,873287,4011
sv_G9LpFGxM,https://images.unsplash.com/photo-1585768204047-6f2113809e30,3855,5552,0.69,2020-04-01 19:12:03.712797,Germany,1147517,1531
i3nTy4JcLpY,https://images.unsplash.com/photo-1486989570423-fd8ab0167ba7,3840,5760,0.67,2017-02-13 12:42:24.371189,Serbia,6931498,49314
xwTjujkXQ6Y,https://images.unsplash.com/photo-1520262098120-2a3a89e70c57,6000,4000,1.5,2018-03-05 15:03:34.388408,United States,525153,3846
dmz8DnP86Yw,https://images.unsplash.com/photo-1545410693-b8ec7f7f9e6c,3515,1973,1.78,2018-12-21 16:49:45.261933,,613765,3246
YjJFJDai9zg,https://images.unsplash.com/photo-1543957222-88bf54a79d26,3968,2976,1.33,2018-12-04 21:01:08.807431,USA,646869,5301
Yu26IXOksWE,https://images.unsplash.com/photo-1581015614011-e4ae6997883f,6240,4160,1.5,2020-02-06 19:01:50.925729,United States,624628,2473
upOaNNzAstE,https://images.unsplash.com/photo-1543482740-9636afc2f9db,3456,5184,0.67,2018-11-29 09:12:56.446072,,233290,1806
YJCRjsg1LQw,https://images.unsplash.com/photo-1552450970-88b9d409fe18,6240,4160,1.5,2019-03-13 04:23:40.468116,,5771970,32431
D0uIwP4Uof4,https://images.unsplash.com/photo-1566563103859-af506dab89da,3168,4752,0.67,2019-08-23 12:25:17.392654,Latvia,695934,2102
Zwp8zDWO-CI,https://images.unsplash.com/photo-1554326378-3f64843bc72a,5343,3567,1.5,2019-04-03 21:19:48.734699,,1929268,5361
zb1-NiiWs5Q,https://images.unsplash.com/photo-1589967040061-d33c463bf973,4553,5691,0.8,2020-05-20 09:31:18.804735,France,840445,6251
h2PgB8xb8AI,https://images.unsplash.com/photo-1550280351-d447ef44cda0,4895,3268,1.5,2019-02-16 01:25:57.190201,,205059,2473
v1ySnKYCtrE,https://images.unsplash.com/photo-1542866530-1c8b35a57ca7,3288,2055,1.6,2018-11-22 06:02:30.559418,United States,10540788,38355
KcuhTngt090,https://images.unsplash.com/photo-1556560302-312e68d6cbd0,6240,4160,1.5,2019-04-29 17:52:52.282783,,99541,1263
3xltAFnJlhQ,https://images.unsplash.com/photo-1564444741518-b585b772f22f,3834,2556,1.5,2019-07-30 00:02:01.656831,,519623,1886
M1elT45_Lk0,https://images.unsplash.com/photo-1550252331-47e4effbc6f1,5472,3648,1.5,2019-02-15 17:38:55.89579,,138049,1549
q0hUZPedd7M,https://images.unsplash.com/photo-1551793073-b853859dcc26,4092,3076,1.33,2019-03-05 13:38:16.700033,Czech republic,1143741,4610
vleprUp1Gqw,https://images.unsplash.com/photo-1488866169959-472b850b85c0,6016,4016,1.5,2017-03-07 05:56:34.860565,United States,7661336,10341
MU8Kokh0kmA,https://images.unsplash.com/photo-1577883983101-c9d72e3b2254,4912,3264,1.5,2020-01-01 13:11:09.410676,,157182,1428
cZdbuhNM1Cc,https://images.unsplash.com/photo-1549286942-e471555b0bfa,8192,5461,1.5,2019-02-04 13:29:15.127185,,317132,2011
UD72gxXTOMM,https://images.unsplash.com/photo-1572174935353-e9f3fc8bbd02,3779,5669,0.67,2019-10-27 11:18:31.871828,,184975,1171
haw4NMyfMKA,https://images.unsplash.com/photo-1568112505030-08084a1b5215,3678,5664,0.65,2019-09-10 10:49:09.803664,,1548053,13706
nb46PcRK1kQ,https://images.unsplash.com/photo-1589967842811-5ec7f7d182c1,3040,4056,0.75,2020-05-20 09:56:18.313148,Deutschland,585653,2561
U16ligRKQB0,https://images.unsplash.com/photo-1513709254963-89c060576182,5910,3948,1.5,2017-12-19 18:49:11.128651,United Kingdom,846018,5872
Iu9ftTz6jTc,https://images.unsplash.com/photo-1555883889-8143c2f74d6a,5000,4000,1.25,2019-04-21 21:59:49.386326,,719736,1236
UNwQLVLLBtc,https://images.unsplash.com/photo-1589665209931-949d5fd007e1,4000,6000,0.67,2020-05-16 21:40:22.424739,,736182,9407
cMr19bJU1uY,https://images.unsplash.com/photo-1531311369323-680fda87a36e,5304,7952,0.67,2018-07-11 12:20:17.352055,,1625932,10805
cfyTzECvjlU,https://images.unsplash.com/photo-1421899528807-04d925f39555,4752,3168,1.5,2015-01-22 04:08:11.519646,,50201755,258178
ILz31HBGEak,https://images.unsplash.com/photo-1422728221357-57980993ea99,3456,3456,1.0,2015-01-31 18:17:02.886247,,10030490,87517
J7bUIC82W24,https://images.unsplash.com/photo-1584423881611-eddd3c39ad29,5811,3874,1.5,2020-03-17 05:45:41.770616,Россия,602597,3757
DM_mRWgNQUg,https://images.unsplash.com/photo-1576357198135-78c94f4329b3,5377,3585,1.5,2019-12-14 21:08:10.463651,,50144,1195
_SXstgukXcM,https://images.unsplash.com/photo-1567958766494-7060ed18d62f,3442,5193,0.66,2019-09-08 16:07:40.898895,,470421,1984
1kENJA0o9o0,https://images.unsplash.com/photo-1574011435834-e5393d4f2d1e,5184,3456,1.5,2019-11-17 17:24:17.379733,,201208,2420
PZPZf8Brb0E,https://images.unsplash.com/photo-1576989130030-b8f069a373c0,4896,3672,1.33,2019-12-22 04:33:00.91423,,559779,1924
yv6aahO780U,https://images.unsplash.com/photo-1573493988490-de71e2bd3a97,2713,4073,0.67,2019-11-11 17:39:51.850206,,531726,5131
nKV2acRrR9U,https://images.unsplash.com/photo-1562720053-82d9426daa0d,6000,3375,1.78,2019-07-10 00:54:20.815105,,21061076,9727
xR3hdMS3Imw,https://images.unsplash.com/photo-1452378174528-3090a4bba7b2,4032,3024,1.33,2016-01-09 22:23:57.209196,,5628894,38950
5VW_VNa2DR0,https://images.unsplash.com/photo-1545221857-8f16a28fc19e,5472,3648,1.5,2018-12-19 12:20:24.202961,,281861,1822
J0-ZaraetTE,https://images.unsplash.com/photo-1675281362133-233389584833,4000,6000,0.67,2023-02-01 19:58:37.622821,France,400906,2433
C6An4bkYACg,https://images.unsplash.com/photo-1541904563-56c7e766efb3,3985,2988,1.33,2018-11-11 02:52:24.545115,United States,800020,5098
N1rttocbceg,https://images.unsplash.com/photo-1550426758-718ecd2ee558,2830,4240,0.67,2019-02-17 18:42:31.411244,,489965,1524
GfFFOqiTH4M,https://images.unsplash.com/photo-1567629888721-f63fbcff5eed,3490,3490,1.0,2019-09-04 20:45:04.762506,,780626,4119
3Mv8292lhhU,https://images.unsplash.com/photo-1434725182100-4baea405f9bd,7360,4300,1.71,2015-06-19 14:48:19.437087,,626679,4103
S1iShd9xmMo,https://images.unsplash.com/photo-1542687504-775ef963b792,4160,6240,0.67,2018-11-20 04:18:42.887894,,1275522,4502
bYuo_uVzapM,https://images.unsplash.com/photo-1569326513605-855587d066ed,5760,3840,1.5,2019-09-24 12:18:21.313462,,2844660,6018
i5FsBOLsB50,https://images.unsplash.com/photo-1440020143730-090579c4d53c,4224,3108,1.36,2015-08-19 21:36:30.447716,Mexico,10310328,107811
FZeV7B1TqH8,https://images.unsplash.com/photo-1592314800763-daaafe9f04c4,5472,3648,1.5,2020-06-16 13:41:29.649262,,917420,15786
Wqt15MLirEQ,https://images.unsplash.com/photo-1590256447194-cea1213796cd,2400,3600,0.67,2020-05-23 17:56:38.783734,United States,677269,18631
pf1fMYwrEgg,https://images.unsplash.com/photo-1584303360724-eb0958f62ee0,6000,4000,1.5,2020-03-15 20:16:11.27328,,1681114,13102
XztLBuMHwu8,https://images.unsplash.com/photo-1439003768858-b7a3718981bd,5184,3456,1.5,2015-08-08 03:18:41.856333,,2685980,15728
JY7hz6yQfzg,https://images.unsplash.com/photo-1565942927242-d24e59aa8e79,2000,2997,0.67,2019-08-16 08:09:06.403885,,179647,1317
eHGCUD180xE,https://images.unsplash.com/photo-1590386300872-08b73fb374c0,6048,4024,1.5,2020-05-25 05:59:12.208899,,1430404,13711
QGGflC3gIzU,https://images.unsplash.com/photo-1592204153614-b9473666fd86,4032,2686,1.5,2020-06-15 06:55:57.077393,,683510,5617
UBizWTA9-qA,https://images.unsplash.com/photo-1549385259-66fc4f9ce043,2843,4264,0.67,2019-02-05 16:53:57.747548,,4365537,7242
UJ3RrDd09Dg,https://images.unsplash.com/photo-1574784678749-8ba70dcb3550,5472,3648,1.5,2019-11-26 16:12:31.444553,,122182,1457
ooe-48G6NtY,https://images.unsplash.com/photo-1565469808600-65e4492daf3b,5472,3648,1.5,2019-08-10 20:46:45.470138,,120140,1629
3TuSxMKfgqI,https://images.unsplash.com/photo-1441846978521-21764329e27a,5889,3926,1.5,2015-09-10 01:04:21.449728,Canada,2078088,15888
SHIDPK_URIU,https://images.unsplash.com/photo-1441998442885-90d87e383abc,3920,2204,1.78,2015-09-11 19:09:19.933046,Romania,1313248,6640
pSFdBw62Hww,https://images.unsplash.com/photo-1470519903472-9bfac69c2556,4000,2672,1.5,2016-08-06 21:46:57.144718,,2543258,12672
P797hAotFeA,https://images.unsplash.com/photo-1541625860792-7251076c4674,3930,4932,0.8,2018-11-07 21:34:07.375236,Germany,226858,1414
pH3io2getLQ,https://images.unsplash.com/photo-1447190196663-f526acc1da3b,3648,2736,1.33,2015-11-10 21:19:42.189907,Canada,2322494,13496
uDDVOn4BBHw,https://images.unsplash.com/photo-1528380998918-b8675df659f6,5582,3827,1.46,2018-06-07 14:21:31.780883,Peru,414358,7084
Z0oRWNDBV6Y,https://images.unsplash.com/photo-1573057454928-f6eda06245ed,4160,6240,0.67,2019-11-06 16:25:47.026985,Canada,8631742,26196
54Zx20cthW0,https://images.unsplash.com/photo-1517837402578-70aaeb027fe7,6720,4480,1.5,2018-02-05 13:31:21.319226,United States,733306,5367
jVNnFr_pPHU,https://images.unsplash.com/photo-1555882240-1f20fd372554,3803,5705,0.67,2019-04-21 21:30:58.157004,,1102450,2052
dnrRs8SXUc0,https://images.unsplash.com/photo-1511714719042-51b6dd556d74,4928,3264,1.51,2017-11-26 16:46:08.312948,Vietnam,732529,3487
Fztf-d-JoaI,https://images.unsplash.com/photo-1499247550506-00793259c552,7692,5131,1.5,2017-07-05 09:49:53.039973,Austria,1120217,9510
nK29mSjUxF4,https://images.unsplash.com/photo-1557349504-240d0a333156,3640,3640,1.0,2019-05-08 21:06:55.042939,United Kingdom,172644,1609
jrDzerLmfW0,https://images.unsplash.com/photo-1515339683515-37b27e9c15e4,6016,4016,1.5,2018-01-07 15:42:16.253741,,6960919,28886
8fO08ukB24U,https://images.unsplash.com/photo-1448713551278-27e64beaa3fd,4608,3456,1.33,2015-11-28 12:26:06.203568,,1730999,7873
YvC4jD09cZ8,https://images.unsplash.com/photo-1579776371392-ef1717590414,5279,3519,1.5,2020-01-23 10:46:21.739207,Schweiz,358397,1572
cvfv_hxr0-M,https://images.unsplash.com/photo-1434995370582-7a85918b5e5e,5472,3648,1.5,2015-06-22 17:49:33.658745,,9087338,135269
U7P4amYntMs,https://images.unsplash.com/photo-1557697908-5e4badf95d1e,4000,6000,0.67,2019-05-12 21:51:58.314915,,681275,1581
TR7JinGEf4I,https://images.unsplash.com/photo-1563251981-0b633060084d,4000,6000,0.67,2019-07-16 04:41:39.185972,,704177,2602
IdMAtB9cVpg,https://images.unsplash.com/photo-1432866589724-ad10bb528bfa,3321,2210,1.5,2015-05-29 02:31:00.507091,,6657438,39273
hnzijjZAgIg,https://images.unsplash.com/photo-1561911186-6d00a37fb854,6000,3750,1.6,2019-06-30 16:14:52.082765,,732158,4312
Ntn7j17TWpM,https://images.unsplash.com/photo-1574701222389-c574cc0d074e,5184,3456,1.5,2019-11-25 17:02:37.818777,,346083,2561
fr1I0f26Jog,https://images.unsplash.com/photo-1583132377138-73d51176ffcb,4127,2752,1.5,2020-03-02 07:00:52.880992,United States,13498220,9836
Q8NdtiJ_S3A,https://images.unsplash.com/photo-1588098558649-0d950ec15f83,4912,7360,0.67,2020-04-28 18:30:02.386833,,884983,5496
XQZmfprZt6s,https://images.unsplash.com/photo-1540928696360-3f168184d8ca,3648,5472,0.67,2018-10-30 19:45:58.512913,,1587211,13400
dA9JRioCSBc,https://images.unsplash.com/photo-1584272311445-cf344acfaa1d,3948,5922,0.67,2020-03-15 11:38:59.854365,日本,699971,1300
N3nFwJkR9jE,https://images.unsplash.com/photo-1546484750-259a1104b00c,6000,4000,1.5,2019-01-03 03:12:12.53418,,483012,5380
NH7r3ERGY28,https://images.unsplash.com/photo-1549284934-30877535e2e5,4256,2832,1.5,2019-02-04 12:55:49.25889,,394170,2375
LkiFg9Yqq1s,https://images.unsplash.com/photo-1554236091-f6928345b4c7,5617,3745,1.5,2019-04-02 20:15:29.049182,United States,218116,2251
M_s3XsRhx4o,https://images.unsplash.com/photo-1572151510850-2ae611b9299e,4608,3456,1.33,2019-10-27 04:47:34.709133,,644128,1923
_mkb0Vby9tA,https://images.unsplash.com/photo-1543940812-fe29c50e51d9,2976,3720,0.8,2018-12-04 16:27:21.398449,Australia,1080647,9615
5t1lUr0NmHI,https://images.unsplash.com/photo-1501605623075-d5715e4637ab,5184,3456,1.5,2017-08-01 16:44:15.94135,United States,8801494,24032
sAZFkXLMtHI,https://images.unsplash.com/photo-1551265628-2f9eb0ff1da8,5310,7080,0.75,2019-02-27 11:12:09.047351,,860210,4436
11SmxL6FI1A,https://images.unsplash.com/photo-1584079247329-2947d890610d,3000,4509,0.67,2020-03-13 06:04:13.813218,United States,1129606,4294
9i6X7uQBjCA,https://images.unsplash.com/photo-1579003639512-05f1710d3f13,5472,3648,1.5,2020-01-14 12:07:47.263113,,460086,1803
Uee848bGciw,https://images.unsplash.com/photo-1545581078-80a17b62651a,4891,3204,1.53,2018-12-23 16:08:36.035612,,430507,2353
XG_3sXtRO5I,https://images.unsplash.com/photo-1442850087485-52b2c9f7d7b8,5299,3533,1.5,2015-09-21 15:41:54.983675,,82846,899
QMRN_GX7p4I,https://images.unsplash.com/photo-1568265112889-c9d3fc50a281,2584,4592,0.56,2019-09-12 05:12:09.676025,,9948497,69582
5yOefHJEaGw,https://images.unsplash.com/photo-1423853978401-35df4077ff7d,2048,1365,1.5,2015-02-13 18:59:55.317219,United States,2928731,15661
c1DzRfUdG0g,https://images.unsplash.com/photo-1578880711835-6f503ef04175,4455,6682,0.67,2020-01-13 02:00:57.545056,,496506,1956
LZNnJ8XPIl8,https://images.unsplash.com/photo-1551543758-290f577e8ccf,2667,4000,0.67,2019-03-02 16:23:42.439598,Greece,1012868,5123
yhXzWu9ZMog,https://images.unsplash.com/photo-1555961182-47ea49de776c,4096,2734,1.5,2019-04-22 19:26:32.656031,,106214,1593
mN-_5ZQAt3M,https://images.unsplash.com/photo-1566838423711-1d4a750abc90,2901,3626,0.8,2019-08-26 16:53:56.225608,,962300,5925
cZXqYNlEhY0,https://images.unsplash.com/photo-1576780738970-3cd7de1e95e8,3659,5489,0.67,2019-12-19 18:40:44.967565,Österreich,5241117,14473
uuod6IM8Cs8,https://images.unsplash.com/photo-1502665350148-edc75970d04e,4983,3322,1.5,2017-08-13 23:06:42.579521,,760610,3512
bkGwwU_MNow,https://images.unsplash.com/photo-1558470622-bd37a3c489e7,4000,6000,0.67,2019-05-21 20:30:25.369279,,19999289,80170
XAlDvC4z0LE,https://images.unsplash.com/photo-1511578029741-0aabab130f0e,6000,4000,1.5,2017-11-25 02:52:11.619872,United States,668788,8683
98TECvicCdM,https://images.unsplash.com/photo-1575427012711-699847da5651,2592,3888,0.67,2019-12-04 02:36:53.792265,,719545,1580
F5WdhAHao7E,https://images.unsplash.com/photo-1548626083-18327781c368,4096,3072,1.33,2019-01-27 21:56:35.107306,Russia,774621,4017
VNO2rqdLkKk,https://images.unsplash.com/photo-1429304093617-c2d4755f0e59,5184,3456,1.5,2015-04-17 20:55:08.173045,,2623754,4958
6wEd5oTmhDE,https://images.unsplash.com/photo-1559221746-6f28fb7301cd,5760,3240,1.78,2019-05-30 13:09:18.804703,USA,748215,3114
ftloE4xFjVQ,https://images.unsplash.com/photo-1542369047940-d895bdc83e8c,4561,3041,1.5,2018-11-16 11:52:29.198031,Bulgaria,1551862,7049
_rsGm7nob3w,https://images.unsplash.com/photo-1448546120959-a4b0e3dd910d,4360,2900,1.5,2015-11-26 13:56:49.268164,United States,10846840,74645
VeJsglK0Lj0,https://images.unsplash.com/photo-1577557520172-ffba358941b8,4096,4096,1.0,2019-12-28 18:26:35.827004,Slovakia,652462,1410
GSuh8f1-90U,https://images.unsplash.com/photo-1524096613842-71a8c45f08a2,3880,2712,1.43,2018-04-19 00:14:17.788576,Australia,3229729,33042
arGsFV-xIlQ,https://images.unsplash.com/photo-1445462474364-0955cb455316,5184,3456,1.5,2015-10-21 21:21:29.1296,,2966590,17059
AxdlcxaModc,https://images.unsplash.com/photo-1558119046-bf5375f0a4af,3052,3052,1.0,2019-05-17 18:51:26.100843,Peru,2725827,29219
j06chG1KyuA,https://images.unsplash.com/photo-1569335060455-ac85e6728493,4104,2309,1.78,2019-09-24 14:26:28.790647,,237085,1925
wx5N2tZulfc,https://images.unsplash.com/photo-1560621188-a029e5405288,4000,4000,1.0,2019-06-15 17:54:12.805881,,153406,639
aI0L-I76mVo,https://images.unsplash.com/photo-1573316337112-77cf7f929789,3010,3762,0.8,2019-11-09 16:27:06.318433,,597001,1403
Qsj8mQsYqWs,https://images.unsplash.com/photo-1564321120252-51f088cd317a,3534,4417,0.8,2019-07-28 13:40:10.244953,,188069,990
ip6WrAhBVFo,https://images.unsplash.com/photo-1585457288775-b8d8329778ba,3887,5830,0.67,2020-03-29 04:50:29.063292,,647447,1758
-R64QTUiG3c,https://images.unsplash.com/photo-1470165385455-e981fe780611,4115,2739,1.5,2016-08-02 19:16:31.599962,United States,3611424,35624
9R3EoFuL584,https://images.unsplash.com/photo-1509201433847-56a1ced3a91f,2586,2382,1.09,2017-10-28 14:40:10.735689,,4966225,30992
7PPOx0Xw2u0,https://images.unsplash.com/photo-1577780740482-aaa7681f3693,5568,3712,1.5,2019-12-31 08:32:46.82419,,64418,1221
jGcFr_eeBZQ,https://images.unsplash.com/photo-1540931545624-92704849718e,6000,3376,1.78,2018-10-30 20:40:05.568606,United States,367070,2993
b2r6HhUD3vs,https://images.unsplash.com/photo-1488323424590-6e1018104c27,3108,4426,0.6999999999999998,2017-02-28 23:10:39.479708,,3683094,32644
kZH8X0q4Nvo,https://images.unsplash.com/photo-1595088402198-24d44e48d57c,11361,8697,1.31,2020-07-18 16:08:32.725309,,4503918,44626
4PMVNJeI3XU,https://images.unsplash.com/photo-1542728928-0011f81446e5,3456,4608,0.75,2018-11-20 15:53:10.846993,,6420554,51781
j4PQ4d0ZBXU,https://images.unsplash.com/photo-1542692576-0eb0bd11a968,3000,1800,1.67,2018-11-20 05:43:01.083804,Canada,7676741,13556
WZdGjSAabls,https://images.unsplash.com/photo-1586652225745-f3c42b5bf074,3801,4751,0.8,2020-04-12 00:44:03.962654,,592782,1613
YIkhLVA4PdE,https://images.unsplash.com/photo-1480365443306-930b898cb434,3992,2992,1.33,2016-11-28 20:38:20.3539,United States,7247382,63679
MApjpqu9V7E,https://images.unsplash.com/photo-1497386162420-3af67ede54e6,4496,3000,1.5,2017-06-13 20:36:37.760589,Canada,3744079,17019
tKyXbJNH2bQ,https://images.unsplash.com/photo-1565151284956-f36a351d6157,8688,5792,1.5,2019-08-07 04:15:38.774334,,6343837,43266
fLdFFqZKoA4,https://images.unsplash.com/photo-1580213845083-94fbe453c7f4,3991,2661,1.5,2020-01-28 12:17:53.245033,,261760,1625
w9UQ02x-QsU,https://images.unsplash.com/photo-1418833309618-f98e69067c54,3264,4896,0.67,2014-12-17 16:23:53.442485,,2795305,26239
_PsClD3drUY,https://images.unsplash.com/photo-1588424704655-cf71496b58b9,5504,8256,0.67,2020-05-02 13:11:44.965004,,1005900,2058
qie9wa-YLK8,https://images.unsplash.com/photo-1498696815880-6fd23346fe56,6720,4480,1.5,2017-06-29 00:42:59.443885,United States,18647104,378405
xWqVolHF6Xc,https://images.unsplash.com/photo-1510254497705-baa8e93b6a79,4987,3325,1.5,2017-11-09 19:09:49.067271,Greenland,2123843,24120
hYcVvb_4vfs,https://images.unsplash.com/photo-1552845301-7ff61cbb2865,5568,3712,1.5,2019-03-17 18:02:21.852483,,1450294,7514
N2Wr1K9ie1E,https://images.unsplash.com/photo-1566298820462-ae31ec305f1b,3840,5760,0.67,2019-08-20 11:01:44.397018,,194709,2216
c0DaNred-DQ,https://images.unsplash.com/photo-1550757750-107dfbca40bc,5710,3807,1.5,2019-02-21 14:03:37.035876,,1863082,13550
r6qs4FrFsj0,https://images.unsplash.com/photo-1571586100182-bc9031273ee4,3215,4822,0.67,2019-10-20 15:51:18.551163,Canada,379364,4546
4POG9GQo7Aw,https://images.unsplash.com/photo-1539376942810-2a99ae5a37aa,3931,5918,0.66,2018-10-12 20:43:34.445115,United States,376672,1996
YK8Mvocj6yE,https://images.unsplash.com/photo-1529379912069-c915d30b58f9,6000,4000,1.5,2018-06-19 03:54:30.19381,United States,2292993,19093
f4xAAoNz9jY,https://images.unsplash.com/photo-1568483720033-1bce04493a6b,4952,3301,1.5,2019-09-14 18:08:14.291847,,123422,1232
7eu20lUGuGc,https://images.unsplash.com/photo-1559113572-4b5e6c207cfd,3840,5760,0.67,2019-05-29 07:21:51.365332,"Bavaria, Germany",3049780,6134
zMhnN9FpDBE,https://images.unsplash.com/photo-1471832454584-30b8491835c2,6016,4016,1.5,2016-08-22 02:21:36.149195,United States,1352697,7511
420ha-HjGJY,https://images.unsplash.com/photo-1428738982447-44768851a467,3648,2386,1.53,2015-04-11 07:57:24.703118,,5508759,32407
7UFvf-r8P0I,https://images.unsplash.com/photo-1540845058178-1021eb60ffbc,2833,3542,0.8,2018-10-29 20:32:09.482769,,236724,1484
DO6uKiZuYeA,https://images.unsplash.com/photo-1664820965487-2c81f58083c5,2385,3182,0.75,2022-10-03 18:18:34.857888,Greece,726677,3362
Up9DGg41O2Q,https://images.unsplash.com/photo-1579191864126-9d028dbca5e9,4000,6000,0.67,2020-01-16 16:28:16.640303,Canada,829698,3092
WS5yjFjycNY,https://images.unsplash.com/photo-1551970634-747846a548cb,4765,3177,1.5,2019-03-07 14:57:52.704068,,351746888,249839
mLpyv_Yx2ek,https://images.unsplash.com/photo-1568887273936-06f7785d393b,4000,6000,0.67,2019-09-19 10:01:50.372739,,261939,1744
5m_mHHraMaY,https://images.unsplash.com/photo-1556644326-3b615a8ebed8,5168,3445,1.5,2019-04-30 17:12:20.232231,,837954,2832
W4KxWAPJsCk,https://images.unsplash.com/photo-1452957689853-fd2b4f3d3aa2,2256,1504,1.5,2016-01-16 15:21:53.624074,Austria,3688581,23145
4cczA2THGt0,https://images.unsplash.com/photo-1546419793-1ee93d7cff56,2912,4368,0.67,2019-01-02 09:04:02.8922,,683852,6135
cRFJr--pLNc,https://images.unsplash.com/photo-1582303552980-89720f1f0c8d,3604,5406,0.67,2020-02-21 16:49:15.950178,,1039950,3493
UjbaffVRsYc,https://images.unsplash.com/photo-1544145834-b5e7f74db6cd,4000,6000,0.67,2018-12-07 01:25:28.164652,,1073050,4981
ZrfpgNeudZY,https://images.unsplash.com/photo-1504275413885-ad79df9fdcac,4016,3794,1.06,2017-09-01 14:19:25.689389,United States,726215,3594
of3d69synHo,https://images.unsplash.com/photo-1589469884538-4e5d63671b09,4024,6048,0.67,2020-05-14 15:29:54.188921,,937004,3670
asrWX-lU3RE,https://images.unsplash.com/13/unsplash_523b6080353ef_1.JPG,4272,2511,1.7,2013-09-28 13:57:48,,6203379,44548
bun7ERlQamw,https://images.unsplash.com/photo-1567161569119-2efa25acc395,3757,3232,1.16,2019-08-30 10:39:49.309363,,835590,9208
9h_QJnQrNLg,https://images.unsplash.com/photo-1539400504539-7918aa66f657,2000,2500,0.8,2018-10-13 03:20:11.467681,Indonesia,3124076,11802
o97oyvCj4xI,https://images.unsplash.com/photo-1576565693693-c5011a72de9a,3648,5472,0.67,2019-12-17 06:56:38.175525,,9488219,10764
2xEPqU-8q34,https://images.unsplash.com/photo-1553015903-31b401afe9d5,6000,3911,1.53,2019-03-19 17:18:48.552921,,310751,3076
ZLFHNKQDWEE,https://images.unsplash.com/photo-1590419845293-416fc50706f7,2592,3872,0.67,2020-05-25 15:17:32.810434,France,621947,2544
k7Qr6yWwWQ4,https://images.unsplash.com/photo-1552912786-5b25e9a42e68,5184,3456,1.5,2019-03-18 12:40:01.321638,Philippines,630322,5405
BcMKWC1YmoM,https://images.unsplash.com/photo-1491469853134-73161cbf3471,4774,2984,1.6,2017-04-06 09:15:31.253031,United States,1016868,7487
vmOQ1rJ9CVQ,https://images.unsplash.com/photo-1568823983041-5ee63cafc761,4000,6000,0.67,2019-09-18 18:03:27.372926,,801465,1762
718nqUl20Mo,https://images.unsplash.com/photo-1545459904-53a9aa1a55b9,4000,6000,0.67,2018-12-22 06:25:21.212069,,316152,1246
wix6JnF_CvM,https://images.unsplash.com/photo-1487394259277-335a9c7af9d9,6016,4016,1.5,2017-02-18 05:05:17.659161,United States,1250633,4234
wnPoM3m8DA4,https://images.unsplash.com/photo-1590634332990-429523f79cb2,5183,3455,1.5,2020-05-28 02:56:19.090589,,480755,3222
63e7FUd7xEM,https://images.unsplash.com/photo-1544217185-176efdc0ea7d,2160,3240,0.67,2018-12-07 21:13:20.384789,,256517,1307
ZNvTykT8djM,https://images.unsplash.com/photo-1543662001-afbc8eda785e,4272,2848,1.5,2018-12-01 11:01:24.754001,,183778,1734
cpdWNoJjPZk,https://images.unsplash.com/photo-1566690220411-2d418b909d1b,5504,8256,0.67,2019-08-24 23:44:19.613105,,637486,1406
zQBSte4Rn3s,https://images.unsplash.com/photo-1464898644169-85eb09c329aa,3815,2554,1.49,2016-06-02 20:17:33.053252,United Kingdom,4178973,8851
vUkTMmZxSDQ,https://images.unsplash.com/photo-1585277846666-fc5401f572af,6720,4480,1.5,2020-03-27 02:58:44.308825,,11204029,10241
z0rOYhd70Mo,https://images.unsplash.com/photo-1550119207-1234bf0a5bcb,5562,3708,1.5,2019-02-14 04:40:39.548044,,641339,3675
wtYvzTlQaf0,https://images.unsplash.com/photo-1575149980128-7e99fbc7892c,3265,4898,0.67,2019-11-30 21:39:41.361544,,3856741,10049
RroF6oJ_eDM,https://images.unsplash.com/photo-1583265651681-1655318bd349,7000,4669,1.5,2020-03-03 20:05:12.182438,Deutschland,840277,3062
2_M5YygFMqo,https://images.unsplash.com/photo-1577495509948-3bd1c46847f8,3888,5184,0.75,2019-12-28 01:19:52.48413,Germany,143694,650
rR5WwO06VIM,https://images.unsplash.com/photo-1472430023262-9a743f7570cb,3872,2592,1.49,2016-08-29 00:22:22.950276,Australia,3371378,14582
BJ9GDoNDnug,https://images.unsplash.com/photo-1560163923-9c61c6097db6,4000,5579,0.7199999999999999,2019-06-10 10:53:00.654342,,2289904,16303
OnAwhivaqrU,https://images.unsplash.com/photo-1579726669679-90befe375a59,4480,6720,0.67,2020-01-22 20:59:32.442198,,182689,1061
684D-N8wJXE,https://images.unsplash.com/photo-1580313406504-5bd63435d21d,3072,4608,0.67,2020-01-29 15:58:01.598504,Argentina,211741,1365
46P3SPTkZqQ,https://images.unsplash.com/photo-1447959945456-31956e248324,7237,4830,1.5,2015-11-19 19:06:53.495781,United States,2627111,13568
xC_N77AjlXI,https://images.unsplash.com/photo-1550596152-eda332e01ace,6144,8192,0.75,2019-02-19 18:01:17.840728,,80435,467
g1HEbbI1Ug4,https://images.unsplash.com/photo-1564091910462-fc3c00c3bac1,4592,3448,1.33,2019-07-25 21:59:15.490302,,569717,1985
9GxkHE6U0aw,https://images.unsplash.com/photo-1552061210-b20d0df2e9dc,4096,4096,1.0,2019-03-08 16:07:05.062827,Portugal,1778325,8912
gLBCxsQEA60,https://images.unsplash.com/photo-1523316970297-654e42445f32,6000,4000,1.5,2018-04-09 23:36:33.888982,,7498536,17482
ofCjtT9SHqk,https://images.unsplash.com/photo-1555974849-de6e992b68d5,5369,3579,1.5,2019-04-22 23:14:50.610657,,193798,1983
WRCYfh_7mmw,https://images.unsplash.com/photo-1578833388028-9fd4e9337409,4000,6000,0.67,2020-01-12 12:50:38.065855,Österreich,9949139,5212
pUJPtMsg-ew,https://images.unsplash.com/photo-1420592954732-b768bcc10786,3000,2000,1.5,2015-01-07 01:09:37.97865,,3331776,10105
k0Ynnf2CbKw,https://images.unsplash.com/photo-1451485435476-a244439c78cd,3264,2448,1.33,2015-12-30 15:04:24.408512,France,7469916,55206
Qb8yru071kY,https://images.unsplash.com/photo-1586311352376-befa57a6b8dc,3024,4032,0.75,2020-04-08 02:02:46.861554,,2256379,12069
WdgxyxVf_W4,https://images.unsplash.com/photo-1583998295412-f24ff6d56276,4000,6000,0.67,2020-03-12 07:32:38.798397,,678027,1638
GmFhArWOb18,https://images.unsplash.com/photo-1573590534131-4f65c793e322,4752,3168,1.5,2019-11-12 20:29:18.218418,Turkey,1030371,3040
yOujaSETXlo,https://images.unsplash.com/photo-1437382944886-45a9f73d4158,4608,3072,1.5,2015-07-20 09:03:35.444503,,10445950,68577
N6d-jP0r46I,https://images.unsplash.com/photo-1542985807-fd8fea07e8b8,5184,3456,1.5,2018-11-23 15:11:17.703865,,145234,1257
I5HS4mpdH8E,https://images.unsplash.com/photo-1550054164-5b09b0731b4c,5304,7952,0.67,2019-02-13 10:41:33.847208,,469828,2982
4UXYVaW0VxU,https://images.unsplash.com/photo-1452797269191-df0853c6eac6,6000,4000,1.5,2016-01-14 18:48:29.321673,United States,2347227,10339
vHUMae-4w-I,https://images.unsplash.com/photo-1581520924368-cf56d62c9b8e,2894,3617,0.8,2020-02-12 15:22:15.296936,United States,653092,1828
3Y4Yb7N4J-8,https://images.unsplash.com/photo-1526734235538-1ea072b72a46,4056,2280,1.78,2018-05-19 13:04:39.440435,Italy,148938,1461
bXoCQve4CYo,https://images.unsplash.com/photo-1508500843942-1a8682e4b280,7360,4235,1.74,2017-10-20 12:04:57.256973,Iceland,1990308,15662
8tem2WpFPhM,https://images.unsplash.com/photo-1456255985051-dcbc4f615823,4000,2670,1.5,2016-02-23 19:33:52.889451,Poland,3931673,28867
NRfoGWrg2sg,https://images.unsplash.com/photo-1454187324442-93088c3f1049,3840,5760,0.67,2016-01-30 21:04:13.322393,,1996019,14179
O_uHS1bru2k,https://images.unsplash.com/reserve/unsplash_52ce2b0530dab_1.JPG,4928,2871,1.72,2014-01-09 04:52:29,,11063000,52855
kjWEIcuSXDQ,https://images.unsplash.com/photo-1563806162750-3a24d473d648,2224,3342,0.67,2019-07-22 14:36:16.428534,,8997282,37915
qMG3yO8_RWg,https://images.unsplash.com/photo-1563586383659-4de63e58acfb,3456,4320,0.8,2019-07-20 01:33:49.329199,Canada,4880009,9369
hnysCJrPpkc,https://images.unsplash.com/photo-1533563906091-fdfdffc3e3c4,5472,3648,1.5,2018-08-06 13:59:49.474095,,15726936,100584
fXNQCLBJmHc,https://images.unsplash.com/photo-1545391886-a26e5b775586,4096,2566,1.6,2018-12-21 11:31:38.964692,,258572,1771
g62VRbWsfu4,https://images.unsplash.com/photo-1553255703-900e853b947f,7712,5784,1.33,2019-03-22 12:05:43.244674,,958954,3260
iWFRUyqpCbQ,https://images.unsplash.com/photo-1414438071614-314f6b1fd4a8,4256,2832,1.5,2014-10-27 19:28:41.500284,,4180629,17603
EY8Eur2maxA,https://images.unsplash.com/photo-1543652758-203526255885,8192,6945,1.18,2018-12-01 08:28:06.177327,United States,145419,2267
dB0NXVpvgTo,https://images.unsplash.com/photo-1559351399-97802c2014c6,3107,4971,0.63,2019-06-01 01:11:12.447026,,773093,3802
SFYL9rFcLy0,https://images.unsplash.com/photo-1586272778445-ccec18ea579c,3840,5760,0.67,2020-04-07 15:21:31.410035,,1232878,9295
zfrfsvB3wNA,https://images.unsplash.com/photo-1543854926-e3bf043a947e,4480,6720,0.67,2018-12-03 16:36:39.135555,,441912,1954
o0XfsSAgsxo,https://images.unsplash.com/photo-1513970172504-a772132ace84,6000,3892,1.54,2017-12-22 19:17:20.593671,,3106051,7201
WLUHO9A_xik,https://images.unsplash.com/uploads/141310026617203b5980d/c86b8baa,3920,1776,2.21,2014-10-12 07:56:23.476647,Indonesia,46144620,79050
l8xc8tXJ8-E,https://images.unsplash.com/photo-1501449464997-86f52f4f9f66,5691,3799,1.5,2017-07-30 21:19:34.031326,United Kingdom,4085426,25894
LwS9Yf88I_I,https://images.unsplash.com/photo-1549100350-ec060c5f4f3c,4896,3053,1.6,2019-02-02 09:40:22.0603,,294846,1901
JgqsByBNVog,https://images.unsplash.com/photo-1607699015736-bab303617062,3032,4048,0.75,2020-12-11 15:06:11.537044,,437188,2886
_eRfYA9cbnM,https://images.unsplash.com/photo-1577010468600-698d1ed40a75,4885,7320,0.67,2019-12-22 10:28:35.506559,Hungary,793361,2837
t29_JK9QeIk,https://images.unsplash.com/photo-1562239711-f353a425d023,3959,5938,0.67,2019-07-04 11:28:41.05675,,718818,2333
pCSFyiKTBpE,https://images.unsplash.com/photo-1579818276425-ff47be2d17dc,5000,5000,1.0,2020-01-23 22:31:12.790885,Algeria,897468,3122
_xTw8QWu0MA,https://images.unsplash.com/photo-1566500314831-52bbd15c7c79,4608,3072,1.5,2019-08-22 19:07:43.135666,,53141,1104
5f6HmW4NR8I,https://images.unsplash.com/photo-1566076046503-09db3b006bf3,6192,8256,0.75,2019-08-17 21:11:04.413853,,666176,1745
n00dm9FBwrs,https://images.unsplash.com/photo-1562571046-d34f606e7693,4160,6240,0.67,2019-07-08 07:31:27.007069,,4921831,34414
T5lflxzlfNI,https://images.unsplash.com/photo-1560396992-25987c3cc2a5,4000,2250,1.78,2019-06-13 03:36:59.858867,Indonesia,1334071,6039
LVdiXyu2eTc,https://images.unsplash.com/photo-1438755582627-221038b62986,5760,3840,1.5,2015-08-05 06:19:50.580677,,62122019,172367
7d2tOLLL5gE,https://images.unsplash.com/photo-1465589826572-487e608423d8,4288,2848,1.51,2016-06-10 20:18:21.327759,,3228473,15147
HODsApZmrNo,https://images.unsplash.com/photo-1495793443044-df59eb2ec73c,3888,1852,2.1,2017-05-26 10:12:32.956322,,1666053,6363
YToHPqMcgj8,https://images.unsplash.com/photo-1563665824105-f3bf5f328fa4,3436,2374,1.45,2019-07-20 23:40:29.739501,,82092,1342
l_UgfCscje0,https://images.unsplash.com/photo-1570817728054-84256a800a87,9504,6336,1.5,2019-10-11 18:29:42.248354,,321961,4778
1SrYeRojDuE,https://images.unsplash.com/photo-1476455553758-5a8b16727e23,5472,3648,1.5,2016-10-11 08:46:16.603115,,8572374,27112
St5pW99JsLM,https://images.unsplash.com/photo-1547270785-297f894f2517,5184,3456,1.5,2019-01-12 05:27:41.338836,,319775,1810
OU502a_HlvI,https://images.unsplash.com/photo-1505141797785-e39a14464b2e,3840,5760,0.67,2017-09-11 14:59:45.933441,United States,4577257,40231
xx6p28Oz9HI,https://images.unsplash.com/photo-1527223090385-ca195a6c3acc,5542,3695,1.5,2018-05-25 04:41:26.644362,United States,2572251,20048
Y7OSh5oC3NM,https://images.unsplash.com/photo-1548097341-3d7b4821f984,3187,2691,1.18,2019-01-21 19:05:11.699682,,22042937,28074
iK0QtlJgj30,https://images.unsplash.com/photo-1559475377-d63baa5ba3ea,4160,6240,0.67,2019-06-02 11:36:29.2861,,4094749,6735
iZzPp_sFGFE,https://images.unsplash.com/photo-1547751746-e054108b8dc6,3000,4500,0.67,2019-01-17 19:02:49.129522,,422335,1664
VNVYpIZn9xQ,https://images.unsplash.com/photo-1542328419-4a4359cf0450,4272,2848,1.5,2018-11-16 00:34:27.709349,USA,550559,6600
ka8WGEY2eZU,https://images.unsplash.com/photo-1428394527478-f01c05887d1f,2804,4259,0.66,2015-04-07 08:16:00.433723,,1828259,12670
rh_BTXnRhCI,https://images.unsplash.com/photo-1544028866-a05a888c1bab,4000,6000,0.67,2018-12-05 17:04:07.077399,,291602,1724
Y_kIawhP8gc,https://images.unsplash.com/photo-1578532009320-10258506d6c8,5472,3648,1.5,2020-01-09 01:06:58.235384,,1359760,10719
Mm0EJOz5lAQ,https://images.unsplash.com/photo-1547716666-5e09f06ab842,6013,8017,0.75,2019-01-17 09:20:14.794937,,1198590,9594
HJJdGJrRQ84,https://images.unsplash.com/photo-1578762733612-dc14f2aee566,8192,5572,1.47,2020-01-11 17:14:57.816549,,1100049,6953
_m7i89Km880,https://images.unsplash.com/photo-1551516425-4ccc1f44b2bb,4000,5000,0.8,2019-03-02 08:47:22.41625,,505145,1081
iVRwHrnnwqI,https://images.unsplash.com/photo-1542029985281-6fd45bd3b7cf,3841,5762,0.67,2018-11-12 13:40:40.610484,United Kingdom,288288,2813
57lJY39Sjvo,https://images.unsplash.com/photo-1577378978997-46d853f732cf,5184,3456,1.5,2019-12-26 16:50:30.554143,Austria,7542843,8909
xtFRl1ZjKto,https://images.unsplash.com/photo-1496841733162-a88a250a275c,4678,3120,1.5,2017-06-07 13:25:27.120027,India,4336583,25393
p_uTaHtKKs8,https://images.unsplash.com/photo-1579678986055-a0fe07e4b1cd,2400,2400,1.0,2020-01-22 07:43:44.821321,,844159,4592
17gZ2jmFnbA,https://images.unsplash.com/photo-1482875827976-688cdbd158bc,6000,4000,1.5,2016-12-27 22:00:27.821904,United States,2555224,10659
YwH212PJk0Q,https://images.unsplash.com/photo-1577970566175-a3f947d0852f,4000,6000,0.67,2020-01-02 13:12:57.468961,,619624,2666
PJITbx5_ZUU,https://images.unsplash.com/photo-1577876948972-446c6fe7bf03,3004,4506,0.67,2020-01-01 11:11:12.972339,,126200,592
wf8WxQJipkA,https://images.unsplash.com/photo-1542389882-faa2e207fd79,3803,4480,0.8499999999999999,2018-11-16 17:38:14.059473,,485709,1674
Gpn_HyzJ4SI,https://images.unsplash.com/photo-1589533101497-a16f9f95f7e1,4000,6000,0.67,2020-05-15 08:59:04.629435,United Kingdom,981954,7470
PYh4QCX_fmE,https://images.unsplash.com/photo-1445363692815-ebcd599f7621,2448,3264,0.75,2015-10-20 17:56:18.619277,,8911568,83036
1X6uV3-ijUI,https://images.unsplash.com/photo-1577836911499-28f99bd40fc3,4000,6000,0.67,2020-01-01 00:05:04.700939,,1328777,6417
mDHMoOuDe34,https://images.unsplash.com/photo-1570582112884-6f115e259152,4000,6000,0.67,2019-10-09 00:51:27.270732,United States,1689729,31600
7pzWbaRKC0A,https://images.unsplash.com/photo-1512221242126-6ddeddf1ed88,6000,4000,1.5,2017-12-02 13:28:32.896782,,756851,4982
oZzoDW61aoM,https://images.unsplash.com/photo-1543751416-705d3e34d02a,5903,3935,1.5,2018-12-02 11:56:36.580381,Italy,111557486,77201
PYiSLzXb9gs,https://images.unsplash.com/photo-1539048875323-93d79facf482,3250,2224,1.46,2018-10-09 01:35:20.952357,United States,972544,9698
tzjkOcHg4GQ,https://images.unsplash.com/photo-1576058001784-f10f2052a70f,4084,6120,0.67,2019-12-11 09:53:33.640272,,544564,1587
za1VGWayBqs,https://images.unsplash.com/photo-1438879960410-1b5e1ca5e115,5472,3648,1.5,2015-08-06 16:53:19.459374,,292724,2393
N4HGHuhftlc,https://images.unsplash.com/photo-1549231634-c8156650e858,1744,3090,0.56,2019-02-03 22:07:27.987988,,1057220,7553
W5MhJ6cy1So,https://images.unsplash.com/photo-1419332552192-47d29e59b1e0,4188,2781,1.51,2014-12-23 11:02:46.749429,,7698797,73618
Zj9VGShc1Bw,https://images.unsplash.com/photo-1566986422461-b017b2c5d50d,2592,3872,0.67,2019-08-28 10:00:47.218885,,699267,5571
-So60UAgCtU,https://images.unsplash.com/reserve/OnRKhvlFQ2uJNSx5O3cc_DSC00560.jpg,4310,2864,1.5,2014-06-09 11:51:45,,17409552,166842
lP1RhcNrENM,https://images.unsplash.com/photo-1487803556724-cb9f0b8151d1,2143,3000,0.7099999999999999,2017-02-22 22:52:35.182868,,14375998,15079
JcsdD_x9rLI,https://images.unsplash.com/photo-1572025132164-38689810dd0e,3554,3554,1.0,2019-10-25 17:50:45.277911,,102559,1071
ppMxyOhPtd8,https://images.unsplash.com/photo-1545579133-99bb5ab189bd,6000,4000,1.5,2018-12-23 15:33:25.442696,,7538485,59772
0tr6IDnQlmQ,https://images.unsplash.com/photo-1550432165-0fa54507f202,3072,4608,0.67,2019-02-17 19:36:11.065751,,415013,1055
a_hPPrncGlQ,https://images.unsplash.com/photo-1590418606746-018840f9cd0f,4624,6936,0.67,2020-05-25 14:58:44.786728,Portogallo,38901734,152936
ORJTmL2DOTg,https://images.unsplash.com/photo-1560435441-d5056902df3c,2618,3840,0.68,2019-06-13 14:20:03.351383,,590423,2004
ZK0uz8cjdMs,https://images.unsplash.com/photo-1543165106-6c9083ee7b7e,3264,4080,0.8,2018-11-25 17:00:54.439624,Poland,1144566,3026
gVue-ikcepk,https://images.unsplash.com/photo-1571414110879-41d5417f0708,6192,8256,0.75,2019-10-18 16:02:04.334777,,291161,1787
9OTvQhAm5d4,https://images.unsplash.com/photo-1557096336-8e576993d3ff,2996,2245,1.33,2019-05-05 22:45:53.471917,,1532560,9804
TUoBcf07vDo,https://images.unsplash.com/photo-1588927179048-a4953708f18e,4912,3264,1.5,2020-05-08 08:40:40.57106,,594951,3677
3rabTGLccwc,https://images.unsplash.com/photo-1548638168-bdb1d0f1e700,5472,3078,1.78,2019-01-28 01:17:10.585199,,3400726,37482
HQPJEEjHqSE,https://images.unsplash.com/photo-1578615437406-511cafe4a5c7,2605,4629,0.56,2020-01-10 00:17:35.568581,,30895978,258204
JYONUH66xKc,https://images.unsplash.com/photo-1549911511-2facc3f4593f,3648,5472,0.67,2019-02-11 19:03:03.417247,,4953125,31379
HMGNL811SQE,https://images.unsplash.com/photo-1581886996016-80186c7c8ef1,6000,4000,1.5,2020-02-16 21:03:45.355457,,933105,3511
lt8JTmjav2Y,https://images.unsplash.com/photo-1543410629-3693556181d8,5304,7952,0.67,2018-11-28 13:10:54.526588,,199322,870
jomuw0-3F8A,https://images.unsplash.com/photo-1465414951857-102134ffaa57,4288,2848,1.51,2016-06-08 19:43:28.538704,United Arab Emirates,4410564,39722
XCkao3y6Gpc,https://images.unsplash.com/photo-1579619272436-7bf4271f0bff,4928,2604,1.89,2020-01-21 15:13:37.111418,,915477,4638
DsOV070-Dcc,https://images.unsplash.com/photo-1569587575751-0e34f8120f76,2611,3912,0.67,2019-09-27 12:33:16.895049,,1241017,5208
IsXCY4LW3f4,https://images.unsplash.com/photo-1571551418340-24158b66afe3,3458,4323,0.8,2019-10-20 06:07:06.300825,,200659,1608
XMyPniM9LF0,https://images.unsplash.com/uploads/14119492946973137ce46/f1f2ebf3,4272,2848,1.5,2014-09-29 00:08:38.594364,,2647721,7862
RGeCD9pjevk,https://images.unsplash.com/photo-1556931787-634c5068a0cc,1999,2665,0.75,2019-05-04 01:03:30.935995,,154857,1110
rSOrj871OwU,https://images.unsplash.com/photo-1568150544319-7582c670c599,2624,3936,0.67,2019-09-10 21:22:42.96336,,480012,3126
KXECHbY5yKg,https://images.unsplash.com/photo-1564091100920-36f0e060c3d5,3984,5976,0.67,2019-07-25 21:46:22.684524,,207474,1023
1bPXERSwOcg,https://images.unsplash.com/photo-1514861889637-9f51bc99fc19,3264,4928,0.66,2018-01-02 03:00:43.581562,,2486668,18603
03VeN3r0eg8,https://images.unsplash.com/photo-1505842947725-dea5f942bd2b,4200,2800,1.5,2017-09-19 17:58:43.348283,Germany,811630,3981
R7FuUorDAHs,https://images.unsplash.com/photo-1475359275440-dbad2521cd1c,5184,3456,1.5,2016-10-01 22:01:34.197211,,7372793,8811
akbHiqZy4Pg,https://images.unsplash.com/6/New-Life.jpg,4608,3072,1.5,2013-07-19 13:57:48,,4346794,39003
OsyU_2QtwZE,https://images.unsplash.com/photo-1485464507155-b9c3f7060a7f,3000,2000,1.5,2017-01-26 21:03:04.337633,United States,1704796,8626
F1F84QlcxZ8,https://images.unsplash.com/photo-1576859374859-6609370556cb,3066,4600,0.67,2019-12-20 16:34:29.455912,Germany,817165,2916
OgoCiyXSwUE,https://images.unsplash.com/photo-1500278170415-daa5b83e9443,6016,4016,1.5,2017-07-17 08:04:16.97203,United States,3269570,20841
iWtN3DjheZ8,https://images.unsplash.com/photo-1438755479963-192c92d10192,4872,3248,1.5,2015-08-05 06:18:09.489758,,58059,811
E9aetBe2w40,https://images.unsplash.com/photo-1419833173245-f59e1b93f9ee,4752,3168,1.5,2014-12-29 06:06:20.591176,,27354943,376141
rO2IyxK78Zc,https://images.unsplash.com/photo-1578300863025-a37e0dd16e75,7985,5323,1.5,2020-01-06 08:58:28.250004,,158383,875
W5XTTLpk1-I,https://images.unsplash.com/photo-1503149779833-1de50ebe5f8a,2448,3264,0.75,2017-08-19 13:37:21.983322,,34861447,399328
RO9nomDWJk8,https://images.unsplash.com/photo-1578147063111-9ffec96050cd,5319,3546,1.5,2020-01-04 14:11:43.389051,Schweiz,1366943,12841
_WuZ9cOPc6M,https://images.unsplash.com/photo-1552758070-02c40ecffd5b,4472,3576,1.25,2019-03-16 17:41:54.909459,Turkey,1037751,7666
ufW147Fqe_A,https://images.unsplash.com/photo-1490081109593-e260645bbb9d,6000,4000,1.5,2017-03-21 03:27:24.896455,Canada,831536,3853
_2rf0fMIec8,https://images.unsplash.com/photo-1543350081-d222d2263f41,3648,2432,1.5,2018-11-27 20:24:14.114404,,318448,3115
wfXF5aAdvS0,https://images.unsplash.com/photo-1579539441812-239283e92346,8364,11264,0.7399999999999999,2020-01-20 16:59:15.990684,,2120467,11010
fwD_GFyaOQ8,https://images.unsplash.com/photo-1526588203529-fbfb299730cf,4160,6240,0.67,2018-05-17 20:17:47.293082,,533603,3739
olh3acGyrdY,https://images.unsplash.com/photo-1552998494-e31730fa8271,2000,3000,0.67,2019-03-19 12:29:41.553547,Australia,739868,3979
xqV9QdGOSas,https://images.unsplash.com/photo-1486915309851-b0cc1f8a0084,4000,6000,0.67,2017-02-12 16:03:29.687642,,21964592,206392
GQh15nPNjVA,https://images.unsplash.com/photo-1576506626809-9c6ea4c5a749,4000,4000,1.0,2019-12-16 14:30:41.435681,,1394694,3916
gEMnbCz0Aqw,https://images.unsplash.com/photo-1416312189147-9a686b7fb250,4608,3456,1.33,2014-11-18 12:04:53.829125,,1545287,14189
oIIULkcWkiw,https://images.unsplash.com/photo-1633179895302-b59133548261,5896,3931,1.5,2021-10-02 13:07:26.02021,,646169,9592
flpxkeXX6sk,https://images.unsplash.com/photo-1577970072946-0bd4d7eb45e5,4016,6016,0.67,2020-01-02 13:03:08.589114,Deutschland,500829,1597
fsJB3KT2rj8,https://images.unsplash.com/photo-1509515837298-2c67a3933321,3654,5473,0.67,2017-11-01 05:59:28.303104,United States,41249016,542386
WPRPQUsaeHo,https://images.unsplash.com/photo-1542879418-c6c556ff5690,5472,3648,1.5,2018-11-22 09:37:23.193072,,632479,5225
nPRa5jVKpDM,https://images.unsplash.com/photo-1565822678560-e682612a0f57,5472,3648,1.5,2019-08-14 22:45:04.58159,Australia,387222,3527
ks6xLdNAW0U,https://images.unsplash.com/photo-1579803875490-73587081cc8f,5939,3514,1.69,2020-01-23 18:25:23.802329,Ausztria,132976,3397
tJwmiOratQ8,https://images.unsplash.com/photo-1562439214-d45bcce0ec60,2119,3178,0.67,2019-07-06 19:00:59.642377,,564212,1330
PtZ1eDGAYqQ,https://images.unsplash.com/photo-1545875650-4eb60e16b90d,4000,6000,0.67,2018-12-27 01:54:40.811788,,667886,2738
1fbxmY5wAmk,https://images.unsplash.com/photo-1540974317567-833d7d15f5a6,4000,5000,0.8,2018-10-31 08:27:32.106765,Malaysia,325799,2148
ES6qzx4jEJE,https://images.unsplash.com/photo-1548161955-6407ab3104bc,3451,5177,0.67,2019-01-22 13:00:08.549205,,58300,312
Ht8N1LXFcb0,https://images.unsplash.com/photo-1570503601243-c4eb09c82879,4048,2589,1.56,2019-10-08 03:00:43.721178,,833974,2285
dbdMjkC37yE,https://images.unsplash.com/photo-1546728505-c59150c040b6,4000,6000,0.67,2019-01-05 22:59:32.430175,Greece,1197191,11495
twUvrKBcnFY,https://images.unsplash.com/photo-1447277998206-a721aae985eb,5184,3240,1.6,2015-11-11 21:44:05.254273,Canada,2014325,10328
93GuBD64gHg,https://images.unsplash.com/photo-1421197550221-2981a4172c34,3872,2592,1.49,2015-01-14 01:08:31.256833,,21722,487
gbTPGIMICuo,https://images.unsplash.com/photo-1585793078741-08696255ecaf,3000,2000,1.5,2020-04-02 02:07:22.96659,United States,576404,2245
ikqcHfUKN4Y,https://images.unsplash.com/photo-1558642503-cf7a0df65fdf,4462,3480,1.28,2019-05-23 20:15:29.88077,Costa Rica,741109,2874
Msjd65OsrFY,https://images.unsplash.com/photo-1572530772193-db97f99b94ad,3078,5472,0.56,2019-10-31 14:06:50.253115,,1246661,5713
NbPJ8HM-w8c,https://images.unsplash.com/photo-1543988884-c01cfa7b41c2,1958,3480,0.56,2018-12-05 05:49:13.728449,,11476779,175863
2qLT_Rq-2tk,https://images.unsplash.com/uploads/14134890947503c6effdc/72adf455,4608,3072,1.5,2014-10-16 19:54:57.329122,,14307234,150043
Lwqv4tEIKOU,https://images.unsplash.com/photo-1565296466892-273bb817d5d2,3633,5449,0.67,2019-08-08 21:04:01.936843,,199572,919
hr6F8_6c8F0,https://images.unsplash.com/photo-1583482179015-3cd681bacd85,3150,4728,0.67,2020-03-06 08:09:55.332122,Philippines,815815,5007
3LBGmFq-kNg,https://images.unsplash.com/photo-1572166973967-ea7f8daf8797,2379,2379,1.0,2019-10-27 09:03:21.046798,,95844,505
IWj4QSP61_k,https://images.unsplash.com/photo-1550553484-c46651e02af6,3247,4812,0.67,2019-02-19 05:18:10.272291,Australia,1201561,10322
itw-veImrHU,https://images.unsplash.com/photo-1566674724872-c2eaffac66d6,3500,2643,1.32,2019-08-24 19:26:46.955442,,254362,2522
6Rf6EjvdiN4,https://images.unsplash.com/photo-1416512149338-1723408867e9,3680,2456,1.5,2014-11-20 19:35:53.068992,,14283012,84513
CLMlVwtPsI4,https://images.unsplash.com/photo-1586779300978-6648a9c0036f,4000,6000,0.67,2020-04-13 12:02:19.217595,Deutschland,1046078,5503
ifI0ud6BGfM,https://images.unsplash.com/photo-1543490258-4131d44881d7,3375,4602,0.7299999999999999,2018-11-29 11:17:53.932123,Sweden,1516509,9638
FvrjfNKpITc,https://images.unsplash.com/photo-1589629999470-9628095c9189,4000,2670,1.5,2020-05-16 11:59:55.55222,,387215,1615
HMhmqJ6Rwes,https://images.unsplash.com/photo-1555572086-79e81ff69f0d,5472,3648,1.5,2019-04-18 07:21:34.773424,UK,594945,5391
xa0FS-lGz8I,https://images.unsplash.com/photo-1588877793936-43554341a84a,4000,6000,0.67,2020-05-07 18:56:48.339216,,517659,1120
KBmI2u8TLmM,https://images.unsplash.com/photo-1592407815059-d10df1905661,3926,5888,0.67,2020-06-17 15:34:43.330668,,406364,3742
_i1juAwzYX0,https://images.unsplash.com/photo-1544177817-454e1238e05f,4608,3072,1.5,2018-12-07 10:17:41.626249,,23901781,60791
81ZI1By9294,https://images.unsplash.com/photo-1543168870-df20f4e822e0,3003,4500,0.67,2018-11-25 18:01:40.847006,Germany,309705,2046
ZR8CPW96PHE,https://images.unsplash.com/photo-1509156475925-6adae21ad91f,5133,3561,1.44,2017-10-28 02:09:52.10034,United Kingdom,1027243,5121
nQ0Zre-H3GM,https://images.unsplash.com/photo-1567008242066-d3d18ea8d895,6000,4000,1.5,2019-08-28 16:50:48.856142,,126202,1767
67o2OkQa6f0,https://images.unsplash.com/photo-1566694782800-08224c1bbce5,4011,6048,0.66,2019-08-25 01:03:05.550143,,660748,1432
RLR9AfOd5hw,https://images.unsplash.com/photo-1482211317141-14c8a4e628fd,6016,4016,1.5,2016-12-20 05:22:06.40677,,2816355,23800
FPfuKVQ42D4,https://images.unsplash.com/photo-1466179262313-02a151abfb3e,5760,3840,1.5,2016-06-17 16:02:06.06648,,6935955,150837
q0nDIxv3UI0,https://images.unsplash.com/photo-1543362137-396c385ae95d,5304,7952,0.67,2018-11-27 23:42:47.543563,,262174,1159
G5sUV9ytPHE,https://images.unsplash.com/photo-1562864758-a312d0310835,4500,2985,1.51,2019-07-11 17:07:15.828716,,372891,1840
v6eA2IbLD3w,https://images.unsplash.com/photo-1577000589497-ce1c5bc6fe08,2888,3851,0.75,2019-12-22 07:43:38.670647,,160441,1260
kem3xr844k4,https://images.unsplash.com/photo-1542668083-fad855298842,4240,2832,1.5,2018-11-19 22:54:50.200603,,1346220,11089
UIPcRDDopjM,https://images.unsplash.com/photo-1576426470986-6f51e1eaf345,3633,5090,0.7099999999999999,2019-12-15 16:15:20.926593,,458318,3110
U5rMrSI7Pn4,https://images.unsplash.com/photo-1433162653888-a571db5ccccf,4951,3301,1.5,2015-06-01 12:44:18.965796,,34761382,318438
lISpfc1IL6Y,https://images.unsplash.com/photo-1565502979906-4bb9818918fd,5504,8256,0.67,2019-08-11 05:56:47.456148,United States,175796,1533
fjq7dNxSkG0,https://images.unsplash.com/photo-1571034618808-0e4f95f92f07,5304,7952,0.67,2019-10-14 06:48:33.973713,,1000496,4633
8iBpmWs8TIs,https://images.unsplash.com/photo-1579122545727-ba8d646bdffe,2535,3802,0.67,2020-01-15 21:09:48.783407,,340178,627
wke_R0RW1xk,https://images.unsplash.com/photo-1543222321-f86147e0a9ae,4144,2768,1.5,2018-11-26 08:52:10.845559,,502037,5106
JtSI04pKj94,https://images.unsplash.com/photo-1545096145-1d37c6a5f5ef,3236,4854,0.67,2018-12-18 01:23:08.958588,,656556,2865
vcYNblHBUpk,https://images.unsplash.com/photo-1586199030270-b1cffd1eeefb,5076,3840,1.32,2020-04-06 18:51:06.165129,Nederland,895833,4338
o8IfF0RUTTs,https://images.unsplash.com/reserve/pK02sCLwT3Op7AZBbdz6_msp_0701_6004.jpg,4368,2084,2.1,2014-06-24 08:07:07,,3735293,19458
0KleqkJzL1k,https://images.unsplash.com/photo-1569474920002-1cc3b5bf7833,4000,6000,0.67,2019-09-26 05:18:19.74984,,591946,1090
Ndz3yV4HnyY,https://images.unsplash.com/photo-1548958674-8d8e9bbf76a5,3456,5184,0.67,2019-01-31 18:22:32.723818,Morocco,679685,2219
-esAIGzeMqU,https://images.unsplash.com/photo-1556566952-11eff3d06ed4,3792,5680,0.67,2019-04-29 19:42:41.283418,,3517135,39411
HAGq70L1MXc,https://images.unsplash.com/photo-1484991122354-76f3546aefe8,7212,5409,1.33,2017-01-21 09:33:13.657569,United States,8672214,19139
Dw0-lA3qvr4,https://images.unsplash.com/photo-1414430349866-1c979b3d4665,3200,2400,1.33,2014-10-27 17:19:20.029548,,7107697,21915
3nMWpUx4HyQ,https://images.unsplash.com/photo-1543128252-56605f89e5d1,2992,3992,0.75,2018-11-25 06:46:19.775539,Greenland,1931016,12845
ubA4MSQh9Po,https://images.unsplash.com/photo-1559178554-3a1fa97ff47b,3456,5184,0.67,2019-05-30 01:09:32.870634,Russia,1449031,9273
Syl05eRC0nA,https://images.unsplash.com/photo-1554294984-2bf2ad1b4569,6000,4000,1.5,2019-04-03 12:37:00.604348,,528110,4841
-k_Vg2y2vpI,https://images.unsplash.com/photo-1583710071423-70eac8a6cf6f,5792,8688,0.67,2020-03-08 23:29:04.9585,,756726,1872
bYY8OaIlA4k,https://images.unsplash.com/photo-1565205537966-4827080d5382,2400,3000,0.8,2019-08-07 19:26:10.961661,,98589,717
KQBsTXCvGwM,https://images.unsplash.com/photo-1516565349308-c76fe36a115c,6016,4016,1.5,2018-01-21 20:09:39.917256,,11343751,37637
qkVrnY0Q2Kg,https://images.unsplash.com/photo-1584984787900-9417ec4c3369,2912,4368,0.67,2020-03-23 17:33:13.875491,,3192259,44102
kjfdacDML9M,https://images.unsplash.com/photo-1571053252951-a5bddbab3b1e,7952,5304,1.5,2019-10-14 11:42:33.747757,Australia,206291,2054
HtCgLIDy-2U,https://images.unsplash.com/photo-1584204559709-ca7d413229eb,5248,3499,1.5,2020-03-14 16:49:58.065124,,12997536,45760
T01uX2YkdtY,https://images.unsplash.com/photo-1557077021-31815491e3ff,3862,5788,0.67,2019-05-05 17:25:19.313568,Iceland,989318,2867
EUqatWCcX-s,https://images.unsplash.com/photo-1568867944144-5b30a932eb15,3032,2631,1.15,2019-09-19 04:39:57.467468,,265603,2754
yTIYsD6txMM,https://images.unsplash.com/photo-1514912837785-f1c25c6d4281,4896,3264,1.5,2018-01-02 17:07:21.553754,,8357702,4259
ovLaQBJcPUs,https://images.unsplash.com/photo-1574749724343-20ef27a73ac8,3648,5472,0.67,2019-11-26 06:29:28.319568,,2018668,4845
3xUiO2-3BT4,https://images.unsplash.com/photo-1584688746725-4b5b28408924,3439,5158,0.67,2020-03-20 07:19:41.139902,United Arab Emirates,1112749,4998
BxzmGCyVRI8,https://images.unsplash.com/photo-1579754250024-047ee205c486,2988,1842,1.62,2020-01-23 04:37:33.679115,,427685,2640
Qjd6-RuaVo0,https://images.unsplash.com/photo-1430505046445-10ec3b96acf0,4928,3264,1.51,2015-05-01 18:34:28.635224,,2283377,19470
eh2Jy0S5RgE,https://images.unsplash.com/photo-1551973932-86019142d146,4000,6000,0.67,2019-03-07 16:23:24.641783,,606867,1796
eUGCQ0yr4P4,https://images.unsplash.com/photo-1584038180163-707e1eeeab6f,4000,6000,0.67,2020-03-12 18:37:19.551034,,1067152,18799
e7W6BYt6Pjg,https://images.unsplash.com/photo-1582701946020-7d0c7ac8c081,4000,6000,0.67,2020-02-26 07:26:28.755385,,616044,1716
SwgiWNurMuM,https://images.unsplash.com/photo-1551908325-9bd4c5c33171,5464,3070,1.78,2019-03-06 21:40:30.711236,,5895294,48114
kxzt252wB_A,https://images.unsplash.com/photo-1517094629229-f5e0c2f88440,5436,3624,1.5,2018-01-27 23:13:43.314481,United States,2959712,22481
XTgILxe9BBk,https://images.unsplash.com/photo-1511945426905-059e71268660,6016,4016,1.5,2017-11-29 08:50:39.737551,,805796,5880
fsNMGdyQTUY,https://images.unsplash.com/photo-1571066599621-34cd6db5ca0c,5784,3856,1.5,2019-10-14 15:24:19.942967,,5125508,49477
eVAXpfCJXN8,https://images.unsplash.com/photo-1426760344031-e028c83d9e91,4573,3049,1.5,2015-03-19 10:19:20.893139,,36524,844
LlELOJhKCdY,https://images.unsplash.com/photo-1578382975235-d9f55c5c5d2e,4000,6000,0.67,2020-01-07 07:43:53.791076,,387607,819
2EGf-Ag2tyA,https://images.unsplash.com/photo-1553165906-d79d380342d1,4000,5802,0.69,2019-03-21 11:02:46.000673,,225301,1639
wVMuNOSt5KY,https://images.unsplash.com/photo-1556912743-90a361c19b16,2176,3264,0.67,2019-05-03 19:46:21.221375,,570183,3479
KjKrSyvQuBE,https://images.unsplash.com/photo-1571123671652-149849e805cb,6000,4000,1.5,2019-10-15 07:14:54.888421,,558669,1863
i8OIDJwtnA0,https://images.unsplash.com/photo-1552225091-2d80cf694ab6,4000,6000,0.67,2019-03-10 13:38:15.541628,,2526186,3346
FEGHUL4X_QQ,https://images.unsplash.com/photo-1564521664051-9f7f10855e16,2792,1861,1.5,2019-07-30 21:23:44.505929,,689317,1889
wkRHXxsZTvc,https://images.unsplash.com/photo-1445249310874-ddfd23018ee3,4750,2672,1.78,2015-10-19 10:11:31.173272,,2876032,25656
QE2QOZqxdr4,https://images.unsplash.com/photo-1414604582943-2fd913b3cb17,3888,2592,1.5,2014-10-29 17:43:59.186586,,11174795,112053
m00xybdaOdo,https://images.unsplash.com/photo-1554095254-60f482f65025,2147,3233,0.66,2019-04-01 05:07:52.234715,,241010,1130
VeiHRfGxTzY,https://images.unsplash.com/photo-1505643052356-9ef5b99ce666,4034,2694,1.5,2017-09-17 10:12:35.069351,Iceland,3567277,8405
yzv5CRh01cE,https://images.unsplash.com/photo-1500680368132-2ad757e5bba3,4016,6016,0.67,2017-07-21 23:40:47.084107,,1079958,5156
0hFK_7mbJ_Q,https://images.unsplash.com/photo-1576503287075-a969be11c1ef,5311,7967,0.67,2019-12-16 13:41:45.235197,,70320,526
uw2J0770z6Q,https://images.unsplash.com/photo-1585748805705-2aa835b84ee6,2636,3961,0.67,2020-04-01 13:50:23.638069,Великобритания,1065318,5445
YoI8fp-xEN0,https://images.unsplash.com/photo-1546839535-2e8e927fb5ae,4480,6720,0.67,2019-01-07 05:42:03.867506,,9190940,90986
BCuxVP5WEsU,https://images.unsplash.com/photo-1508020963102-c6c723be5764,5184,3456,1.5,2017-10-14 22:43:27.891572,Mexico,41771819,536749
MHGyValkTJg,https://images.unsplash.com/photo-1590742927982-69b861a6ca27,6720,3780,1.78,2020-05-29 09:02:46.944318,,248550,2163
KaXMBK6l9HE,https://images.unsplash.com/photo-1572224104820-98a5279d861b,4000,6000,0.67,2019-10-28 00:56:14.689073,United States,2435189,17275
X8X5l0BDPk0,https://images.unsplash.com/photo-1545165375-149765f1b8e4,3456,5184,0.67,2018-12-18 20:36:22.604609,,931323,5079
8ObGfV2RBpA,https://images.unsplash.com/photo-1558078434-41a27957db5a,2670,4000,0.67,2019-05-17 07:36:32.449263,,4683793,12698
sz3AWACktLc,https://images.unsplash.com/photo-1420442442888-15c96323ec3c,3264,2448,1.33,2015-01-05 07:21:04.186059,Spain,23040666,141411
jFYLpHPizQM,https://images.unsplash.com/photo-1566321514303-e88a4fb22095,3000,2000,1.5,2019-08-20 17:19:03.957622,,254370,2571
CPvhE5xQ7zE,https://images.unsplash.com/photo-1591703166380-e36be05eb7bf,3278,4917,0.67,2020-06-09 11:52:46.268819,France,1058232,10510
sjczwcCXwuk,https://images.unsplash.com/photo-1544126663-0a1897e848fe,6000,4000,1.5,2018-12-06 20:04:42.333889,Iceland,253896,1734
n45C7xS02Uc,https://images.unsplash.com/photo-1591284557887-6cab7ce8997c,5184,3456,1.5,2020-06-04 15:29:50.577007,United States,396375,3471
NsojRZoIOx0,https://images.unsplash.com/photo-1459236914855-982c6a11b8ee,3840,2478,1.55,2016-03-29 07:36:19.330447,Sweden,1637022,13276
s0ifr6qb6H0,https://images.unsplash.com/photo-1433256392503-913cee5877e3,5472,3648,1.5,2015-06-02 14:47:19.513747,,14025588,76561
r-HTZtGDfeY,https://images.unsplash.com/photo-1578643800553-cfbc323b5de2,5764,3843,1.5,2020-01-10 08:14:15.061042,Canada,558662,3247
3fucumsUI68,https://images.unsplash.com/photo-1580807735606-959de5c499a6,1851,3000,0.62,2020-02-04 09:16:31.931665,Maldives,552957,1290
4p-6t9ee_oM,https://images.unsplash.com/photo-1573177201559-b6eed209d3dc,4748,3421,1.39,2019-11-08 01:40:36.508883,United States,1680065,9161
kjE7bvuLB44,https://images.unsplash.com/photo-1527724142204-427f1e5fe315,5456,3632,1.5,2018-05-30 23:50:02.369845,France,659149,3858
Y59DkFRRTfM,https://images.unsplash.com/photo-1508978016297-57dfd4b2e9cf,4480,6720,0.67,2017-10-26 00:34:04.152369,,1213341,8302
rSZNTnohlSg,https://images.unsplash.com/photo-1558935094-ac712f525bbf,6000,4000,1.5,2019-05-27 05:31:40.060343,,853424,4920
6zumjWR-7xY,https://images.unsplash.com/photo-1549189617-fe4218e88035,3968,2976,1.33,2019-02-03 10:27:20.518932,,1085647,9707
LEP9cyPh3Pc,https://images.unsplash.com/photo-1552202041-83c10984f5bd,2912,4368,0.67,2019-03-10 07:14:59.980415,,5402656,5584
ZsTkRnw_iYY,https://images.unsplash.com/photo-1580567340263-6ded5129afc7,2008,3008,0.67,2020-02-01 14:29:40.181905,Россия,1051625,10268
DMnHQUitTQU,https://images.unsplash.com/photo-1570283485750-edbcd989f0c9,6000,4000,1.5,2019-10-05 13:52:13.305219,,96091,1239
GVqbCtDXY6A,https://images.unsplash.com/photo-1589199928822-d41f373ea885,4160,6240,0.67,2020-05-11 12:25:51.38893,,415384,900
SJORlsD1wVQ,https://images.unsplash.com/photo-1575053638588-35446cfe47fa,3648,5472,0.67,2019-11-29 18:55:56.889143,,453917,705
EmACXKd5zcI,https://images.unsplash.com/photo-1471922743296-3aaa64ceff00,6000,4000,1.5,2016-08-23 03:27:28.992479,United States,1645695,8200
wNVB7JG6538,https://images.unsplash.com/photo-1546019116-2f6179dc3965,3668,2060,1.78,2018-12-28 17:45:46.25701,,428909,2534
4INmupPkgx0,https://images.unsplash.com/photo-1580760894869-072f6d5bbfd1,3024,4032,0.75,2020-02-03 20:15:06.397076,United States,489885,1331
Q7XjXGdXjSQ,https://images.unsplash.com/photo-1559304732-41b6a6a618c3,4892,6115,0.8,2019-05-31 12:14:34.040069,,570476,4751
G4EMlYs57-c,https://images.unsplash.com/photo-1556760277-ea9fb5b22a94,3992,2992,1.33,2019-05-02 01:25:36.851018,United States,553996,6130
bkquuNd2QRI,https://images.unsplash.com/photo-1463154725631-3bdf593bad02,2500,1875,1.33,2016-05-13 15:52:40.737178,,1006619,6976
KfhiW3_TY0Q,https://images.unsplash.com/photo-1556868960-5e89d0b11036,5304,7952,0.67,2019-05-03 07:37:08.940707,,698010,1879
ovdi1CHl_fc,https://images.unsplash.com/photo-1575119437835-e574de972888,2043,3071,0.67,2019-11-30 13:10:46.444978,,8104188,21688
_xpOzVgCCMs,https://images.unsplash.com/photo-1592688866581-0ba66e61ea84,3200,1800,1.78,2020-06-20 21:34:32.439171,,406728,2885
qoIHdN6b8kU,https://images.unsplash.com/photo-1476546516825-6c911f1059e7,3721,2481,1.5,2016-10-15 15:50:50.726585,,1920133,13892
8w40mk2JDjY,https://images.unsplash.com/photo-1557196337-77eb6608a677,4016,6016,0.67,2019-05-07 02:32:29.196655,USA,835683,2074
jyWKrdOakRA,https://images.unsplash.com/photo-1568994358752-08973393df3f,3008,2000,1.5,2019-09-20 15:46:10.648461,,390170,2509
4XFDhzA1118,https://images.unsplash.com/photo-1469735139965-2d27590468a4,3264,1836,1.78,2016-07-28 19:46:27.295951,,4061535,19186
Khigp82JQQc,https://images.unsplash.com/photo-1563730246568-ad904d6ab2c8,3648,5472,0.67,2019-07-21 17:33:17.839363,,121981,1113
W0wxbLr67CY,https://images.unsplash.com/photo-1463114680351-75863cab5bf3,5184,3456,1.5,2016-05-13 04:46:18.710334,United States,1835187,13662
34VYZIxPpG4,https://images.unsplash.com/photo-1550680386-b2f55a4925d3,3648,5472,0.67,2019-02-20 16:34:15.652403,,439501,1411
U8yyVqE1Xvs,https://images.unsplash.com/photo-1552432141-41df9c9522bf,3579,4493,0.8,2019-03-12 23:10:07.633784,,802553,3021
oyr64kMIz98,https://images.unsplash.com/photo-1542234161-b0394bb94542,5472,3648,1.5,2018-11-14 22:34:41.441901,,1641307,13156
KMYCSLP8uiU,https://images.unsplash.com/photo-1488423884422-510d78fda297,4912,7360,0.67,2017-03-02 03:06:02.699807,United States,2313287,11971
GpSwc26csDo,https://images.unsplash.com/photo-1547005784-6b8e1efab515,3921,2939,1.33,2019-01-09 03:50:31.607433,Indonesia,843546,5567
C8nhnJIEKGI,https://images.unsplash.com/photo-1572982223152-3a3634fa7a6a,5568,3712,1.5,2019-11-05 19:32:25.509979,,370265,2221
5zsuqCUXtq0,https://images.unsplash.com/photo-1559449603-06901d695172,5946,3964,1.5,2019-06-02 04:28:26.87702,,844636,4487
bYMkg-r-E0A,https://images.unsplash.com/photo-1530141895495-ae2ba178b36f,4216,2372,1.78,2018-06-27 23:27:12.460813,Canada,845229,26626
Ta4pKiFpyvo,https://images.unsplash.com/photo-1560413484-46c316ba6425,3456,5184,0.67,2019-06-13 08:12:30.309568,United States,861659,4222
9j-cpV3dStU,https://images.unsplash.com/photo-1465486512872-48e1ffff66a5,4928,3264,1.51,2016-06-09 15:37:38.985387,,2038033,14813
wbZTJDBvgoM,https://images.unsplash.com/photo-1545501959-d2e81c11bf5e,3565,5347,0.67,2018-12-22 18:08:10.682594,,453898,2442
UXRceJ89NNw,https://images.unsplash.com/photo-1432611185496-76ccd1dc5efe,2448,2448,1.0,2015-05-26 03:33:22.596506,United States,3693227,47341
u5EdZMmIjfs,https://images.unsplash.com/photo-1543046458-777553b548a9,5760,3840,1.5,2018-11-24 08:12:54.908569,,302767,2941
3bsVcAbqS7Q,https://images.unsplash.com/photo-1627552205263-1cb7cf251a4f,2930,5209,0.56,2021-07-29 09:50:42.39051,,251669,2315
klbUSrU4YjQ,https://images.unsplash.com/photo-1585458099771-9a25f0ac2263,4000,6000,0.67,2020-03-29 05:03:51.776242,,115366,686
xrQjp_tHWjQ,https://images.unsplash.com/photo-1571408251302-8ea94ac3170a,3072,4608,0.67,2019-10-18 14:17:55.230501,,63327,391
exK3gUWyN9g,https://images.unsplash.com/photo-1579444962515-0d27e87bba60,2993,3991,0.75,2020-01-19 14:43:11.774313,Deutschland,256399,676
lKFR8Ho3jYw,https://images.unsplash.com/photo-1545304986-75c658e68e5a,4706,2847,1.65,2018-12-20 11:29:41.927853,India,642842,5513
CuvvprvYTGA,https://images.unsplash.com/photo-1513154619912-c82cbc9af26f,3000,2000,1.5,2017-12-13 08:44:35.160762,Indonesia,850377,5447
F12BtzEeVyk,https://images.unsplash.com/photo-1580100124280-a40415d0ab21,3201,2140,1.5,2020-01-27 04:42:08.330611,,5844321,42548
yvqu5kiGUrE,https://images.unsplash.com/photo-1592268594767-ead5c74ee773,8688,5792,1.5,2020-06-16 00:50:17.325935,,587675,3198
e9ZJpC8P0UY,https://images.unsplash.com/photo-1456081445129-830eb8d4bfc6,4943,3263,1.51,2016-02-21 19:04:37.325971,Colombia,12691014,113631
i16R3iKEG3s,https://images.unsplash.com/reserve/5ByY2laAQiCAZ1fCdnoz_untitled-1528-2.jpg,5184,3456,1.5,2014-09-12 18:32:11,Wisconsin,2259361,9147
sK0tm_ZRkLs,https://images.unsplash.com/photo-1575510648424-e28046faf9fa,3191,3989,0.8,2019-12-05 01:52:03.448074,,672589,1371
gR3oLVM0aqM,https://images.unsplash.com/photo-1556015174-ac6f87f53456,3098,4337,0.7099999999999999,2019-04-23 10:26:34.040601,,4457730,33670
y0KE4E5LUMQ,https://images.unsplash.com/photo-1542758531-934207a03921,3840,5376,0.7099999999999999,2018-11-21 00:02:56.994369,,537153,3412
GUIAoF789Ok,https://images.unsplash.com/photo-1547493290-944738390caa,4000,6000,0.67,2019-01-14 19:22:15.415826,,302645,873
rpTINCgZaks,https://images.unsplash.com/photo-1572232523302-71d7b58989ab,4000,6000,0.67,2019-10-28 03:15:46.83002,,644346,1652
0PA1e5CmX-A,https://images.unsplash.com/photo-1581482994425-b0068c4eab38,2667,4000,0.67,2020-02-12 04:50:26.683502,United States,889203,2581
1tvzjgFADc0,https://images.unsplash.com/photo-1580160456669-269256f5d3dc,4697,2806,1.67,2020-01-27 21:29:33.762094,,451505,1148
ST1RsddQLic,https://images.unsplash.com/photo-1462173592833-194371f6f9a3,4739,3159,1.5,2016-05-02 07:20:49.077409,Philippines,1351520,10016
iPr2ossBqsA,https://images.unsplash.com/photo-1560717262-a108ba43d022,4000,6000,0.67,2019-06-16 20:34:33.224459,,801977,2545
4ytXGKoqWDY,https://images.unsplash.com/photo-1587371169587-0ad13dea4be2,4890,2751,1.78,2020-04-20 08:27:15.03736,,763532,2772
n7DY58YFg9E,https://images.unsplash.com/photo-1437719417032-8595fd9e9dc6,2048,1536,1.33,2015-07-24 06:32:59.616168,,44426227,305617
Bk7ftOK-ncQ,https://images.unsplash.com/photo-1570212049797-abc6e855dd3e,6000,4000,1.5,2019-10-04 18:01:11.103485,Österreich,448320,3749
H_oCwUI9E1o,https://images.unsplash.com/photo-1588263270675-835a3cd0bd12,3648,4560,0.8,2020-04-30 16:17:03.718649,Norge,11019202,9107
iQhRYATGEmM,https://images.unsplash.com/photo-1558801875-1dff4fe605d8,3888,2592,1.5,2019-05-25 16:31:35.958655,Iceland,995844,5365
3d853e9ZjPM,https://images.unsplash.com/photo-1584133627320-1c111c256939,3757,5635,0.67,2020-03-13 21:07:52.941941,,703653,1549
WpieYg_a7WE,https://images.unsplash.com/photo-1547132025-0868fd15d909,6000,4000,1.5,2019-01-10 14:53:52.540214,,487132,5596
6y-NtYsAmSY,https://images.unsplash.com/photo-1548413976-492b671eb54a,2889,4044,0.7099999999999999,2019-01-25 10:59:46.082422,,298011,1033
dgGWnapezLs,https://images.unsplash.com/photo-1559562622-f830b488f4a8,2000,2500,0.8,2019-06-03 11:50:53.712768,,627606,2981
g-KH52m2P7g,https://images.unsplash.com/photo-1465247609274-27281ea86149,4608,3072,1.5,2016-06-06 21:14:32.808583,Norway,4582973,34528
Qrg3PKWK5nY,https://images.unsplash.com/photo-1561602637-ef0a2a6c0f00,5146,2895,1.78,2019-06-27 02:31:19.986021,Japan,850211,5510
aCeZE5I_4BU,https://images.unsplash.com/photo-1572810269166-670813a4eb68,5464,3640,1.5,2019-11-03 19:45:13.785398,,137744,3153
JYgUSBcwmhE,https://images.unsplash.com/photo-1571084797756-44c01f79d666,6016,4016,1.5,2019-10-14 20:26:53.416586,Italy,851299,2596
5eymZgGOl8E,https://images.unsplash.com/photo-1440329849715-1381ad804b3d,3264,2448,1.33,2015-08-23 11:37:46.725302,United States,176955,3335
XhpE3fvd9ME,https://images.unsplash.com/photo-1549273051-633f0c30a073,6000,4000,1.5,2019-02-04 09:37:39.711167,,431190,2988
NTWPWWpUE08,https://images.unsplash.com/photo-1555199571-cdc0ee8ca8a2,3456,5184,0.67,2019-04-13 23:53:03.900865,,265040,1491
fuMXgxkv8D4,https://images.unsplash.com/photo-1564509398619-622e40ad5a5e,3264,4912,0.66,2019-07-30 17:56:52.156044,,644523,3910
1yQqAVYa-iQ,https://images.unsplash.com/photo-1567647753505-2c5e35a2fec0,4500,3000,1.5,2019-09-05 01:43:40.065818,,752920,3129
Py8vZdCw35U,https://images.unsplash.com/photo-1420343631402-9d073718f83c,2320,1553,1.49,2015-01-04 03:54:41.031772,,14486,613
tFSv6aHKfMA,https://images.unsplash.com/photo-1552431448-a6610283dca0,4522,3019,1.5,2019-03-12 22:58:08.38638,,701370,2457
EheKbIZ8oAw,https://images.unsplash.com/photo-1555600268-dac243fae94f,6036,4024,1.5,2019-04-18 15:11:44.775917,,622387,3977
hVQxf6LDA7I,https://images.unsplash.com/photo-1563906385047-ab0e0c479bc3,3000,2003,1.5,2019-07-23 18:32:45.731012,,99749,1420
qJc3FI-KaZk,https://images.unsplash.com/photo-1626627969122-739ddc972b1c,4000,3000,1.33,2021-07-18 17:08:40.5921,United Kingdom,494232,12640
IhVeOaVX608,https://images.unsplash.com/photo-1549943543-d9454fc857d7,5086,3391,1.5,2019-02-12 03:53:20.889259,,230622,3869
hDj6NWYfG08,https://images.unsplash.com/photo-1505765569591-26b32d82a830,4000,2672,1.5,2017-09-18 20:15:41.317412,Argentina,467748,2277
OPyRXGstZcI,https://images.unsplash.com/photo-1498897813894-298fcbd7caa9,1988,3018,0.66,2017-07-01 08:30:19.316373,,1083529,2862
nQr2Oi51mkA,https://images.unsplash.com/photo-1550788696-45d0a14c9f9a,5461,8192,0.67,2019-02-21 22:40:26.174473,,1618804,12356
5dVC3WO0g0c,https://images.unsplash.com/photo-1578504064174-ed73d134f741,6000,3376,1.78,2020-01-08 17:21:12.881308,,394860,1446
gkKOhf0IYgw,https://images.unsplash.com/photo-1567511872186-a11cb96d3181,3265,4898,0.67,2019-09-03 11:57:58.214666,,263302,1863
7zuHMRFbckw,https://images.unsplash.com/photo-1502137983922-433ff9e1b18f,3974,2602,1.53,2017-08-07 20:39:19.596431,France,2533525,8636
vlQGNIiCPfk,https://images.unsplash.com/photo-1577646967772-292613b7019e,4912,3264,1.5,2019-12-29 19:30:47.903843,,55951,791
Sb62zazu9Ns,https://images.unsplash.com/photo-1580711600699-5db1a1101e57,6000,4000,1.5,2020-02-03 07:27:41.476031,,455060,1674
Y3DkPWVg9DA,https://images.unsplash.com/photo-1548092352-4944c775dd75,2988,5312,0.56,2019-01-21 17:40:06.022309,Iceland,2043900,30140
oPQn7cy0c4Y,https://images.unsplash.com/photo-1515587906528-824f0bbcd580,6000,4000,1.5,2018-01-10 12:40:30.51258,,733885,4566
MKeBSjTFf7A,https://images.unsplash.com/photo-1545455504-d97ac2d5cb7b,4857,3238,1.5,2018-12-22 05:11:56.309626,,208091,1172
SwuNPHNAuCg,https://images.unsplash.com/photo-1541646481136-bd3565684ff2,3265,4897,0.67,2018-11-08 03:08:57.342152,China,1170763,4176
C9VxL-OtUt8,https://images.unsplash.com/photo-1527800900213-3b046048df6f,4000,5000,0.8,2018-05-31 21:09:03.708064,Colombia,437643,2989
9AaJzkkZwBo,https://images.unsplash.com/photo-1573079487717-f8ebae0b1539,2624,3936,0.67,2019-11-06 22:31:37.212335,,605190,1679
s7qZayMy6Go,https://images.unsplash.com/photo-1565378434747-262417385c7f,3308,3690,0.9,2019-08-09 19:24:19.222166,,5101328,19620
0jest-Svoz8,https://images.unsplash.com/photo-1567868504856-9f9e06097509,3456,5184,0.67,2019-09-07 15:03:10.145167,,878450,2440
NakpkplNCOE,https://images.unsplash.com/photo-1548032884-1be875c9b0c9,6000,3564,1.68,2019-01-21 01:09:21.010893,,109685,1413
QX3ODZvva9Y,https://images.unsplash.com/photo-1566923450595-3857b05bff3f,4534,3401,1.33,2019-08-27 16:30:58.320498,,1194126,6634
I03ZQjTt4WI,https://images.unsplash.com/photo-1550586875-6ef206d9b42c,6000,4000,1.5,2019-02-19 14:40:33.576224,,404010,1921
-zzvGaZ3gjY,https://images.unsplash.com/photo-1547014751-2b43a527b6fa,3823,3823,1.0,2019-01-09 06:19:47.454666,,526922,2564
u8qNkP5eQvo,https://images.unsplash.com/photo-1567549616026-98a59a4f563f,6016,4016,1.5,2019-09-03 22:32:52.854768,,644440,2685
_vVzm7TouUM,https://images.unsplash.com/photo-1546890948-82b45c9712c2,4648,6965,0.67,2019-01-07 19:56:52.666525,,525131,3689
z-hUZ89tIIs,https://images.unsplash.com/photo-1561175102-9e541a675233,4000,6000,0.67,2019-06-22 03:48:02.41111,,698021,2304
AL4oxw2UD8E,https://images.unsplash.com/photo-1542729214-97b5ef6dc098,3619,5028,0.7199999999999999,2018-11-20 15:53:42.107291,,260821,2095
TuOiIpkIea8,https://images.unsplash.com/15/bw-beach.JPG,4912,2760,1.78,2013-10-18 13:57:48,,5400353,27960
NeIYTFQ9Mo0,https://images.unsplash.com/photo-1552807066-a33f906a67cf,2832,4256,0.67,2019-03-17 07:17:51.658832,,21841538,8903
i-vgADdh6E4,https://images.unsplash.com/photo-1470122619772-bf3359cc11e9,3999,3000,1.33,2016-08-02 07:24:58.512009,China,4810258,33138
z_9lFEKPQuQ,https://images.unsplash.com/photo-1572670805920-c494b90bcc21,2673,4009,0.67,2019-11-02 05:02:29.945678,United States,175026,1536
5TKVn0r4rx8,https://images.unsplash.com/photo-1551606292-9649254815d6,4749,3103,1.53,2019-03-03 09:47:37.990087,,885913,3978
7b9BA_BFgcM,https://images.unsplash.com/photo-1591023960577-c0f250391afb,3600,2403,1.5,2020-06-01 15:11:11.12813,,317009,2800
wbQwghbG-DY,https://images.unsplash.com/photo-1593049616336-55225e89f44a,4016,6016,0.67,2020-06-25 01:48:53.859948,,296554,2941
2S0c1k1NB8Q,https://images.unsplash.com/photo-1414394783050-3027567a29e0,4599,3046,1.51,2014-10-27 07:27:45.319441,,5725791,9827
CjTOXAUZaz4,https://images.unsplash.com/photo-1430155336069-457cf8a8c6e5,3456,5184,0.67,2015-04-27 17:28:44.228154,,2374230,17960
V7CqOeoLrBg,https://images.unsplash.com/photo-1565302383043-8f5fff6d51d5,3168,4752,0.67,2019-08-08 22:15:01.599447,,1127064,4024
kujXUuh1X0o,https://images.unsplash.com/photo-1475738198235-4b30fc20cff4,7010,2955,2.37,2016-10-06 07:17:12.575432,United States,5219946,58163
gq4kE8KRP8c,https://images.unsplash.com/14/unsplash_52403df6209f9_1.JPG,1600,1066,1.5,2013-10-10 13:57:48,,3376063,17181
YR04dy3YKo4,https://images.unsplash.com/photo-1557780227-de2ea45e40d5,5100,3450,1.48,2019-05-13 20:44:01.684836,United States,30688096,23233
Rnck9Ojxcbs,https://images.unsplash.com/photo-1605940169843-9d0c4e1f595d,2603,3254,0.8,2020-11-21 06:31:54.351708,Indonesia,1196381,4193
pLkDVPJms1Y,https://images.unsplash.com/photo-1568735554388-6b8f2f359fd0,3419,5129,0.67,2019-09-17 15:55:14.332086,,169435,1469
mkiFnR3hM_0,https://images.unsplash.com/photo-1511678837090-6dc13e6c0094,6000,4000,1.5,2017-11-26 06:51:09.360313,Turkey,717322,3927
mGfiYDUpYrI,https://images.unsplash.com/photo-1441661292604-830533546086,3000,2000,1.5,2015-09-07 21:29:09.100792,Mexico,7212300,13687
NDrS9cYXCAk,https://images.unsplash.com/photo-1550948805-c7107f9955dc,6016,4016,1.5,2019-02-23 19:10:48.59499,,1681166,3555
VkF8pVVoFg0,https://images.unsplash.com/32/9FybtVFNSEOxogGzIvHJ_IMG_2226.jpg,1000,563,1.78,2014-04-14 20:11:22,,8354670,36519
YY5uHzZV6Wo,https://images.unsplash.com/photo-1582379990402-2202cb550fb2,3648,5472,0.67,2020-02-22 14:00:17.304319,,7866199,12265
R3WCRCq69YA,https://images.unsplash.com/photo-1577736396409-e5257fbcf29b,4096,4096,1.0,2019-12-30 20:13:50.458447,Slovakia,156452,878
E38Gb_nVPck,https://images.unsplash.com/photo-1547954569-06aabe3b39b1,2296,3444,0.67,2019-01-20 03:22:54.367483,,706432,4569
lzTm9fX216s,https://images.unsplash.com/photo-1548106400-8b7d0c33080d,3316,4019,0.8299999999999998,2019-01-21 21:33:42.821672,,1590682,8187
O1oHVSGxowI,https://images.unsplash.com/photo-1564686093725-988d55a5a8b6,2736,3648,0.75,2019-08-01 19:04:11.508215,,205707,1415
C2YORgsJqXs,https://images.unsplash.com/photo-1581981795318-c916a84e1b74,6000,4000,1.5,2020-02-17 23:23:50.108697,,937137,7151
YYgAZpVBJvY,https://images.unsplash.com/photo-1553771886-ac4231ababaa,4844,3229,1.5,2019-03-28 11:20:05.654709,United Kingdom,686912,7094
L1jHI4ThA44,https://images.unsplash.com/photo-1588856359881-3eebac20780a,3667,5134,0.7099999999999999,2020-05-07 13:01:41.393508,Danmark,583304,2098
riqztV6_edg,https://images.unsplash.com/photo-1562478264-699cf2ec5b47,5523,2961,1.87,2019-07-07 05:45:47.925945,USA,1202398,5953
3ALWS-fLXEU,https://images.unsplash.com/photo-1571722335489-7a9760b12571,5190,7785,0.67,2019-10-22 05:54:22.745644,México,1932681,6956
Enr71dsAO5w,https://images.unsplash.com/photo-1434281406913-47acccb03654,3264,4928,0.66,2015-06-14 11:31:42.39298,,8413053,72364
R-CrIoLU11M,https://images.unsplash.com/photo-1575336744883-16d4fa41f959,5472,3648,1.5,2019-12-03 01:34:52.930871,,552621,2215
Xp8-S8K0U-I,https://images.unsplash.com/photo-1565205537663-c32c2dbe00aa,3000,2003,1.5,2019-08-07 19:26:10.587737,,220293,1740
Qxl9eZnoc1w,https://images.unsplash.com/photo-1565236572451-f4186c2a01ed,3712,5568,0.67,2019-08-08 03:59:26.792023,,661481,2486
rkfHzgA_g-E,https://images.unsplash.com/photo-1542991519-7e45eacaed7a,4288,2848,1.51,2018-11-23 16:45:45.874777,,785020,4213
kTwYD4rZ4q8,https://images.unsplash.com/photo-1581135685680-dda76cac93f0,3000,4500,0.67,2020-02-08 04:31:23.174953,,407401,733
Lrh3mpcFKzE,https://images.unsplash.com/photo-1501470037472-12d667fbe202,4240,2832,1.5,2017-07-31 03:04:04.988728,United States,979938,5385
krJZWKmfxo4,https://images.unsplash.com/photo-1540864193756-a5e299a311b6,3226,4839,0.67,2018-10-30 01:51:44.335398,United Kingdom,1545372,12055
vCKl84jpaZM,https://images.unsplash.com/photo-1419293667059-7f9357d09013,5184,3456,1.5,2014-12-23 00:15:44.820647,,3772817,25336
4-2dvzP_oqM,https://images.unsplash.com/photo-1570368294249-55d0da1c69fd,3096,5504,0.56,2019-10-06 13:25:16.961151,,2131085,22284
9kbsq91NFwg,https://images.unsplash.com/photo-1479186479563-2af7090284c6,4928,3264,1.51,2016-11-15 05:08:39.845624,United States,15284282,156984
iUGefrVAecs,https://images.unsplash.com/photo-1591829723603-69d0393b83e4,5568,3712,1.5,2020-06-10 22:55:50.401273,,156500,2673
USS8_fIsprQ,https://images.unsplash.com/photo-1588258670421-37beeb06ec53,4000,6000,0.67,2020-04-30 14:58:45.538656,United Kingdom,4379945,16733
s3YiYZE_Tao,https://images.unsplash.com/photo-1542263347-f564bbfd35a1,2500,4155,0.5999999999999999,2018-11-15 06:29:15.743307,United States,1331027,7949
ObD0leSrDzM,https://images.unsplash.com/photo-1590127880121-a3f45f799a6b,5472,3648,1.5,2020-05-22 06:13:30.900568,,332337,3608
ZQtk_VAvO7Y,https://images.unsplash.com/photo-1578420198881-1157c2a38e32,5525,3683,1.5,2020-01-07 18:03:38.910663,,1148678,9457
WA1Lpc7iFNw,https://images.unsplash.com/photo-1561302817-db67694d8f9a,6000,4000,1.5,2019-06-23 15:17:02.306702,,475853,2020
xfgeMfYFsMk,https://images.unsplash.com/photo-1587581833329-e796e51ef981,2430,2705,0.9,2020-04-22 18:59:44.720203,,393577,2373
PAVvPPzBKJQ,https://images.unsplash.com/photo-1573976366083-5ce0d56439cf,3648,5472,0.67,2019-11-17 07:43:46.11084,,551128,1175
VMdxiJ5asWo,https://images.unsplash.com/photo-1565849499188-dad6136b48a2,4038,3025,1.33,2019-08-15 06:36:19.530236,,103721,1479
XSMsa2VwSxw,https://images.unsplash.com/photo-1508787340649-145631a9b715,5184,3456,1.5,2017-10-23 19:36:11.798797,,498753,4336
2gi8sXHejxc,https://images.unsplash.com/photo-1547825933-8b79b4b9a549,4000,6000,0.67,2019-01-18 15:42:45.367695,,130888,918
1vbrBzh-zNk,https://images.unsplash.com/photo-1494173526771-97c89e8f8717,6016,4000,1.5,2017-05-07 16:12:42.812127,,4842237,39305
SOnxfCNFqHI,https://images.unsplash.com/photo-1550164858-aab178e7f490,3012,4021,0.75,2019-02-14 17:23:16.462339,,226192,1583
Q6p4GExQeA8,https://images.unsplash.com/photo-1586398154433-c5bfd18d6f70,6720,4480,1.5,2020-04-09 02:11:43.193465,,383081,1627
O2o3wkYcr4k,https://images.unsplash.com/photo-1576835074400-b10cadcbe4c2,5826,3884,1.5,2019-12-20 09:46:41.905284,,16365365,8462
NxCUU0lujD8,https://images.unsplash.com/photo-1554079500-a359614b7666,4124,3035,1.36,2019-04-01 00:46:05.367142,,1735123,9234
6BykweIpp8s,https://images.unsplash.com/photo-1555785657-06a106ef6d4c,4000,6000,0.67,2019-04-20 18:46:31.451106,Paris,871039,6145
vFdDc_vyHNU,https://images.unsplash.com/photo-1554191469-f28ffa940953,6000,4000,1.5,2019-04-02 07:51:24.667471,,137716,2105
SL9xzHMKQAU,https://images.unsplash.com/photo-1626453746553-eb1a053b2ddc,3578,4472,0.8,2021-07-16 16:42:57.11723,,419943,2114
DX9JSmkdNCA,https://images.unsplash.com/photo-1567939297308-01355cda5318,3370,5055,0.67,2019-09-08 10:42:22.405623,,6925137,6187
6gJgo9a1E9s,https://images.unsplash.com/photo-1511779804069-00681dc6f7f7,4000,2563,1.56,2017-11-27 10:54:49.509029,Italy,252386,2408
AnDpaFc1K3g,https://images.unsplash.com/photo-1562956608-958d6e2f9efa,3711,5567,0.67,2019-07-12 18:37:08.835851,,606458,1635
rqQYXih2nPI,https://images.unsplash.com/photo-1552640489-7c5dcc73126f,4272,2848,1.5,2019-03-15 09:01:53.318548,,13895254,10840
a3mdwZAoGcU,https://images.unsplash.com/photo-1583346398313-5074c4dda42e,3648,5472,0.67,2020-03-04 18:27:48.669031,,1290229,9443
CQl3Y5bV6FA,https://images.unsplash.com/photo-1500479694472-551d1fb6258d,5760,3840,1.5,2017-07-19 16:01:24.278311,Canada,32446644,170199
v2T64yyvFAw,https://images.unsplash.com/photo-1581781932847-310a57c3eb23,5304,7952,0.67,2020-02-15 15:53:21.837985,United States,536148,1201
T_GHGl2OLN0,https://images.unsplash.com/photo-1573898961001-75aa69bec56e,3637,5456,0.67,2019-11-16 10:12:02.983233,,406197,1373
vtCZp-9GvrQ,https://images.unsplash.com/photo-1454688515140-ce3372b1b6f8,3407,2330,1.46,2016-02-05 16:09:19.888045,United States,4329566,32819
OpGM6GwzNl8,https://images.unsplash.com/photo-1565104126519-f64ef998d61a,4608,3072,1.5,2019-08-06 15:09:23.734992,Italy,767589,5065
ceJnzvS6ktU,https://images.unsplash.com/photo-1548516059-eed96949a114,3992,2992,1.33,2019-01-26 15:21:05.764267,Netherlands,289746,1707
KOAJOeZwOxA,https://images.unsplash.com/photo-1552735789-843cf3bb6abd,3857,2456,1.57,2019-03-16 11:30:07.444924,,68399,1075
cNY_0C2U46c,https://images.unsplash.com/photo-1512689980554-181411aca1f5,2304,1536,1.5,2017-12-07 23:41:15.631598,,8359010,61135
DqYw4KMZYOE,https://images.unsplash.com/reserve/mW95rWmYSRe4nTMVaRaW_French-Mountain.jpg,2550,1700,1.5,2014-09-03 13:43:46,,6918188,36711
CoPcd2e_J4Q,https://images.unsplash.com/photo-1575439321979-bef46fb3ca8b,4000,6000,0.67,2019-12-04 06:07:19.672108,,606774,2020
w3Je41OpVRI,https://images.unsplash.com/photo-1552331479-888674859ee8,2848,4288,0.66,2019-03-11 19:12:01.262101,,2743296,22618
yyilgcRTlNw,https://images.unsplash.com/photo-1460855307054-34a94665c76e,5456,3632,1.5,2016-04-17 01:09:03.029004,Canada,2523022,7123
i_sNR4hitxo,https://images.unsplash.com/photo-1564694230688-f6afe64db816,3072,4608,0.67,2019-08-02 10:40:50.179286,,319604,1973
j_BrdluB2g4,https://images.unsplash.com/photo-1578552367301-3b1c6d393765,3448,4592,0.75,2020-01-09 06:48:44.500672,,71867,587
2_NRQBcggnU,https://images.unsplash.com/photo-1572129421341-77455b1478b3,3258,4881,0.67,2019-10-26 22:38:45.020176,,1912707,11156
AeBUc7jF5_E,https://images.unsplash.com/photo-1543892673-921992c933f5,4896,3264,1.5,2018-12-04 03:04:42.253821,,470346,3465
mTFyV8oNDzU,https://images.unsplash.com/photo-1545105366-5d6173ec720a,4000,2668,1.5,2018-12-18 03:57:48.528844,,46933469,21418
mME3lPSuZZ0,https://images.unsplash.com/photo-1552166234-80b17f8a1445,4986,3324,1.5,2019-03-09 21:17:21.363641,,671211,3201
eNMMw7ihJ2Y,https://images.unsplash.com/photo-1573125716783-d05b57a86488,5184,3456,1.5,2019-11-07 11:22:52.89007,Ireland,1639203,20684
HzQQUWhaUBo,https://images.unsplash.com/photo-1592406436864-3eb4e36ba2ad,2057,2748,0.75,2020-06-17 15:07:24.416813,,11655508,25289
AwMGRlipVzo,https://images.unsplash.com/photo-1575619305602-88b45fdf319c,7347,4903,1.5,2019-12-06 08:04:29.025356,Australia,747794,3461
N1fu7RBj9Qs,https://images.unsplash.com/photo-1574448987542-a6538f604a13,5456,3632,1.5,2019-11-22 18:58:54.830188,,424115,2718
vvmzYw8vAyY,https://images.unsplash.com/photo-1575802715184-456ae87ef4c8,4000,6000,0.67,2019-12-08 10:59:31.836247,,692133,1754
qjWB_sFPFmA,https://images.unsplash.com/photo-1549824506-da6e6ce54796,2814,4221,0.67,2019-02-10 18:53:40.475493,,492959,1561
pYpOZMP43Cc,https://images.unsplash.com/photo-1568646815107-01383e0a8844,4480,6720,0.67,2019-09-16 15:13:56.194757,,3920037,49020
IyjhDTTQitM,https://images.unsplash.com/photo-1464131065363-9e30e13470f6,5760,3840,1.5,2016-05-24 23:07:04.908293,,2236227,30032
ImmeHTdmXeQ,https://images.unsplash.com/photo-1568035777131-30bc7d81a368,6192,8256,0.75,2019-09-09 13:32:15.988864,,134465,1072
SuImNU-p4YM,https://images.unsplash.com/photo-1545744451-c85a83bb3c91,2244,2992,0.75,2018-12-25 13:28:19.180497,Maldives,6113508,45188
LmLj4iign6Q,https://images.unsplash.com/photo-1428448816382-91cedd04e38a,4000,3000,1.33,2015-04-07 23:20:51.938581,,1243874,5714
YWhRvW7KRJY,https://images.unsplash.com/photo-1441906551230-a0352e3dbcd9,5616,3744,1.5,2015-09-10 17:36:50.59058,United States,2811816,17242
Df2mXKnAqZo,https://images.unsplash.com/photo-1549279087-0041040729f1,4000,6000,0.67,2019-02-04 11:19:25.951225,,269041,629
dpQqhZRyF7w,https://images.unsplash.com/photo-1516623957853-0f9e4b609d23,4256,2832,1.5,2018-01-22 12:27:19.533986,,1225653,4122
EaPkmf6yQqc,https://images.unsplash.com/photo-1418226902076-21397a66cccb,3402,2268,1.5,2014-12-10 15:55:09.376037,,3284504,8832
3Vr4qQvQn34,https://images.unsplash.com/photo-1450098722705-562182a09e45,3689,5548,0.66,2015-12-14 13:13:02.448506,Mexico,5146963,30413
NnPZZ09-tMk,https://images.unsplash.com/photo-1457728846306-b1233971cbb6,4272,2856,1.5,2016-03-11 20:41:01.315142,,2677367,26153
yOkJPDCI_rI,https://images.unsplash.com/photo-1575297991359-1d374d2e022d,4000,6000,0.67,2019-12-02 14:50:51.541801,Argentina,1582411,10272
G2UTNecskWg,https://images.unsplash.com/37/ic1dX3kBQjGNaPQb8Xel_1920%20x%201280.jpg,1925,1280,1.5,2014-06-04 17:04:36,,9596850,82747
y692nLSXiaU,https://images.unsplash.com/photo-1444808134024-5d3ae88d0798,3000,2000,1.5,2015-10-14 07:36:52.992731,,1645263,4322
c-NFJc86CSc,https://images.unsplash.com/photo-1485724228848-1968af3c5bc9,4032,3024,1.33,2017-01-29 21:14:23.069886,United States,1211126,3635
rw_KWqLkQ7I,https://images.unsplash.com/photo-1419032185395-8131e3576bbb,5821,3881,1.5,2014-12-19 23:36:55.948035,,2063521,5878
szmakgWdl78,https://images.unsplash.com/photo-1550732276-5e9388ad35d2,5142,3734,1.38,2019-02-21 06:58:27.571052,,1693533,9676
mG7Dj53NYLo,https://images.unsplash.com/photo-1546880882-b75b645d05e1,4480,6720,0.67,2019-01-07 17:13:16.913657,,391454,1533
AELjKcCaNSk,https://images.unsplash.com/photo-1589990199295-f12e8e109784,6720,4480,1.5,2020-05-20 15:59:22.230713,Saint Lucia,277253,1367
bEZRJC-XvTc,https://images.unsplash.com/photo-1572895662029-00bc0da308c3,6000,4000,1.5,2019-11-04 19:29:04.141588,Bulgaria,397474,4819
7kLXdtUKxsM,https://images.unsplash.com/photo-1592407304920-bcb3526c3b3d,3072,4608,0.67,2020-06-17 15:22:46.202764,日本,1423479,2586
iilZhNg5uaQ,https://images.unsplash.com/photo-1485744455408-5363f9f7e1d3,4322,2881,1.5,2017-01-30 02:46:40.897694,Taiwan,3870566,34741
XjvWEsPTDeY,https://images.unsplash.com/photo-1495472772658-b1d6f8472877,5184,3456,1.5,2017-05-22 17:09:20.736475,,2310122,15467
Ma7RbOxSDrA,https://images.unsplash.com/photo-1641566956210-3e4070983356,6264,4180,1.5,2022-01-07 14:50:53.004042,,464457,5988
k8dv7AKfJEs,https://images.unsplash.com/photo-1554019181-ccbf5c8dfb98,5304,7952,0.67,2019-03-31 08:02:19.074956,,1330578,4872
sQVXYkOVc18,https://images.unsplash.com/photo-1577464849471-8dc8be232176,6000,4000,1.5,2019-12-27 16:41:22.421365,Iceland,10379406,19234
YxDENE4HgMM,https://images.unsplash.com/photo-1516728778615-2d590ea1855e,2765,4147,0.67,2018-01-23 17:34:08.530606,South Africa,5892418,59500
6U3CTja6LZE,https://images.unsplash.com/photo-1514069914353-1dd818fe4869,3648,5472,0.67,2017-12-23 22:59:31.894869,Sweden,2546219,14352
D5Qx3AbcGuM,https://images.unsplash.com/photo-1565706650051-8afe0956c85d,7360,4912,1.5,2019-08-13 14:36:48.666585,,823089,2251
ak6MWTky7Cs,https://images.unsplash.com/photo-1580151989138-4b2c93d297ca,4088,6693,0.6099999999999999,2020-01-27 19:08:43.56451,,314848,1440
ZDAUsoNPSTc,https://images.unsplash.com/photo-1567781183815-9e57fcdc1f0e,3000,2016,1.49,2019-09-06 14:47:05.039022,,1311804,7302
X6NTotfCiHU,https://images.unsplash.com/photo-1579632125517-a0fae6fe6b1d,4928,3264,1.51,2020-01-21 18:42:14.142602,Китай,154219,1134
zcDXfKNAMHc,https://images.unsplash.com/photo-1582293349245-4eaa0e9f655c,3130,2075,1.51,2020-02-21 13:56:09.793722,,648534,2309
K20boRWBDso,https://images.unsplash.com/photo-1464858597059-e1ba14409edc,5760,3840,1.5,2016-06-02 09:11:27.997065,United Kingdom,1587371,14306
koxORfb73pg,https://images.unsplash.com/photo-1589722692073-a475a7b1d700,3343,5014,0.67,2020-05-17 13:39:02.959438,,505666,2719
ivxGpfVnzcc,https://images.unsplash.com/photo-1548515669-70039972ea92,4932,3297,1.5,2019-01-26 15:14:54.384732,,436090,3386
bzM2RHDOivE,https://images.unsplash.com/photo-1505758558387-3c086f4716f7,2200,1467,1.5,2017-09-18 18:16:36.018562,United States,304859,1798
WH2qRRxe6ZE,https://images.unsplash.com/photo-1569004978010-cec680627830,2624,3936,0.67,2019-09-20 18:45:52.042719,,57098,680
6Mtz47OrZC8,https://images.unsplash.com/photo-1621748339022-9744a069b1c8,6000,4000,1.5,2021-05-23 05:40:44.385373,Iran,720156,5419
dQhQ_oQnXIg,https://images.unsplash.com/photo-1574866248722-f34f1d144971,5472,3648,1.5,2019-11-27 14:53:55.62657,Brasil,173736,1712
4XtO1nyNI68,https://images.unsplash.com/photo-1573329537268-ec806a50b90d,6048,4024,1.5,2019-11-09 19:59:12.584211,,94336,1560
8v38azmFYr8,https://images.unsplash.com/photo-1553499944-939739fc1565,4000,6000,0.67,2019-03-25 07:48:15.532795,,1048512,4886
KXq1wGn_OXI,https://images.unsplash.com/photo-1557724630-96de91632c3b,3347,2678,1.25,2019-05-13 05:17:21.130188,CANADA,14076920,26616
xJ5rjfp-O5k,https://images.unsplash.com/photo-1489900691270-23c1b1165d3b,3872,2592,1.49,2017-03-19 05:19:19.745392,New Zealand,1735429,8011
P0jEotJSOC0,https://images.unsplash.com/photo-1576462949345-a40693582fe1,4000,6000,0.67,2019-12-16 02:26:18.419935,,80596,566
iGANt1N2ge8,https://images.unsplash.com/photo-1496178855414-00776a2803cd,5760,3240,1.78,2017-05-30 21:17:47.370007,United States,1350448,5181
SkkIFA-hOjY,https://images.unsplash.com/photo-1579518788238-fb03a5b6ca92,6240,4160,1.5,2020-01-20 11:13:31.490622,España,1372332,11728
ZLooqR4TxcU,https://images.unsplash.com/photo-1581893258476-16b6339fb8f3,2080,3120,0.67,2020-02-16 22:49:07.080526,,7629049,11252
tOng9unHvxQ,https://images.unsplash.com/photo-1554126718-e36efc152a7a,5184,3888,1.33,2019-04-01 13:54:31.381904,,165627,2085
ws3jxXaOxAM,https://images.unsplash.com/photo-1579693735478-7b4c1a250f26,3024,4032,0.75,2020-01-22 11:49:09.750077,,340131,701
9XzyEzPAHMI,https://images.unsplash.com/photo-1568660357733-823cbddb0f6a,4520,6776,0.67,2019-09-16 19:00:15.964682,Aruba,33517390,102220
nmU2zDJ6I5k,https://images.unsplash.com/photo-1509097207406-34b277546672,3456,5184,0.67,2017-10-27 09:45:02.048408,South Africa,1044958,4527
8POiNVf11ww,https://images.unsplash.com/photo-1453324044162-a4e5f32b7d6c,2896,1944,1.49,2016-01-20 21:08:07.837179,United States,4214239,26576
x0Qu93JJ-sA,https://images.unsplash.com/photo-1558688905-3994dac74c84,2160,3240,0.67,2019-05-24 09:08:29.439128,,808825,3267
5payf6jRAZQ,https://images.unsplash.com/photo-1637018445500-38596a0e6473,3992,2242,1.78,2021-11-15 23:27:34.746739,Islande,500571,5902
Rh48I0U-6ic,https://images.unsplash.com/flagged/photo-1552299908-0cd3573683aa,5870,2799,2.1,2019-03-11 10:25:32.068501,Germany,760215,6594
V2fX3_zb3sQ,https://images.unsplash.com/photo-1549376685-fe5d1bd7c891,4592,3056,1.5,2019-02-05 14:25:01.085098,,109212,1579
CpppxlHFa-8,https://images.unsplash.com/photo-1549849171-15357da560ca,5432,3622,1.5,2019-02-11 01:40:27.961941,,453345,2925
E2XN8sHBHSY,https://images.unsplash.com/photo-1561526959-5530b67f41ce,3696,2448,1.51,2019-06-26 05:29:36.911913,,667501,3741
CK7rdTauhDE,https://images.unsplash.com/photo-1549249061-0433f0b4bdb0,4796,3597,1.33,2019-02-04 02:57:46.038045,,8192119,121360
ks1_xiKXkkg,https://images.unsplash.com/photo-1512719749922-cf1201e01549,3456,4608,0.75,2017-12-08 07:57:39.614415,Australia,2033378,39412
_hpvJZtlxQc,https://images.unsplash.com/photo-1558079154-b221c72aa39a,5184,3456,1.5,2019-05-17 07:47:00.890053,,8910724,30286
lgyV1UrUpvY,https://images.unsplash.com/photo-1543864773-0bf70ddacb50,3325,4987,0.67,2018-12-03 19:19:47.601771,England,1112146,8063
-QVXoX2Lxjo,https://images.unsplash.com/photo-1566116386886-46622124e514,4000,6000,0.67,2019-08-18 08:20:08.157187,,1336286,2330
-ezYkae0yfs,https://images.unsplash.com/photo-1543570978-1e8490ac58ce,4000,6000,0.67,2018-11-30 09:44:06.321427,,188005,988
92_uquc7MHM,https://images.unsplash.com/photo-1571511825421-e4d27e295c47,7360,4912,1.5,2019-10-19 19:08:56.903093,,127360,1696
CUmCByAhXyQ,https://images.unsplash.com/photo-1545229765-7ff613f80127,4000,6000,0.67,2018-12-19 14:29:47.645165,Thailand,6902175,90445
I9NDUXx1cXw,https://images.unsplash.com/photo-1550680423-98c917f24624,4436,2957,1.5,2019-02-20 16:34:15.567183,,136638,1864
ApIsKDsIJdo,https://images.unsplash.com/photo-1576101937575-70b460fa9f38,7952,5304,1.5,2019-12-11 22:06:06.310421,,90206,1255
BXkYKWKL7TA,https://images.unsplash.com/photo-1571172065338-78fbc45873d5,6016,4016,1.5,2019-10-15 20:44:48.925471,,715507,2699
iU4fhAg9DYQ,https://images.unsplash.com/photo-1588263573834-d58362bdef59,2992,3740,0.8,2020-04-30 16:22:08.019412,Norge,1086436,5716
V11kq6ksD2s,https://images.unsplash.com/photo-1547411725-314d13d643af,3584,4480,0.8,2019-01-13 20:36:43.414338,,450599,2708
kqJhR_nRO_o,https://images.unsplash.com/photo-1580560457006-edd13c7af541,3307,4961,0.67,2020-02-01 12:35:04.684977,Indonesia,701396,4886
t9aPgJAKEvc,https://images.unsplash.com/photo-1564097449272-3d7484490a9a,3280,4100,0.8,2019-07-26 00:06:19.568689,,974870,2985
bl61PHDfMmM,https://images.unsplash.com/photo-1588625311266-e814b162660e,4000,6000,0.67,2020-05-04 20:48:43.447458,,537365,1960
i2FUZFxUCWM,https://images.unsplash.com/photo-1566071683285-e3558907b1e0,4000,6000,0.67,2019-08-17 19:56:48.720865,United States,928845,2860
lXR2boS_O94,https://images.unsplash.com/photo-1460914878328-83f75b4c8795,2850,1900,1.5,2016-04-17 17:41:45.240067,United States,1958797,12694
PjscbMQkJms,https://images.unsplash.com/photo-1551225203-8acf4b6a1491,5074,3394,1.49,2019-02-26 23:53:38.622351,Australia,429009,3463
xG74huvY134,https://images.unsplash.com/photo-1486579378273-1a8f39ce1ace,3000,4000,0.75,2017-02-08 18:43:27.1006,United Kingdom,902437,5386
x5lMhzgCDRE,https://images.unsplash.com/photo-1558261150-1543b2aeb885,2008,3008,0.67,2019-05-19 10:19:18.231438,Belgique,1190518,5357
E24Z5z3Qf1Q,https://images.unsplash.com/photo-1546715492-367c4939278c,4000,5000,0.8,2019-01-05 19:14:34.675462,Greece,325693,1641
yAExOWRmj7Y,https://images.unsplash.com/photo-1504556647341-3ce6ab157835,3000,2000,1.5,2017-09-04 20:26:29.444462,United Arab Emirates,1923914,16149
zNwFleFYTB0,https://images.unsplash.com/photo-1496084906319-e198bfefd376,4000,3000,1.33,2017-05-29 19:10:32.635584,Switzerland,863609,4528
9gx_Yy1Eqfg,https://images.unsplash.com/photo-1554181134-e2c9887bc267,5461,8192,0.67,2019-04-02 05:00:05.917516,,968481,1763
TlIR1X6_zSk,https://images.unsplash.com/photo-1583132567811-0829c90ecb21,6720,4480,1.5,2020-03-02 07:03:55.514289,United States,754950,3216
AMi8QWJ5Dec,https://images.unsplash.com/photo-1584531185215-a5f0f6b6dbce,3456,5184,0.67,2020-03-18 11:33:38.811714,,1339011,17551
oGrOhXJaHME,https://images.unsplash.com/photo-1547222794-f8e668f139ef,4304,4000,1.08,2019-01-11 16:07:09.471222,,1108213,5817
6UIR-QKv2YE,https://images.unsplash.com/photo-1678653300204-75de70535454,3487,5234,0.67,2023-03-12 20:37:26.26972,Norway,664703,3489
9EwxGJdTJNo,https://images.unsplash.com/photo-1415226481302-c40f24f4d45e,4608,3456,1.33,2014-11-05 22:28:10.335429,,21805119,116230
X41O9TMInoU,https://images.unsplash.com/photo-1541780644027-402cd848a283,7172,4820,1.49,2018-11-09 16:25:23.508706,United States,361709,3086
R81zUG2eSmg,https://images.unsplash.com/photo-1572458780467-d0566d4baab8,3330,4990,0.67,2019-10-30 18:06:45.4228,,567118,1203
DVepzdHCIso,https://images.unsplash.com/photo-1557380664-dd666ff4e559,5184,3456,1.5,2019-05-09 05:44:33.247743,,224712,2910
9ddt4FwYb-k,https://images.unsplash.com/photo-1537943198869-4c0391287eb3,2992,3740,0.8,2018-09-26 06:47:09.655996,United States,354949,2865
MbiqrQv1vdU,https://images.unsplash.com/photo-1556220002-157a14db9bef,3456,5184,0.67,2019-04-25 19:20:08.292553,,139356,1451
PEo6OYWiDKE,https://images.unsplash.com/photo-1589119359135-95adb9e38f0b,4433,6649,0.67,2020-05-10 14:02:52.953823,,779953,4795
ZgDNfiw5aOQ,https://images.unsplash.com/photo-1581598212594-7c11390cb8d7,4000,6000,0.67,2020-02-13 12:50:42.179382,Italien,827169,3436
77AW8rM9KGg,https://images.unsplash.com/photo-1570997491915-47ade51fed9f,5430,3620,1.5,2019-10-13 20:11:53.467068,,4808113,40388
XyqwK1vvCDE,https://images.unsplash.com/photo-1532026525415-cf16e856b61d,2395,2466,0.97,2018-07-19 19:00:03.992786,,1632342,11317
GwTS3bbRVJM,https://images.unsplash.com/photo-1579945999089-415aefa27290,6000,4000,1.5,2020-01-25 09:54:33.613516,Italia,444341,2081
7-qC7Y5jVkk,https://images.unsplash.com/photo-1494231860374-7381852aec67,2746,1819,1.51,2017-05-08 08:35:17.432794,Australia,2184795,8889
t01wOFRQZog,https://images.unsplash.com/photo-1590586767908-20d6d1b6db58,4160,6240,0.67,2020-05-27 13:39:44.124923,,1013280,11814
mRkL6b-6gpc,https://images.unsplash.com/photo-1580938214047-53ca947dda52,4250,6375,0.67,2020-02-05 21:30:45.768717,,443698,1420
shRsxL3q8P4,https://images.unsplash.com/photo-1589822363146-2ae6c8199ce2,8688,5792,1.5,2020-05-18 17:20:36.32168,,395455,2695
rDLBArZUl1c,https://images.unsplash.com/photo-1416339411116-62e1226aacd8,3000,4000,0.75,2014-11-18 19:36:57.08945,,14778564,90894
1m0EmPH6vJ4,https://images.unsplash.com/photo-1569257833756-d0af2f229384,4000,6000,0.67,2019-09-23 16:58:31.970031,,74303,1063
XGf-HdDBhsA,https://images.unsplash.com/photo-1569535602941-52ce0181d76c,4000,6000,0.67,2019-09-26 22:07:22.649302,,781181,1297
BDFWZ3fLxrg,https://images.unsplash.com/photo-1546825027-283da2739a85,2988,4518,0.66,2019-01-07 01:40:08.907012,,105358,703
mvgRuIN-oUQ,https://images.unsplash.com/photo-1586603234056-2158d916b705,3478,4530,0.77,2020-04-11 11:07:25.90676,United Kingdom,754509,18312
zlCAI1SWZ5M,https://images.unsplash.com/photo-1552740911-9177b99518fc,5472,3648,1.5,2019-03-16 12:55:19.487615,China,379724,3394
t-YCEjq7AeI,https://images.unsplash.com/photo-1545264439-a428218734a3,5572,3715,1.5,2018-12-20 00:07:22.906884,,287922,2612
eL2AJgHbu-E,https://images.unsplash.com/photo-1545065762-6936bccc64b2,5683,3789,1.5,2018-12-17 16:56:53.513989,Iceland,691980,2642
gJHeUIfFjfY,https://images.unsplash.com/photo-1560695659-b45d6c0d6186,5000,4000,1.25,2019-06-16 14:34:29.053157,,18214519,14193
QJNFKcofcOc,https://images.unsplash.com/photo-1557682226-0268c8a5d586,4440,3064,1.45,2019-05-12 17:30:34.064979,,402404,4074
FGoZrS5yVO8,https://images.unsplash.com/photo-1583551536322-76c0aa4ac335,5090,3393,1.5,2020-03-07 03:26:42.394531,,719641,1933
H-Fvcu6TfJo,https://images.unsplash.com/photo-1447895915116-09f7377a904f,1704,1280,1.33,2015-11-19 01:22:39.48644,United Kingdom,2279987,21338
CuVIK8kUcTM,https://images.unsplash.com/photo-1547483238-9cdcedcb7f66,3650,4563,0.8,2019-01-14 16:35:45.485138,US,1454553,7129
OX4FXemQiek,https://images.unsplash.com/photo-1591892234410-e09edab939cd,1874,2998,0.63,2020-06-11 16:18:06.072621,United States,174330,2141
mFlGVX8mbGg,https://images.unsplash.com/photo-1587913092669-0b11234be81a,2772,4158,0.67,2020-04-26 14:58:22.107757,United States,682574,1740
vnCxhLnaxS8,https://images.unsplash.com/photo-1544049738-5bf87db88d4f,5753,3835,1.5,2018-12-05 22:42:47.396749,,144364,1297
2fe4MyhhNxI,https://images.unsplash.com/photo-1569172447357-49091856486b,3648,5472,0.67,2019-09-22 17:15:12.002574,,6470446,10656
01Qqkfz-ck8,https://images.unsplash.com/photo-1477696957384-3b1d731c4cff,5184,3456,1.5,2016-10-28 23:22:52.926945,,58225178,63151
0LnSDQu5T5M,https://images.unsplash.com/photo-1565269403467-4c86f05a4d65,6000,4000,1.5,2019-08-08 13:05:26.119698,,1811215,13276
tIgtXoWyOhE,https://images.unsplash.com/photo-1465374142464-8984179505b2,6016,2930,2.05,2016-06-08 08:29:40.719384,Australia,2906979,16717
GYwPGMuJWYw,https://images.unsplash.com/photo-1555774712-2b2e475e2368,5461,8192,0.67,2019-04-20 15:40:01.760973,,165612,897
WsJhsoaIbzI,https://images.unsplash.com/photo-1569133237946-091ca2397418,2828,3773,0.75,2019-09-22 06:22:20.00562,,2048241,19876
TNacNuuEl1o,https://images.unsplash.com/photo-1521052313888-1181c2f5f406,4016,6016,0.67,2018-03-14 18:32:50.898943,,11629478,158067
Pj7yh_GKc7I,https://images.unsplash.com/photo-1415298910336-daa47babb3cc,1920,1280,1.5,2014-11-06 18:36:21.806304,,4996750,16561
Ojdt_mSDk38,https://images.unsplash.com/photo-1550255761-a0e143caa948,5730,3468,1.65,2019-02-15 18:36:40.089497,,868045,5405
v0BRVtTIG2Y,https://images.unsplash.com/photo-1552432591-55e0a5f0a3c6,3034,3792,0.8,2019-03-12 23:16:38.561357,United States,2915811,14898
uK7qs8UHOo4,https://images.unsplash.com/photo-1495214401470-30a1fbcc783c,3264,1836,1.78,2017-05-19 17:22:20.817695,Austria,2492901,9147
k7l1pdB8a94,https://images.unsplash.com/reserve/O2eq0aGbRVWxERnQc5Iu_DSC_0686.JPG,3872,2592,1.49,2014-09-09 20:12:31,,2050359,18220
N4wqYiRZrLI,https://images.unsplash.com/photo-1574092403000-ef9c803b84bb,6000,4000,1.5,2019-11-18 15:54:17.183808,Itália,3921755,39600
F_1D4oLxBtM,https://images.unsplash.com/photo-1489852231136-26799b11e3d3,5184,3456,1.5,2017-03-18 15:51:24.035751,,1193568,3278
wTzEXPVuz-U,https://images.unsplash.com/photo-1574274948014-6ae00f09650e,3888,5184,0.75,2019-11-20 18:36:05.084886,,927136,1846
1tqpzFw1fS4,https://images.unsplash.com/photo-1564998655303-c39d601f366d,5472,3648,1.5,2019-08-05 09:59:20.254996,,6985912,55246
sTkEsLgNrM8,https://images.unsplash.com/photo-1413803694176-3244d6096628,4928,3264,1.51,2014-10-20 11:15:46.19493,,2621077,7658
ezo9NU1n-Xs,https://images.unsplash.com/photo-1591975358818-f0bb1aca3092,3681,5522,0.67,2020-06-12 15:23:44.468197,,366430,2934
Dn-NBprVOUU,https://images.unsplash.com/photo-1564085352769-d9ad87ad549b,3927,5890,0.67,2019-07-25 20:10:45.676963,,607483,1439
IT4Za_Q_dTA,https://images.unsplash.com/reserve/wBE2ADjQzK2ubCBMiy7T_DSC_0285.JPG,4608,3072,1.5,2014-08-20 18:24:57,,1960230,10831
EOnh3WVZTmc,https://images.unsplash.com/photo-1564519372846-8f9c1b42a4ff,3667,5500,0.67,2019-07-30 20:42:56.395619,,323450,1247
DgKBA_DkOkc,https://images.unsplash.com/photo-1586767238327-1ee8b28cb74a,7952,5304,1.5,2020-04-13 08:42:32.136372,Iceland,787936,4372
kYobqI1URDg,https://images.unsplash.com/photo-1547036333-93f3cee4823d,3264,4928,0.66,2019-01-09 12:20:54.46586,,351572,1260
vAqvPNFnSy4,https://images.unsplash.com/photo-1563229630-447ab47bd6cc,3648,5472,0.67,2019-07-15 22:27:23.427605,,805551,4426
ZvD7yhiV7BI,https://images.unsplash.com/photo-1576643115529-bedf2b1ccbc6,3648,5472,0.67,2019-12-18 04:25:55.850839,,522469,1292
RwuH15DfBk4,https://images.unsplash.com/photo-1424136040785-f5c6ae6b2a50,3951,2967,1.33,2015-02-17 01:21:04.453202,,145584,2713
7UYE15RyWp8,https://images.unsplash.com/photo-1549769311-eb1f5f68d838,6000,4000,1.5,2019-02-10 03:29:04.50293,,737336,9355
alEcQuIv-4M,https://images.unsplash.com/photo-1551893083-1c3b79bd7350,4721,3485,1.35,2019-03-06 17:25:21.818312,,690797,5052
pdzQ1cAdftk,https://images.unsplash.com/photo-1543259406-78111f6bb1c4,5548,3699,1.5,2018-11-26 19:11:23.297689,,880472,7227
PItsVmyu34Q,https://images.unsplash.com/photo-1548275840-cd9d5c170ce5,2880,3839,0.75,2019-01-23 20:37:41.416369,,12985579,33940
tL_IIeMc5Xo,https://images.unsplash.com/photo-1541261248599-cef2fcabf912,4000,2966,1.35,2018-11-03 16:09:32.804428,,3860585,25949
FqR4cKMdojI,https://images.unsplash.com/photo-1544905071-861a347b34f8,6000,4000,1.5,2018-12-15 20:18:10.523594,United States,617546,1882
FtiInfYXQDQ,https://images.unsplash.com/photo-1578847117276-c07b8dad7a0f,2253,4005,0.56,2020-01-12 16:38:47.057977,,949195,2160
N-bhj1_H-Kg,https://images.unsplash.com/photo-1508515803898-7bb2d7703093,5472,3648,1.5,2017-10-20 16:16:56.456493,,734350,4194
LuH6F1tgdB8,https://images.unsplash.com/photo-1565023998836-962ff9d5f9be,6000,4000,1.5,2019-08-05 16:57:31.430391,,1352390,13828
fOeiC_rbBco,https://images.unsplash.com/photo-1579896274789-656926e03993,2952,4428,0.67,2020-01-24 20:05:02.433157,,118980,412
9UKBsBpLwQo,https://images.unsplash.com/photo-1564986759254-9b405bd18428,5464,3640,1.5,2019-08-05 06:46:50.241405,United States,6351404,27805
7K24SkQUbSw,https://images.unsplash.com/photo-1517782924173-aac5b5fcee7b,3992,2242,1.78,2018-02-04 22:24:25.08101,United States,1860801,15628
CgGDzMYdYw8,https://images.unsplash.com/photo-1558466874-6d7c66e53f2c,2592,3888,0.67,2019-05-21 19:29:18.726046,,694461,2426
UDxJWk3HAKg,https://images.unsplash.com/photo-1548695978-59e7d113db71,2848,4272,0.67,2019-01-28 17:20:36.517823,,126179,524
9sgdhwtLOR8,https://images.unsplash.com/photo-1579846321882-45cf6140c2ee,4024,6024,0.67,2020-01-24 06:12:22.284555,,3173638,25468
TIWirjDSYbY,https://images.unsplash.com/photo-1418905057947-f4fc26d4c7c8,4288,2848,1.51,2014-12-18 12:18:20.099518,Germany,1220979,4443
-vvVRRN0Ims,https://images.unsplash.com/photo-1578328444727-6f6f3888c7f0,3456,5184,0.67,2020-01-06 16:37:14.618229,,1100550,6873
jWF4wfhw0qc,https://images.unsplash.com/photo-1570915482680-c42da9daee7f,5361,3574,1.5,2019-10-12 21:28:15.732943,,775172,3085
lvfgRpf-JjQ,https://images.unsplash.com/photo-1580929454531-383c77f7a02a,7952,5304,1.5,2020-02-05 19:04:49.553828,,131834,1056
kv07HeayuCs,https://images.unsplash.com/photo-1512819643863-a6a8267935e4,5184,3456,1.5,2017-12-09 11:42:29.763698,,506919,4360
cH2ONCiMBZ4,https://images.unsplash.com/photo-1457796120451-a8dd3a966a85,5184,2916,1.78,2016-03-12 15:24:03.873497,United States,3729489,22358
SBapPARYIdQ,https://images.unsplash.com/photo-1520285523461-c7d8ea4dff4e,6000,4000,1.5,2018-03-05 21:33:52.84166,Switzerland,4537720,11755
ioAK4HESn6k,https://images.unsplash.com/photo-1444124660570-7104d87d72b2,2160,6400,0.34,2015-10-06 09:45:29.921789,Norge,3178338,20149
NhlKx6Uvm3E,https://images.unsplash.com/photo-1450858930767-64b21437d41f,4896,3264,1.5,2015-12-23 08:25:42.709857,Morocco,11905190,90538
MeP_uNYMHuk,https://images.unsplash.com/uploads/14127502648536dbc6701/731a5096,4592,2576,1.78,2014-10-08 06:38:31.377756,,1781429,6255
7x33lClM_z8,https://images.unsplash.com/photo-1548068383-df6f581a5b14,6000,4000,1.5,2019-01-21 10:59:52.298489,,304057,4056
oMpAz-DN-9I,https://images.unsplash.com/photo-1444703686981-a3abbc4d4fe3,5616,3744,1.5,2015-10-13 02:36:06.757914,United States,257806917,4356300
vZGvVTO1pIg,https://images.unsplash.com/photo-1556316830-8fce5824a0f7,5335,3557,1.5,2019-04-26 22:15:54.103603,United States,844669,6243
hPcrY_me2cI,https://images.unsplash.com/photo-1557434440-e1996b4dd991,3024,4032,0.75,2019-05-09 20:41:26.560405,United States,7786508,12585
woWf_VJ7dNs,https://images.unsplash.com/photo-1518364538800-6bae3c2ea0f2,3428,2285,1.5,2018-02-11 15:58:49.052655,United States,18163693,117769
iBWm7rPLZnM,https://images.unsplash.com/photo-1566101374089-cbba60756ee8,6720,4480,1.5,2019-08-18 04:11:51.414182,,303825,7699
gGC63oug3iY,https://images.unsplash.com/photo-1430990480609-2bf7c02a6b1a,4498,2999,1.5,2015-05-07 09:22:16.254705,Czech,21033364,74994
DzgnQBAbux0,https://images.unsplash.com/photo-1516449796620-8bd0dde844e2,4896,3264,1.5,2018-01-20 12:13:41.757769,,1409832,8898
klNpWLkgezo,https://images.unsplash.com/photo-1452302372225-a5ba1edd65ca,6000,4000,1.5,2016-01-09 01:20:12.638897,United States,3351886,19595
UhgLQoyFMYs,https://images.unsplash.com/photo-1588830978192-b504606b77f0,3669,5504,0.67,2020-05-07 06:00:22.448325,,624567,2216
fukReUqUKME,https://images.unsplash.com/photo-1548869890-956520dc0856,3456,2304,1.5,2019-01-30 17:38:20.66216,,758776,13706
vFrhuBvI-hI,https://images.unsplash.com/photo-1512987415479-85f370bca602,5760,3840,1.5,2017-12-11 10:21:58.17697,Germany,7723275,101607
LMgynmNmSGY,https://images.unsplash.com/photo-1467768454701-34d983cb5af0,6016,4016,1.5,2016-07-06 01:28:29.237357,United States,1224380,4643
DUPB6heM2m0,https://images.unsplash.com/photo-1442422118465-bcb5ee2e6f78,3264,2448,1.33,2015-09-16 16:49:17.320506,United States,3470821,14851
CjU_8O7fFz8,https://images.unsplash.com/photo-1518245310637-3ff30476ccbe,3264,4912,0.66,2018-02-10 06:49:25.98148,United States,1259577,9972
Xne1N4yZuOY,https://images.unsplash.com/18/stones.JPG,1920,1280,1.5,2013-11-12 10:01:07,,7980383,59776
CPT_-dj5AJU,https://images.unsplash.com/photo-1422308542452-d606a14ef4ec,2448,3264,0.75,2015-01-26 21:42:38.898336,,5153057,31898
yqhsnkMvvQc,https://images.unsplash.com/photo-1582315514556-a0c3c9ec3efe,3973,5959,0.67,2020-02-21 20:05:57.073759,,571611,1639
JTgVrfJ-WJk,https://images.unsplash.com/photo-1529892210582-b2ed2c1dafd3,5824,3883,1.5,2018-06-25 02:05:01.417393,New Zealand,708804,4794
olgLe4Ct1II,https://images.unsplash.com/photo-1443818141071-40ce3e2e0b9b,4592,3064,1.5,2015-10-02 20:36:00.667824,United States,2007803,7024
Qpcxh5QNNMk,https://images.unsplash.com/photo-1551301657-58569d32bf6d,2667,4000,0.67,2019-02-27 21:07:55.114903,,333367,1255
Xz4oc-MbHEA,https://images.unsplash.com/photo-1577447073054-d27e4c6f2ecb,6000,4000,1.5,2019-12-27 11:54:41.502026,United Kingdom,610021,8356
t8HI-lKRnVc,https://images.unsplash.com/photo-1569924402980-524512f64d3b,3456,5184,0.67,2019-10-01 10:07:03.66449,,16732671,29573
o9f20Mi7nSY,https://images.unsplash.com/photo-1590019954339-6fad6e638e7e,6000,4000,1.5,2020-05-21 00:12:38.695372,,1134406,3916
WfCEu02YBYs,https://images.unsplash.com/photo-1578164252938-1da0cd4caa30,3456,5184,0.67,2020-01-04 19:02:27.301927,South Africa,453720,2300
zUDYWilST8c,https://images.unsplash.com/photo-1557109925-3618ccfc2013,4000,6000,0.67,2019-05-06 02:32:47.322553,,452954,5397
PK65bPGTUIE,https://images.unsplash.com/photo-1506532876253-45e83404042b,5760,3840,1.5,2017-09-27 17:21:32.485363,,3867438,8716
IJDwBu4-KaQ,https://images.unsplash.com/photo-1546829073-06e8de775dff,2693,3638,0.7399999999999999,2019-01-07 02:44:41.231992,,358826,2015
eum_YYP_H78,https://images.unsplash.com/photo-1579480314681-2dee1e465534,3084,4626,0.67,2020-01-20 00:32:14.725154,Portugal,483081,1637
dP9U-tIfU3M,https://images.unsplash.com/photo-1562934983-3ffff5bea345,3744,5616,0.67,2019-07-12 12:40:09.321053,,141294,1108
vwqULpM2VaM,https://images.unsplash.com/photo-1588109581696-440e54c87b13,4480,6720,0.67,2020-04-28 21:36:07.441542,,777826,2200
KsxL6KvLXMs,https://images.unsplash.com/photo-1552814162-f6054574f8db,2426,3032,0.8,2019-03-17 09:18:54.965038,,247813,1913
A9vhHNsJG4Y,https://images.unsplash.com/photo-1557831587-2fe97e063425,4000,6000,0.67,2019-05-14 11:41:46.68957,,155989,1068
m1SAyRlJ4iY,https://images.unsplash.com/photo-1581135685909-01b1322e2c35,3000,4500,0.67,2020-02-08 04:31:23.176929,,375081,796
dn6JR6W7Jq4,https://images.unsplash.com/photo-1512510827204-cdc16d9b5788,5767,3845,1.5,2017-12-05 21:55:41.51042,United States,749832,3366
MRpemXy7GeM,https://images.unsplash.com/photo-1546902480-918a9614dad1,3453,5179,0.67,2019-01-07 23:08:12.723885,USA,428558,2042
Y7npLDpKEU0,https://images.unsplash.com/photo-1578865650657-9b828a9d9ff7,5568,3712,1.5,2020-01-12 21:48:24.838879,United States,351873,2137
1qy56dbREEQ,https://images.unsplash.com/photo-1544126663-1a533ffe0afb,6000,4000,1.5,2018-12-06 20:04:42.327477,Iceland,5737691,20945
XwLTGrtuMX0,https://images.unsplash.com/photo-1568631404852-108a6c20169a,2214,3099,0.7099999999999999,2019-09-16 10:57:08.488852,,816758,7081
sck2kBTmuKI,https://images.unsplash.com/photo-1553523850-85ce11f3c2b1,3024,4032,0.75,2019-03-25 14:24:22.852461,,861092,4966
yhiZm7vYXaM,https://images.unsplash.com/photo-1556113275-1c502589049e,4016,5290,0.76,2019-04-24 13:41:26.763984,,2753514,20676
IAAh6jchMwk,https://images.unsplash.com/photo-1579361487431-db70f1a6143d,3896,5836,0.67,2020-01-18 15:32:12.548323,,517200,2455
oJDUFteat78,https://images.unsplash.com/photo-1554629942-0c17bf68b884,5118,3839,1.33,2019-04-07 09:46:10.979997,,17463375,22309
6UbLS0jdxoo,https://images.unsplash.com/photo-1577783863230-37e83bee362c,6000,4000,1.5,2019-12-31 09:26:51.867211,,98007,1169
hN0tU6viXVM,https://images.unsplash.com/photo-1574632558677-6af566ac88cc,6052,4035,1.5,2019-11-24 21:56:31.651885,,506254,2205
mIzTRbaqDGM,https://images.unsplash.com/photo-1550263549-8bd0eb500374,3619,2976,1.22,2019-02-15 20:46:01.891075,,1092737,9482
4izt8TxQmEs,https://images.unsplash.com/photo-1443631338765-3ff3f7fa5ea6,3000,2000,1.5,2015-09-30 16:46:14.000188,Sweden,5767367,45184
6ASyWY7CkpY,https://images.unsplash.com/photo-1573188805009-388709fc23b2,5760,3840,1.5,2019-11-08 04:54:11.822029,United Kingdom,138760,1160
h8v1mpLmGU0,https://images.unsplash.com/photo-1541871883303-80562d535a52,4603,3069,1.5,2018-11-10 17:47:51.038505,,577305,6834
BKyih6Rjrxo,https://images.unsplash.com/photo-1577495508039-1c86a853f7e6,4592,3448,1.33,2019-12-28 01:19:52.409532,Germany,1102735,2105
bMPm4BWtntk,https://images.unsplash.com/photo-1435566029824-9ff1216c5b11,4608,2592,1.78,2015-06-29 08:23:07.118656,,1131189,5663
8ZAxI5FwjFo,https://images.unsplash.com/photo-1488711500009-f9111944b1ab,4928,3280,1.5,2017-03-05 10:59:02.970828,Iceland,66575518,246819
svRyUxZAwtI,https://images.unsplash.com/photo-1546826380-37efe9ac44cf,6600,4400,1.5,2019-01-07 02:01:39.479583,,316651,2410
mhU5i2r7spo,https://images.unsplash.com/photo-1571035558438-56906e889b0e,3840,5760,0.67,2019-10-14 06:49:44.685455,,2358498,34753
L4hg5o67jdw,https://images.unsplash.com/photo-1551102076-9f8bb5f3f897,3154,2103,1.5,2019-02-25 13:41:25.175847,Pakistan,1241520,5818
key_K9_qLrU,https://images.unsplash.com/photo-1574233747538-526180c5e2d8,6720,4480,1.5,2019-11-20 07:16:26.74813,,3121774,36520
NS5YmCl6FD0,https://images.unsplash.com/photo-1586518141588-3b24df7ca98f,6000,4000,1.5,2020-04-10 11:29:36.152711,Avstralija,1320441,18639
3VhSG1g8Reg,https://images.unsplash.com/photo-1444527899111-2f218d8864f3,5184,3456,1.5,2015-10-11 02:25:31.628722,United States,4637777,13398
_Im6jh8P8nA,https://images.unsplash.com/photo-1592764439286-06226ac35c4e,2432,3648,0.67,2020-06-21 18:35:02.682638,,30146808,20151
NLOWG9Zm01w,https://images.unsplash.com/flagged/photo-1573818701342-86c7bbdad55c,5184,3456,1.5,2019-11-15 11:58:46.427927,Iran,109940,1105
E-4r-nuN0PE,https://images.unsplash.com/photo-1493540288419-cf30fdb13202,7360,4912,1.5,2017-04-30 08:18:13.813956,,741790,5506
YmsrXcDf0J8,https://images.unsplash.com/photo-1585508889431-a1d0d9c5a324,4088,5110,0.8,2020-03-29 19:10:46.552863,United States,1667849,10729
Hzk8y6hFJRk,https://images.unsplash.com/uploads/1411962318730c9ed18c7/d39825fa,2000,1333,1.5,2014-09-29 03:45:27.567239,,3490766,6984
5-aU4IZqZt0,https://images.unsplash.com/photo-1557490054-3b322a8b5a2b,3840,5760,0.67,2019-05-10 12:11:09.828159,,166989,1184
xwFYJ_uUJtk,https://images.unsplash.com/photo-1588503391289-5f7b28258022,3810,4763,0.8,2020-05-03 10:56:42.281388,,931729,2807
fZxE1Z83i_E,https://images.unsplash.com/photo-1586211354108-eb1c14310641,4480,6720,0.67,2020-04-06 22:24:11.937018,,2021830,29729
6IEMJfojgOI,https://images.unsplash.com/photo-1548278651-843b1d7431a9,4618,3079,1.5,2019-01-23 21:25:27.2569,,642033,4608
pdRsf77OBoo,https://images.unsplash.com/photo-1551482850-d649f078ed01,5472,3648,1.5,2019-03-01 23:28:59.014058,Croatia,8740843,107042
CsIIlvmP1tI,https://images.unsplash.com/photo-1576051636651-7f4e419c62c3,4000,3000,1.33,2019-12-11 08:07:31.992973,,527472,2351
vJbz-O1NvSc,https://images.unsplash.com/photo-1428534302776-5c6a2dca0380,3188,2391,1.33,2015-04-08 23:07:29.060845,,2725096,19306
kfAYZsK_5m0,https://images.unsplash.com/photo-1543182791-0e32488656f4,7661,5110,1.5,2018-11-25 21:54:09.628423,,8708656,28963
qk6CnpKNmVw,https://images.unsplash.com/photo-1569628433122-a3208a311b05,7952,5304,1.5,2019-09-28 16:21:50.368555,,276764,1905
e4xOmzd8vzg,https://images.unsplash.com/photo-1544077960-604201fe74bc,3860,2573,1.5,2018-12-06 06:32:46.666805,United States,44107343,133760
XoqdPNv-x7Q,https://images.unsplash.com/photo-1548134802-85706759edb7,5997,3952,1.52,2019-01-22 05:26:50.850364,Australia,1140109,8936
47oFSaPx-x8,https://images.unsplash.com/photo-1550061064-a585ba637b82,3840,5120,0.75,2019-02-13 12:37:07.511656,Iran,5023263,24503
jy77hboGqVY,https://images.unsplash.com/photo-1551465525-f77e21e7eeab,5724,4000,1.43,2019-03-01 18:41:50.775646,,567864,2437
DwdgekkT5y0,https://images.unsplash.com/photo-1557997715-a71a84e9e727,4000,6016,0.66,2019-05-16 09:09:02.943352,,1701629,12164
XCwWaJYbErg,https://images.unsplash.com/photo-1523786819027-ebacaeb042e7,3818,4772,0.8,2018-04-15 10:08:37.173338,,576242,2397
k-pNQB0koNo,https://images.unsplash.com/photo-1436385500509-2d139f5d668e,4796,3172,1.51,2015-07-08 19:58:26.124195,,2547455,6615
TLP9kObQtaI,https://images.unsplash.com/photo-1586157503702-ce22b0a7bf90,4912,3264,1.5,2020-04-06 07:27:55.472437,,542239,1726
YMMXnBHhvCo,https://images.unsplash.com/photo-1468476090104-172b1f79148f,4211,2690,1.57,2016-07-14 06:02:21.077015,United States,1187315,7769
z4RdaWn7tqk,https://images.unsplash.com/photo-1551156597-9084ca482811,3771,4714,0.8,2019-02-26 04:50:10.956702,,3744840,25766
PIxRDt5Xvkw,https://images.unsplash.com/photo-1455864682780-4547e403269c,4928,3264,1.51,2016-02-19 06:55:36.026945,,4511644,19018
UPJ0vTjPFXE,https://images.unsplash.com/photo-1584954077599-066628aaae48,3264,4912,0.66,2020-03-23 09:02:37.322098,,1016158,4933
nWqpFCBzPIM,https://images.unsplash.com/photo-1573904054732-78bd85cd3901,6000,3376,1.78,2019-11-16 11:34:58.43111,,159835,1899
FYd_OgGb1KM,https://images.unsplash.com/photo-1554748795-bb013b2fb701,5616,3744,1.5,2019-04-08 18:40:28.372548,,13591661,9042
0T3R-QVgXUg,https://images.unsplash.com/photo-1590862209531-9ca4dfa3aeca,3321,4981,0.67,2020-05-30 18:11:14.524206,,191707,1305
b1ovoL_F1S8,https://images.unsplash.com/photo-1552082919-e60010758c47,5472,3648,1.5,2019-03-08 22:08:45.784006,,15757897,49725
FKyiljyPy3Q,https://images.unsplash.com/photo-1550244970-c9cc14e609c3,4160,6240,0.67,2019-02-15 15:37:07.971741,,366587,2767
ssC6HHt6YEc,https://images.unsplash.com/photo-1559738140-1deb5cace01b,5708,3805,1.5,2019-06-05 12:36:46.528664,,736303,1831
E2nrh-aTkC8,https://images.unsplash.com/photo-1542622695-f2416d567d6a,5304,7952,0.67,2018-11-19 10:21:03.013114,,869823,8677
kvLBpUYjU80,https://images.unsplash.com/photo-1510618098934-08636656fa6f,4024,3620,1.11,2017-11-14 00:08:52.480977,,687760,5450
zD9O1tgKwvw,https://images.unsplash.com/photo-1565204693845-43ad9b3b1121,6000,4000,1.5,2019-08-07 19:06:42.542638,,266607,2160
o5l8tHpngGk,https://images.unsplash.com/photo-1554869663-3a7abdccc86d,3929,5239,0.75,2019-04-10 04:16:02.34041,United States,144386,671
9u5LhFpxiSk,https://images.unsplash.com/photo-1447871251705-1fe75026707e,2901,3500,0.8299999999999998,2015-11-18 18:29:20.734734,Italien,1068986,3972
1fWwJOY49ow,https://images.unsplash.com/photo-1561212427-238e642ccb2f,4000,6000,0.67,2019-06-22 14:07:56.079056,Switzerland,574526,1100
IlHWweSu864,https://images.unsplash.com/photo-1462834158207-1922ff56ad0b,3817,2544,1.5,2016-05-09 22:49:08.797466,United States,1596917,12126
Lp8g7CvCljk,https://images.unsplash.com/photo-1540925331495-a897bc754626,5827,3885,1.5,2018-10-30 18:57:07.06572,France,542199,4500
trtOZgnhIJI,https://images.unsplash.com/photo-1673199187043-70078b38dac7,4000,3000,1.33,2023-01-08 17:33:47.434253,Maldives,370179,2875
ESqdY3R98-Y,https://images.unsplash.com/photo-1563863709-3f25fdebed75,6000,4000,1.5,2019-07-23 06:35:24.622841,,2610860,15048
GzTl9ji7Ytc,https://images.unsplash.com/photo-1430673740556-9009fb258fc3,5960,3973,1.5,2015-05-03 17:22:26.208956,,48845,1583
YH4DwLLZy4I,https://images.unsplash.com/photo-1476102669264-895c97356d81,4608,3072,1.5,2016-10-10 12:33:10.891483,Thailand,1306848,8451
EGX_aMjrsbs,https://images.unsplash.com/photo-1468698999440-c62edcb283ea,5472,3648,1.5,2016-07-16 19:56:23.403578,,1610109,9487
UQXF_w83Z5s,https://images.unsplash.com/photo-1543739970-9f00688c2285,5464,3070,1.78,2018-12-02 08:40:49.94013,,6275360,49220
PZuIash2jZU,https://images.unsplash.com/photo-1577175825592-199971058239,6551,4367,1.5,2019-12-24 08:32:58.044687,United States,1347002,11258
i6Yaempr_RQ,https://images.unsplash.com/photo-1545153828-0d4ccd40537b,6720,4480,1.5,2018-12-18 17:25:15.555439,,268486,1874
ftpD_9fhO-Y,https://images.unsplash.com/photo-1583099633661-47366178c473,3986,5315,0.75,2020-03-01 21:54:34.467529,,764181,16028
asr62h5w66w,https://images.unsplash.com/photo-1556861460-7d38b2955d05,4000,6000,0.67,2019-05-03 05:31:25.233902,,10794334,53647
Vf87BfuLKO4,https://images.unsplash.com/photo-1592214583041-f36c8a6a4abf,4000,6000,0.67,2020-06-15 09:51:36.337992,,170270,2109
lpxf698eF6s,https://images.unsplash.com/photo-1572297982753-48c028401d18,4000,5000,0.8,2019-10-28 21:34:27.6689,,1580601,14649
aoWGZ3zu2Qc,https://images.unsplash.com/photo-1465249658631-6939c582bfbc,5185,3456,1.5,2016-06-06 21:49:52.44352,,2236636,10591
QcMI3sETm1Q,https://images.unsplash.com/photo-1539597273434-2a97155fa974,4896,3264,1.5,2018-10-15 09:55:24.68076,Portugal,1171744,8318
lVpEY1BOTuM,https://images.unsplash.com/photo-1552598538-3720085bb8d5,4896,3264,1.5,2019-03-14 21:23:10.727086,,190384,2714
9-HzNzSfMFQ,https://images.unsplash.com/photo-1544133120-ee97ce6fcef1,4928,3264,1.51,2018-12-06 21:57:47.968713,Mexico,225694,2198
5Dga0T0x6GY,https://images.unsplash.com/photo-1439508472515-4899b144f04d,3200,1800,1.78,2015-08-13 23:33:20.923297,United States,19578952,124833
7k07usBEraQ,https://images.unsplash.com/photo-1548970609-4506a57eac27,3200,4000,0.8,2019-01-31 21:38:04.211097,,679278,2670
zc4MEZMdXhc,https://images.unsplash.com/photo-1489924034176-2e678c29d4c6,2971,1980,1.5,2017-03-19 11:47:35.738264,,10867857,158980
ZWPerNlqUu0,https://images.unsplash.com/photo-1501419737817-eadda6b445e3,2048,1534,1.34,2017-07-30 13:03:04.066953,Spain,19933289,180579
G17VfBFgV5k,https://images.unsplash.com/photo-1526828113517-1d3c3dc04d74,4608,3456,1.33,2018-05-20 14:56:22.285038,Brazil,695857,2966
3bsdCyZ1ntA,https://images.unsplash.com/photo-1645973411669-073565021a19,6721,8961,0.75,2022-02-27 14:54:02.119224,,507555,1387
NAj-fILakAg,https://images.unsplash.com/photo-1452895575546-4ea09264d2ce,5184,3456,1.5,2016-01-15 22:09:33.659998,United States,908034,6311
hjGE7Y7giK0,https://images.unsplash.com/photo-1578021122639-7af4e73ba117,5184,3456,1.5,2020-01-03 03:12:22.385905,Chile,1172215,8582
J7fvaRBwRvA,https://images.unsplash.com/photo-1556608053-bc7b64163ba6,4560,3648,1.25,2019-04-30 07:08:45.301241,,1527260,17567
tF4SUj74Sb0,https://images.unsplash.com/photo-1553499944-5472133459bc,6000,3246,1.85,2019-03-25 07:48:15.235959,,3442266,17565
Dj_OzafImwc,https://images.unsplash.com/photo-1549272416-f00ed55b1487,4000,6000,0.67,2019-02-04 09:28:03.511214,,284980,566
XhBszXwza3c,https://images.unsplash.com/photo-1547162255-b3fe27acd196,5857,3905,1.5,2019-01-10 23:17:41.015035,USA,8314788,11781
bq5bciZfs0M,https://images.unsplash.com/photo-1579206698016-70fb9a9a611f,4000,6000,0.67,2020-01-16 20:32:02.446476,,209479,1118
i2G6l4M6rJA,https://images.unsplash.com/photo-1570433573389-e6a5a467bc24,6192,8256,0.75,2019-10-07 07:33:12.375435,,551564,802
e5SLMOjckxo,https://images.unsplash.com/photo-1417436026361-a033044d901f,7360,4912,1.5,2014-12-01 12:16:28.202389,,14898185,71228
YISKwWoqMXM,https://images.unsplash.com/photo-1502313671024-aa5f2fe4d571,5886,3913,1.5,2017-08-09 21:30:37.742927,Germany,715913,3484
a-4bwJ18R0I,https://images.unsplash.com/photo-1618683220052-eaff58800806,6720,4480,1.5,2021-04-17 18:22:55.19454,,545248,3240
cnXZcXkRvls,https://images.unsplash.com/photo-1585786180056-8d0343b4b851,2768,4152,0.67,2020-04-02 00:11:42.668452,,1660393,3127
bcWOUe0914I,https://images.unsplash.com/photo-1583125237876-646a2a18308b,6720,4480,1.5,2020-03-02 05:03:56.408888,United States,627100,3057
y1WuGdr1F1U,https://images.unsplash.com/photo-1570207606693-e5539f3d0f8c,3840,5760,0.67,2019-10-04 16:47:00.495323,,790051,1569
wdhQcnLlXbU,https://images.unsplash.com/photo-1548775992-7dbe9ccd4584,3000,4000,0.75,2019-01-29 15:33:21.24436,,1672400,4630
ERC9inc8Ad8,https://images.unsplash.com/photo-1564233926699-f4710d708ff4,6240,4160,1.5,2019-07-27 13:25:40.056096,,189517,2046
D6tTUPoGZNM,https://images.unsplash.com/photo-1548699729-4053b4c3c272,4480,6720,0.67,2019-01-28 18:24:26.035065,,445418,1346
G2HEOB4NAHI,https://images.unsplash.com/photo-1543697427-62a9ee30555b,3264,4928,0.66,2018-12-01 20:50:43.088841,Brazil,5984781,22686
ePbE9yXSMhU,https://images.unsplash.com/photo-1558107274-796316c1570c,2702,4056,0.67,2019-05-17 15:34:41.570399,,923151,3351
OwbUG4UrWm0,https://images.unsplash.com/photo-1543816228-531a15980981,2922,2028,1.44,2018-12-03 05:50:52.666207,,29625644,42627
gz9XbG7Vc-Y,https://images.unsplash.com/photo-1568131321398-cf94f71ec3ad,3126,4045,0.77,2019-09-10 16:03:06.76762,,1084430,2983
y7-nK6QkvQ8,https://images.unsplash.com/photo-1577449205253-b1af542bb995,4000,6000,0.67,2019-12-27 12:20:37.397209,,154041,511
i0wmD1PAm-M,https://images.unsplash.com/photo-1576422935101-e0c09f7ffe72,6000,4000,1.5,2019-12-15 15:17:21.641113,,742618,2146
qDxbpvyhm4E,https://images.unsplash.com/photo-1585109599241-ae041ce3ad83,5472,3648,1.5,2020-03-25 04:14:00.071013,,529112,1465
Y7mzlRgkF4I,https://images.unsplash.com/photo-1543756605-a90da919605a,5364,3576,1.5,2018-12-02 13:17:03.22493,England,1088443,13529
-F7BlViP-9I,https://images.unsplash.com/photo-1578951142202-e0176237a11b,8256,5504,1.5,2020-01-13 21:36:13.733936,Canada,307246,3904
iR4MFt4PDMw,https://images.unsplash.com/photo-1425923797048-8b1e0fb2ff16,5790,3860,1.5,2015-03-09 17:56:41.642178,,8779942,12234
1uyPsrWxefI,https://images.unsplash.com/photo-1522021140916-00ca89bfe033,6000,4000,1.5,2018-03-25 23:40:25.28,,1355597,10592
mhzlyrWj9Us,https://images.unsplash.com/photo-1542468541-c2c02369ba2e,5472,3391,1.61,2018-11-17 15:30:21.055017,,302542,4634
rr-zHlGjG_8,https://images.unsplash.com/photo-1590256447267-5903e5deeb5d,3600,2400,1.5,2020-05-23 17:56:38.762051,United States,305584,1641
9pZoSKQ3z2M,https://images.unsplash.com/photo-1573417330105-29ac362bebaa,3537,5305,0.67,2019-11-10 20:25:56.559967,,151805,1299
rXS_Wxt-KL8,https://images.unsplash.com/photo-1559165355-a20b1f13bce9,7550,5036,1.5,2019-05-29 21:29:40.783082,,1058967,6820
ptcOlmmtb8w,https://images.unsplash.com/photo-1517784541475-54f13a036167,3599,2455,1.47,2018-02-04 22:49:48.210435,Falkland Islands (Islas Malvinas),7206764,12563
b9qMrce84C4,https://images.unsplash.com/photo-1570112830094-25d1b4bffca8,2400,3596,0.67,2019-10-03 14:27:39.544229,,8479012,9110
VRIlQN3eYbY,https://images.unsplash.com/photo-1553483729-8db8223a30ca,3992,2992,1.33,2019-03-25 03:15:32.411947,,224326,1649
obxjtll5jHI,https://images.unsplash.com/photo-1546786064-d00d8f8c88aa,4480,6720,0.67,2019-01-06 23:51:57.417171,,428555,1004
xQXtlKg1r8w,https://images.unsplash.com/photo-1550550093-494b1bdef835,4713,3140,1.5,2019-02-19 04:32:03.237327,Vietnam,735830,5385
H3O615WG6wA,https://images.unsplash.com/photo-1513976993080-5ba0e9f0b51c,4272,2848,1.5,2017-12-22 21:12:38.753562,India,616676,7073
WZZX44gy5mw,https://images.unsplash.com/photo-1510709552779-9a27bc37bb48,3590,4487,0.8,2017-11-15 01:33:33.848439,United States,564403,1906
Qm4yrKLiawY,https://images.unsplash.com/photo-1577651442014-e399a97ca4fe,3840,5760,0.67,2019-12-29 20:31:22.833711,Denmark,2462366,13169
-9XaVmKS82w,https://images.unsplash.com/photo-1571623325801-e531a117a0a8,3219,4024,0.8,2019-10-21 02:11:40.240111,,576473,1165
5QO8ibJyw9o,https://images.unsplash.com/photo-1581115684447-383df67ff1ea,3579,5368,0.67,2020-02-07 22:49:05.900433,,615880,1315
jiwCCsDCp_k,https://images.unsplash.com/photo-1491538614144-3d881745c024,4272,2848,1.5,2017-04-07 04:16:59.895154,United States,2320753,14162
dBkArT7zY78,https://images.unsplash.com/photo-1552727408-5d0599032dfb,2591,2054,1.26,2019-03-16 09:10:59.712606,Costa Rica,7315164,57106
OTJk5THIsP4,https://images.unsplash.com/photo-1575619311289-9075aec7cafd,2304,3456,0.67,2019-12-06 08:02:09.600037,,668076,2600
XlcgYsU317E,https://images.unsplash.com/photo-1439384843637-6912561c314a,1776,1184,1.5,2015-08-12 13:07:48.568853,,2738856,6154
3d97QVYOuL0,https://images.unsplash.com/photo-1574296000154-b3a070ef5bda,4000,6000,0.67,2019-11-21 00:29:21.903997,Chile,831668,4529
8zFwKV7NBBk,https://images.unsplash.com/photo-1549755085-883f708a5056,5184,3456,1.5,2019-02-09 23:32:25.253383,,284968,3118
YFlx4T220fg,https://images.unsplash.com/photo-1569597353734-b3839259dae7,2000,3000,0.67,2019-09-27 15:16:59.394156,United States,1252537,8614
bVW5pxl6TSA,https://images.unsplash.com/photo-1651421644982-bfd91d0ee32f,4000,6000,0.67,2022-05-01 16:14:38.781296,,149681,813
S-U6ipzt4Lw,https://images.unsplash.com/photo-1415926975120-020cd7670707,2944,1968,1.5,2014-11-14 01:03:00.45929,,6859223,40759
B2SFJr7m-d4,https://images.unsplash.com/photo-1570247215993-d3c3e16e7957,4160,5200,0.8,2019-10-05 03:47:01.591059,,923197,1965
cNL9PYsgVNE,https://images.unsplash.com/photo-1478051854967-0fc68f28d2c0,4096,2725,1.5,2016-11-02 01:57:56.447914,,954987,7267
vcUe4HX2lVA,https://images.unsplash.com/photo-1561471648-631bc475428d,4918,7805,0.63,2019-06-25 14:07:39.020669,Macedonia,4077197,24587
k097OspYHI8,https://images.unsplash.com/photo-1628008631298-dcb2a4c6be5d,4268,2401,1.78,2021-08-03 16:40:11.946027,Norway,410056,5517
IXO5G1jR4h4,https://images.unsplash.com/photo-1553418309-750ad66ad166,6036,4024,1.5,2019-03-24 09:05:27.934408,,1189056,4489
lT8TicEZ7GQ,https://images.unsplash.com/photo-1432071315934-33a387ee0437,1920,1280,1.5,2015-05-19 21:35:37.593804,,2028873,10018
_PXq5uPU2Z4,https://images.unsplash.com/photo-1577332169961-8a722f443bf9,4774,3581,1.33,2019-12-26 03:54:47.777566,United States,684348,2484
IXmdOrGcUyU,https://images.unsplash.com/photo-1549294934-18ff31e6a09a,2848,4288,0.66,2019-02-04 15:42:33.150492,,517334,3609
IAVVv6z3D6g,https://images.unsplash.com/photo-1553748024-d1b27fb3f960,6000,4000,1.5,2019-03-28 04:41:00.10203,United States,8884791,75101
8XIAf776Fqg,https://images.unsplash.com/photo-1490975568044-d05151acef65,4875,3250,1.5,2017-03-31 15:53:41.713729,,3490609,30548
6WUPDCnCMeg,https://images.unsplash.com/photo-1560472962-4388d184d933,8256,5504,1.5,2019-06-14 00:43:29.16647,,13751224,26933
r4_DayMRmlU,https://images.unsplash.com/photo-1566242635223-88df47bbb598,1971,2956,0.67,2019-08-19 19:29:40.692181,,100373,504
S6tfM7TE86g,https://images.unsplash.com/photo-1586445056209-ded17747fafd,3697,4621,0.8,2020-04-09 15:14:18.201703,,221471,2290
VPrJtXMySLg,https://images.unsplash.com/photo-1573847498280-e9a053816bca,5184,3456,1.5,2019-11-16 15:09:41.442847,,222058,1517
iuhLxpgSAuA,https://images.unsplash.com/photo-1568738326416-022ce3293647,6000,4000,1.5,2019-09-17 16:39:04.878881,,135757153,20085
jwraMZtxBHs,https://images.unsplash.com/photo-1496044601873-3f373ec781b5,3008,2000,1.5,2017-05-29 07:59:00.113286,,3805505,17776
Sp4EL_R1JQk,https://images.unsplash.com/photo-1430263665571-90df766f5e78,5537,3691,1.5,2015-04-28 23:28:07.362218,,2386792,11656
bbuMCIRFXiQ,https://images.unsplash.com/photo-1474016230632-71d1a0185fd1,5616,3744,1.5,2016-09-16 08:58:25.596586,United Kingdom,1346255,6664
sEDzxW4NhL4,https://images.unsplash.com/photo-1586019496196-bdbea65add07,5269,3648,1.44,2020-04-04 16:59:00.513769,Philippines,420937,3247
cwJQ1cKHu_8,https://images.unsplash.com/photo-1490488505373-dedc1309042e,6000,4000,1.5,2017-03-26 00:36:59.548985,United States,1095690,5060
AZMmUy2qL6A,https://images.unsplash.com/photo-1444210971048-6130cf0c46cf,4426,2943,1.5,2015-10-07 09:44:30.214511,United States,47629645,367436
QKZ0bak8_KE,https://images.unsplash.com/photo-1471340620190-18627b679d58,3225,2150,1.5,2016-08-16 09:44:46.176653,France,2579533,20157
o4SYFlupp7M,https://images.unsplash.com/photo-1516468243909-447fc0468ded,6048,4032,1.5,2018-01-20 17:19:54.500817,Antarctica,640212,4825
m5sRyx2dlvI,https://images.unsplash.com/photo-1551010442-094f3ac56aff,3008,2000,1.5,2019-02-24 12:15:03.405642,,423298,1486
X_klI2FTtdU,https://images.unsplash.com/photo-1578538289107-4d7b997636f4,4946,3297,1.5,2020-01-09 02:52:29.986732,,357345,1287
LJ23kmdFjbw,https://images.unsplash.com/photo-1475686521619-69149eceb8c7,5771,3847,1.5,2016-10-05 16:56:07.007248,,5336402,7926
j4dkPAh4TW8,https://images.unsplash.com/photo-1510347630658-50da9aac096e,2884,4294,0.67,2017-11-10 21:01:00.944957,,3191721,19844
0Ahf1MY-mJI,https://images.unsplash.com/photo-1585500917041-d1046b477955,4016,6016,0.67,2020-03-29 16:56:55.674643,United States,1164429,6524
Q_gtPPR56K8,https://images.unsplash.com/photo-1537100861360-bf6be4ddeac4,2803,3886,0.7199999999999999,2018-09-16 12:31:18.002862,Iceland,4029442,62730
nP2vXqGnl6A,https://images.unsplash.com/photo-1580129169943-76d0d3b959a7,5055,3640,1.39,2020-01-27 12:46:57.022513,,165221,1455
-o3n0pGzjHA,https://images.unsplash.com/photo-1561037922-d617f560287b,3723,4654,0.8,2019-06-20 14:12:36.808154,,231883,1417
77tmUDDpsoI,https://images.unsplash.com/photo-1569315616076-70bf41b594c6,4912,7360,0.67,2019-09-24 09:00:52.530616,Egyesült Királyság,1785335,12129
EareE6FLxqE,https://images.unsplash.com/photo-1559155800-15f30eb5be06,4000,6000,0.67,2019-05-29 18:54:39.781281,,207195,2273
om4O_x_qWD8,https://images.unsplash.com/photo-1516491575772-bab9f75948c0,5616,3744,1.5,2018-01-20 23:43:01.387933,United States,16317151,94994
z9ZfO0mnGgI,https://images.unsplash.com/photo-1588094504780-a3054d5afac9,6000,4000,1.5,2020-04-28 17:23:01.468917,,366604,5981
lOYyakxnMu0,https://images.unsplash.com/flagged/photo-1551337192-c7893e023548,3108,2844,1.09,2019-02-28 07:00:27.513457,Czech republic,937523,7361
Xysv7yo5zZY,https://images.unsplash.com/photo-1565700147623-bc2d62ffe9fb,2020,2525,0.8,2019-08-13 12:52:33.285519,,92270,636
NBbjSYX2cw8,https://images.unsplash.com/photo-1538907179466-5413051d4f4e,4000,6000,0.67,2018-10-07 10:14:41.799248,United States,382804,1348
O_mBXldZ0hc,https://images.unsplash.com/photo-1559728772-03320cb90044,4896,3216,1.52,2019-06-05 09:59:38.877899,United Kingdom,22579211,62306
4xv3lqnanYc,https://images.unsplash.com/photo-1464800959563-472c0567132f,5472,3648,1.5,2016-06-01 17:10:39.571797,United States,53821044,222744
cC0F3R1c1QM,https://images.unsplash.com/photo-1545232017-90fed0e3ebdb,2890,4335,0.67,2018-12-19 15:07:17.955696,,200147,868
prULhL339cE,https://images.unsplash.com/photo-1568419062132-13b8fdb62cd4,5471,3477,1.57,2019-09-13 23:58:13.378369,United States,176602,2222
nrYh7hAHfCw,https://images.unsplash.com/photo-1531243916638-59a984c15ece,4480,6720,0.67,2018-07-10 17:35:27.614519,Italy,1020406,7484
OR4q9_Y2nuY,https://images.unsplash.com/photo-1580184481884-6125224cd8d2,5504,8256,0.67,2020-01-28 04:10:11.128061,,390430,1060
VJtr6V6US7M,https://images.unsplash.com/photo-1551337135-669ee1aeafcb,4664,3374,1.38,2019-02-28 07:00:27.236383,Czech Republic,553432,5556
awA_G6QDJNE,https://images.unsplash.com/photo-1563373270-ede3b6383ac7,6720,4480,1.5,2019-07-17 14:22:16.205044,,253229,3222
QHoQn8uq2_s,https://images.unsplash.com/photo-1567589983056-64a8be5e8719,3840,5760,0.67,2019-09-04 09:41:14.356189,,89974,652
lO_mws79E50,https://images.unsplash.com/photo-1583133010816-f346c01c92ba,6720,4480,1.5,2020-03-02 07:11:21.005841,United States,948705,2315
PO6bqRgG2Ks,https://images.unsplash.com/photo-1591504373205-b34f4c4ff03d,3456,5184,0.67,2020-06-07 04:33:18.362808,,169862,815
SfgJnbqpUWU,https://images.unsplash.com/photo-1490738483218-3bfb76b079d0,4912,3264,1.5,2017-03-28 22:03:44.057394,,1238820,5534
Qmox1MkYDnY,https://images.unsplash.com/photo-1442291928580-fb5d0856a8f1,3840,2160,1.78,2015-09-15 04:40:43.393169,Russia,11187321,165891
0LKJVPJtDnQ,https://images.unsplash.com/photo-1574258496091-ad5bce43f505,3456,5184,0.67,2019-11-20 14:02:27.89865,,651380,2893
ZUV1IgqvWlA,https://images.unsplash.com/photo-1508228392248-5d155e4a66ce,6016,4016,1.5,2017-10-17 08:20:30.936066,United Kingdom,234366,2834
AEOLWK3-Q94,https://images.unsplash.com/photo-1473579935071-e01936af3039,6016,4016,1.5,2016-09-11 07:46:25.271474,United States,2736111,18548
yKMl-xwSSmM,https://images.unsplash.com/photo-1544494232-30565e6bdf9e,5184,3456,1.5,2018-12-11 02:10:55.491014,Morocco,824800,7555
XCAo_gm4kxw,https://images.unsplash.com/photo-1561871392-099d79f3c481,3648,5472,0.67,2019-06-30 05:10:01.318124,,1858285,9361
RNrh6mIrOxo,https://images.unsplash.com/photo-1544543943-5ac2cfb53308,1868,2802,0.67,2018-12-11 16:00:37.567027,,631588,4066
yzREGXB5h_k,https://images.unsplash.com/photo-1578346555496-e8363f4dfceb,4016,6016,0.67,2020-01-06 21:36:13.334052,,135021,408
10B8fyjCf68,https://images.unsplash.com/photo-1570143675421-77a628c1dd6f,2657,3978,0.67,2019-10-03 23:01:40.389626,,867757,21475
SqU2e1uM390,https://images.unsplash.com/photo-1562786783-226d536a5de7,4300,5375,0.8,2019-07-10 19:30:11.341723,,146124,787
kD70xb1pUdg,https://images.unsplash.com/photo-1549309019-a1d77aeae74f,5461,8192,0.67,2019-02-04 19:37:41.75349,United States,6468193,62515
agM0Zmn5Ys4,https://images.unsplash.com/photo-1583885627072-4823ed115094,5472,3648,1.5,2020-03-11 00:14:04.420989,,612815,2093
Qvwl_jOJxfs,https://images.unsplash.com/photo-1512544783971-fb9a0691eda5,3456,5184,0.67,2017-12-06 07:20:39.211263,United States,5535534,48176
Cp5H4ssQszo,https://images.unsplash.com/photo-1535055019605-b0b614555b7e,2593,3561,0.7299999999999999,2018-08-23 20:12:09.940702,Canada,893814,14015
nCJKX6M4gsE,https://images.unsplash.com/photo-1585431236965-e4ba469a3ec2,3968,5289,0.75,2020-03-28 21:34:29.237921,,276888,1202
bg20VZvrfvY,https://images.unsplash.com/photo-1582055193464-943584223be1,4480,6720,0.67,2020-02-18 19:48:09.196007,,9879197,134414
HpuZmyOSboI,https://images.unsplash.com/photo-1565886845316-7c522bfc9625,4160,6240,0.67,2019-08-15 16:36:43.959232,,5341840,5539
ClkQd4-ZfSQ,https://images.unsplash.com/photo-1552359275-1c9869ee6653,5472,3648,1.5,2019-03-12 02:54:45.698297,,133584,1304
zfYYrxdvTzE,https://images.unsplash.com/photo-1584984813431-c3ba2a8f5056,3199,2227,1.44,2020-03-23 17:33:39.761849,United States,15803885,19124
8R6_WD3on6U,https://images.unsplash.com/photo-1542878286-9470b833533a,6000,3928,1.53,2018-11-22 09:18:18.995784,Italy,797082,5637
o0SJlx_Y1mY,https://images.unsplash.com/photo-1591729259517-e2d0553fd4ec,5472,3648,1.5,2020-06-09 19:02:56.389736,Италия,274086,2394
_TfJVFTsjQ0,https://images.unsplash.com/photo-1587298241078-2ef60f6ea2a7,7426,5304,1.4,2020-04-19 12:11:55.068016,,159770,1424
FvkQso3yiOk,https://images.unsplash.com/photo-1544196088-7dfe4b47b199,2992,3992,0.75,2018-12-07 15:22:32.173753,Iceland,528863,3735
CPMPEg3IWxA,https://images.unsplash.com/photo-1555447769-34d292922eb3,8192,5461,1.5,2019-04-16 20:49:39.476873,,883501,2396
G59UIKfHz6o,https://images.unsplash.com/photo-1550684695-978224641a11,6000,4000,1.5,2019-02-20 17:51:19.144584,,312160,1562
OerFPKNQcV8,https://images.unsplash.com/photo-1582148453014-b7d4117d3300,7360,4912,1.5,2020-02-19 21:47:04.614498,,730766,2643
ps2daRcXYes,https://images.unsplash.com/photo-1445855743215-296f71d4b49c,5184,3456,1.5,2015-10-26 10:36:52.970106,Poland,22046392,190110
ewgeSo_WYYE,https://images.unsplash.com/photo-1509212232536-8d5fb32736d5,6000,4000,1.5,2017-10-28 17:39:43.726392,Brazil,936125,5039
mQM4EK5QZeE,https://images.unsplash.com/photo-1547052145-6dc2d1ba2774,5456,3632,1.5,2019-01-09 16:52:49.770966,,158620,1681
F1oeYBKJsdw,https://images.unsplash.com/photo-1446488547543-78c11468449a,4240,2832,1.5,2015-11-02 18:23:04.375232,,13132646,93288
8fYhrgV_IWg,https://images.unsplash.com/photo-1457282324697-bdbc03b91c0c,2848,4272,0.67,2016-03-06 16:40:19.811819,,1351804,7126
rmFCQdjSpBk,https://images.unsplash.com/photo-1546962390-9bd4f605b00d,3915,5873,0.67,2019-01-08 16:00:38.158931,,635469,2180
Yh2zBhsnTjw,https://images.unsplash.com/photo-1562706941-7deb2b208718,5968,3979,1.5,2019-07-09 21:16:05.354055,Netherlands,2009298,4662
omq2HpcGv-g,https://images.unsplash.com/photo-1552583088-876769891a9d,3543,2362,1.5,2019-03-14 17:05:27.793336,,726900,3300
SIWbNsJt8z0,https://images.unsplash.com/photo-1562186347-009e073bd1cc,2919,4379,0.67,2019-07-03 20:39:38.772679,Germany,1351110,6272
R3K19uV-yeM,https://images.unsplash.com/photo-1541680527992-44046cd55db6,4272,2856,1.5,2018-11-08 12:44:28.776252,,616809,4433
2Q8zDWkj0Yw,https://images.unsplash.com/photo-1415201179613-bd037ff5eb29,4192,2794,1.5,2014-11-05 15:26:26.678711,,24097602,258593
2V_uQ1G3Aik,https://images.unsplash.com/photo-1543739750-bc3beb0a796f,3070,5464,0.56,2018-12-02 08:36:31.243781,,452322,5158
c6miNI_WdZ4,https://images.unsplash.com/photo-1548567117-02328f050eaa,5472,3648,1.5,2019-01-27 05:32:15.050761,,7773786,77590
Yp8s2MLTGJE,https://images.unsplash.com/photo-1478029115463-6371b5133cac,4368,2912,1.5,2016-11-01 19:42:04.533382,,6552935,34336
J1qireCQ8oA,https://images.unsplash.com/photo-1542337010-badced216c35,6016,4016,1.5,2018-11-16 02:57:51.475688,,519233,2527
HqlzUBCjva8,https://images.unsplash.com/photo-1556749778-541fa435e570,3992,2992,1.33,2019-05-01 22:33:11.958738,,253649,2197
EEFuhZAIGXg,https://images.unsplash.com/photo-1590235519932-5f8ae5caccff,7952,5304,1.5,2020-05-23 12:39:42.119771,,266555,1753
kDo57E2qOE4,https://images.unsplash.com/photo-1499117901949-e34ef1b2444a,3280,4928,0.67,2017-07-03 21:38:36.960571,,26328231,196079
EPVTWAQsD4c,https://images.unsplash.com/photo-1526342058602-07ce746066c6,3600,2400,1.5,2018-05-14 23:55:09.331173,New Zealand,6776252,3613
mnS6N54IOfE,https://images.unsplash.com/photo-1510498844953-b2626b6936b1,2976,1986,1.5,2017-11-12 15:01:20.421856,,845273,8274
pg6uyl1yqOg,https://images.unsplash.com/photo-1542311490079-c6d0096036a6,4293,2862,1.5,2018-11-15 19:56:29.570076,,266150,2939
Dq2bns-Fw6g,https://images.unsplash.com/photo-1591612524123-91093e47cdd7,6123,4082,1.5,2020-06-08 10:36:16.629528,Romania,141246,2143
uRQlCmfOCRg,https://images.unsplash.com/photo-1559157693-c34156e0f8c3,4776,3184,1.5,2019-05-29 19:22:01.755693,Germany,32632472,18013
EQ56luxxbPI,https://images.unsplash.com/photo-1571926245366-06d625464708,6000,4000,1.5,2019-10-24 14:12:30.341898,,708680,2023
K49v_-rpklw,https://images.unsplash.com/photo-1547438659-e9b4d2045317,6000,4000,1.5,2019-01-14 04:04:47.757812,United States,608041,3165
dtfyRuKG7UY,https://images.unsplash.com/photo-1545906785-38f53f99e380,6240,4160,1.5,2018-12-27 10:38:13.249529,,7440589,82258
CxiEOGUNqkE,https://images.unsplash.com/photo-1607785329934-131c764010b4,4233,2961,1.43,2020-12-12 15:02:36.010415,United Kingdom,98625,4425
y6Fa0cHKJGc,https://images.unsplash.com/photo-1566748913420-e9b46e291429,6000,4000,1.5,2019-08-25 16:02:20.599415,,3883453,8571
Ab17BNzrt7M,https://images.unsplash.com/photo-1562337590-4ebf98b292b7,3328,4160,0.8,2019-07-05 14:40:13.618455,,192928,681
RTICqZlyBtk,https://images.unsplash.com/photo-1584481119878-48257b7fc41d,3840,4969,0.77,2020-03-17 21:40:12.430548,Germany,303606,1342
uX2w48eXXqQ,https://images.unsplash.com/photo-1428672824825-ac9b4adc2cd6,4896,3264,1.5,2015-04-10 13:34:01.900022,,3559790,26030
n9iJ_9JvjWI,https://images.unsplash.com/photo-1440557718678-8ef7d0808027,5760,3840,1.5,2015-08-26 02:57:07.861408,United States,1407385,10629
36ZAcwUEZZs,https://images.unsplash.com/photo-1572774089331-ac0e2ed66f5e,3874,4842,0.8,2019-11-03 09:41:53.154939,France,1385627,4763
I8gRT8rraLQ,https://images.unsplash.com/photo-1569748035159-1d4ae38a43b1,3992,2992,1.33,2019-09-29 09:46:44.887486,,68587,1281
8niaLtRULmY,https://images.unsplash.com/photo-1502774378579-f36b957052e7,5472,3648,1.5,2017-08-15 05:20:59.633584,United States,781893,5130
hDxSd1rBAv8,https://images.unsplash.com/photo-1591545486963-f62e412e25f3,2656,3984,0.67,2020-06-07 15:58:19.005526,,428965,1751
pDYaVUmp0ak,https://images.unsplash.com/photo-1561229536-175c4e898ec5,2400,3000,0.8,2019-06-22 18:53:24.102622,,777464,2868
TbgoCf4F3MM,https://images.unsplash.com/photo-1557053503-0c252e5c8093,2495,3400,0.7299999999999999,2019-05-05 10:52:30.788321,Thailand,1125461,5581
BulYN_Vs_dw,https://images.unsplash.com/photo-1583364486579-52ecae54876e,5472,3648,1.5,2020-03-04 23:29:13.092916,United States,14785111,39976
NR_tXTuyTak,https://images.unsplash.com/photo-1573588028698-f4759befb09a,4240,2384,1.78,2019-11-12 19:47:53.70121,,7324583,76345
FvtzUX__djs,https://images.unsplash.com/photo-1592490839541-60ba593504cf,4096,2730,1.5,2020-06-18 14:34:27.430259,Iceland,409922,5708
u8kxtV3raCQ,https://images.unsplash.com/photo-1554361488-d09afdb9f110,4790,3175,1.51,2019-04-04 07:14:55.107689,,338943,2074
xEY0dtFfon0,https://images.unsplash.com/photo-1565412741477-ecf69b6c17d5,1843,2765,0.67,2019-08-10 04:52:43.768513,,1250006,6750
4ADrWAWYnT4,https://images.unsplash.com/photo-1584515453937-c00929e621d1,6000,4000,1.5,2020-03-18 07:11:31.916889,Japan,2071242,14566
0ugpg5ordnE,https://images.unsplash.com/photo-1508599110672-282495285faa,6000,4000,1.5,2017-10-21 15:19:01.1388,Colombia,261478,1983
ovXu5yiEVWc,https://images.unsplash.com/photo-1543182791-a5e80144e4cc,7952,5304,1.5,2018-11-25 21:54:09.396485,,6579457,8025
vP5Im4q8Z6g,https://images.unsplash.com/photo-1509817943730-519247f1dd94,4315,2877,1.5,2017-11-04 17:54:09.185726,United States,1743248,17399
1pSMmxaCacM,https://images.unsplash.com/photo-1553106491-8b0a074f5c5a,3332,5454,0.6099999999999999,2019-03-20 18:28:21.012851,Greece,892755,6464
gCPL3YjHSyc,https://images.unsplash.com/photo-1423027187557-799765f43901,1920,1080,1.78,2015-02-04 05:19:50.25006,,34478,609
VsOKJuTfN0U,https://images.unsplash.com/photo-1554088559-9bfc34e18d8d,3992,2992,1.33,2019-04-01 03:17:46.922153,United States,982777,2647
XjkJtDb2tHY,https://images.unsplash.com/photo-1548280648-0f3a631a4da1,3888,2592,1.5,2019-01-23 21:58:22.464673,,541890,2451
-iflrGMhtfc,https://images.unsplash.com/photo-1578762383551-793ef747cdd9,5245,7867,0.67,2020-01-11 17:08:20.422767,Schweiz,469345,3215
i_m5ZuzeYcE,https://images.unsplash.com/photo-1544659697-ad02b698af2a,3652,4565,0.8,2018-12-13 00:08:32.754556,,271966,741
e18GHG0uSjs,https://images.unsplash.com/photo-1543177812-06f7f5218817,3615,5423,0.67,2018-11-25 20:32:11.504622,,271990,2319
CzW-wxA15j8,https://images.unsplash.com/photo-1564088418107-05a97997c93b,3348,4817,0.6999999999999998,2019-07-25 21:00:33.78699,United Kingdom,7128878,30112
u4Yu4P9wieM,https://images.unsplash.com/photo-1584781544411-d696e388f85c,2667,4000,0.67,2020-03-21 09:06:01.482502,,651463,2381
8TYzAdued30,https://images.unsplash.com/photo-1437321136064-9f9dbaf5fc0f,6000,4000,1.5,2015-07-19 15:53:04.130882,United States,2575867,15913
PDaDQV27w-I,https://images.unsplash.com/photo-1567878125575-2b45a1b0406d,3264,4928,0.66,2019-09-07 17:46:05.386849,,382867,2261
33cf4x0dR3w,https://images.unsplash.com/photo-1568785629518-e254f152ee7c,2742,3428,0.8,2019-09-18 05:49:20.898742,,823251,1369
v15iOM6pWgI,https://images.unsplash.com/photo-1439122882736-df801e4aba24,6016,4000,1.5,2015-08-09 12:22:22.775611,,938999,7856
Sqpe_6p9CMA,https://images.unsplash.com/photo-1564934666-c542d8f16655,3233,4294,0.75,2019-08-04 16:04:40.299291,,231223,655
wTnVW4D6F-Q,https://images.unsplash.com/photo-1577475536138-69c9d927b01c,4120,2747,1.5,2019-12-27 19:39:07.656433,,129244,987
KrTerTmrPF0,https://images.unsplash.com/photo-1543710853-4d13e4e40ce5,2590,3853,0.67,2018-12-02 00:34:30.682236,,216470,1408
pLEwAGZiqAU,https://images.unsplash.com/photo-1493704135368-900998236d80,4896,3264,1.5,2017-05-02 05:49:50.972912,Germany,1955552,9137
ScQZMP2ePhk,https://images.unsplash.com/photo-1551987164-3a21f10ccc2f,2304,3456,0.67,2019-03-07 19:32:59.064285,,1057480,3292
y34UOHoDkWQ,https://images.unsplash.com/photo-1555595925-69049e7b7682,3648,5472,0.67,2019-04-18 14:03:36.393599,Vietnam,669514,4580
y2FNl3gFzAU,https://images.unsplash.com/photo-1573850322322-754619145e4f,3715,2322,1.6,2019-11-15 20:41:24.265598,Iran,67791,965
2E6BN1a_EoA,https://images.unsplash.com/photo-1572830049760-524e2017c9b1,7058,4708,1.5,2019-11-04 01:17:46.928142,United States,1419526,3544
10OwcE0jKq0,https://images.unsplash.com/photo-1565339829876-76cd6bf87456,4160,6240,0.67,2019-08-09 08:39:18.779609,,1055287,2144
uwPtnsCQ9yU,https://images.unsplash.com/photo-1507275029257-b8685a434432,5472,3648,1.5,2017-10-06 07:32:51.722524,United States,9060766,52405
phIFdC6lA4E,https://images.unsplash.com/photo-1519681393784-d120267933ba,4096,2733,1.5,2018-02-26 21:44:19.403701,Italy,1320194465,1880111
xepikEyPgmI,https://images.unsplash.com/photo-1551468307-8c1e3c78013c,5472,3648,1.5,2019-03-01 19:26:33.025866,,4328879,68106
9IxEntLDdFQ,https://images.unsplash.com/photo-1580169188481-0f6901ac0d60,3456,4843,0.7099999999999999,2020-01-28 00:03:48.685955,,377853,694
1HuqUAwI_eY,https://images.unsplash.com/photo-1434323197752-16d745928e51,2560,1600,1.6,2015-06-14 23:06:50.89028,,1077789,4634
4xud_CA6K-s,https://images.unsplash.com/photo-1544022995-83dbdc555353,4240,2832,1.5,2018-12-05 15:17:39.576188,,857982,9747
BGB9Eidt30I,https://images.unsplash.com/photo-1466803321438-ffe1d5af2f23,3884,2385,1.63,2016-06-24 21:23:23.588015,,3232566,24719
0u_VMSWGgBU,https://images.unsplash.com/photo-1483212418270-6c5d80b1cd2a,5184,3456,1.5,2016-12-31 19:27:35.617516,,1508989,7972
xuqp36-VuDM,https://images.unsplash.com/photo-1580242399735-b76c569576fb,6000,3376,1.78,2020-01-28 20:13:41.310968,,323296,1408
h5yMpgOI5nI,https://images.unsplash.com/photo-1584559582128-b8be739912e1,3710,3710,1.0,2020-03-18 19:26:52.041479,,6964445,47684
pUGRSh9dS9M,https://images.unsplash.com/photo-1582552281350-20f4bc81566d,6000,3818,1.57,2020-02-24 13:55:21.044037,Suíça,19603435,25227
GRh6fXs3UFI,https://images.unsplash.com/photo-1590207924184-7cc3e3d66d58,3126,3907,0.8,2020-05-23 04:27:44.02638,,243533,1088
Erk5qM2_fdk,https://images.unsplash.com/photo-1546621036-2160273c0d72,4522,6783,0.67,2019-01-04 17:56:18.073117,,733646,2046
FNf1m9OkD7M,https://images.unsplash.com/photo-1491977446686-fca920537d09,9000,6000,1.5,2017-04-12 06:12:16.519562,United States,2910050,13039
Dk3cdE1FAjs,https://images.unsplash.com/photo-1543083338-d89aa28c8535,3999,2785,1.44,2018-11-24 18:17:34.832242,,861171,6752
YHVPKfbcofQ,https://images.unsplash.com/photo-1543092350-461fb6741185,6720,4480,1.5,2018-11-24 20:46:07.862436,,185525,1784
zE9JFijyPec,https://images.unsplash.com/photo-1563284724-ae7cf5e784f0,4000,5573,0.7199999999999999,2019-07-16 13:47:56.244531,,188834,1148
Bn5zWppkIIQ,https://images.unsplash.com/photo-1543933720-b55c838bb109,4608,3074,1.5,2018-12-04 14:28:47.031035,Argentina,261710,4295
OdHEZT-C3C0,https://images.unsplash.com/photo-1574143873719-db3374299ce6,3888,2592,1.5,2019-11-19 06:11:26.085644,,596203,2046
QgeHjNLv2rA,https://images.unsplash.com/photo-1514070148511-6dfac3ad6244,3976,2650,1.5,2017-12-23 23:02:49.803831,,283251,1628
DSwBHyWKiVw,https://images.unsplash.com/photo-1445112098124-3e76dd67983c,3872,2592,1.49,2015-10-17 20:01:58.495939,Denmark,18170553,149651
RJ_zZKgKrog,https://images.unsplash.com/photo-1568751302461-fc6f40fa9382,2811,4217,0.67,2019-09-17 20:17:54.909128,Turkey,3509390,25859
xz-qq9KNgwk,https://images.unsplash.com/photo-1581318233146-2552c645f6db,2599,3890,0.67,2020-02-10 07:04:15.195312,United States,647172,1052
avtx_piT4v0,https://images.unsplash.com/photo-1569442129998-556ade6c057c,3448,4592,0.75,2019-09-25 20:09:14.268278,,159350,889
3nyfPeQc_VM,https://images.unsplash.com/photo-1568383964629-713d6e0e4050,3510,6240,0.56,2019-09-13 14:15:32.10831,,92427,455
qn4wTgRyVow,https://images.unsplash.com/photo-1567729158924-a4ed3957eacb,5959,3973,1.5,2019-09-06 00:20:27.862145,,773479,3695
sVhWVEX8zFA,https://images.unsplash.com/photo-1576326062266-2511c6a59b9b,4182,6273,0.67,2019-12-14 12:44:30.179698,,262203,871
1bNKt1xarao,https://images.unsplash.com/photo-1560752629-5603dac518c6,7839,5879,1.33,2019-06-17 06:29:43.784977,,510465,1706
lvSDZw6V8nw,https://images.unsplash.com/reserve/2CHRCzLqSRuVRMdneTTS_unspash_003.jpg,5184,3456,1.5,2014-04-14 10:41:17,,13345926,48775
rQoXKfw5BFY,https://images.unsplash.com/photo-1590181087981-cc8d58d25b89,4000,6000,0.67,2020-05-22 21:02:27.244729,United States,257244,1034
CiacXjCwb3g,https://images.unsplash.com/photo-1533875885304-c5eaeadc5923,5184,3456,1.5,2018-08-10 04:39:14.996823,United States,949866,28192
X_yDmjSAH4g,https://images.unsplash.com/photo-1563195127-681ff3349549,3991,2661,1.5,2019-07-15 12:54:09.21849,,2147595,11825
IsFXsOhofug,https://images.unsplash.com/photo-1529053247398-80a2a754fe49,4927,6159,0.8,2018-06-15 09:06:29.25077,Slovenia,1622895,15850
LEhac0GdyS0,https://images.unsplash.com/photo-1580193458948-be7ad19e1fe7,4928,3264,1.51,2020-01-28 06:44:00.580997,,922334,5145
5Mrcxnq3Nhg,https://images.unsplash.com/photo-1477671841272-c14d1f859e97,4368,2912,1.5,2016-10-28 16:25:18.587038,,1867796,5238
w-S6qFG13pg,https://images.unsplash.com/photo-1586854456675-a040f7a871ae,3550,5329,0.67,2020-04-14 08:55:47.40954,Italy,485926,4530
PlpndCreTSk,https://images.unsplash.com/photo-1585337931905-5289c506a080,3840,5760,0.67,2020-03-27 19:40:54.882779,Serbia,10052084,9085
oqWTauG4LTM,https://images.unsplash.com/photo-1428394335528-174e7b62f044,3499,5288,0.66,2015-04-07 08:12:24.941769,,2531407,2819
D-IYJRBkVPw,https://images.unsplash.com/photo-1552262418-86f7e33f4bb0,6000,4000,1.5,2019-03-11 00:00:55.284015,,196463,2428
ItQlzUlCUow,https://images.unsplash.com/photo-1506971456216-7b494f54d588,4592,3448,1.33,2017-10-02 19:12:27.841323,United States,12851235,32353
x9NfeD3FpsE,https://images.unsplash.com/photo-1535242208474-9a2793260ca8,3024,3780,0.8,2018-08-26 00:11:20.002748,Canada,15230458,224036
6zXwP5xpbPE,https://images.unsplash.com/photo-1466120262033-5fb3f4f67132,3949,2757,1.43,2016-06-16 23:38:05.894761,,4404955,27427
emauZ86g85g,https://images.unsplash.com/photo-1547446066-784474fcf569,5304,7952,0.67,2019-01-14 06:08:00.956233,,639180,2563
fGfUJnZD3Mw,https://images.unsplash.com/photo-1545677920-5f60d087914f,3024,4032,0.75,2018-12-24 18:58:46.464164,,1165703,4178
9jw_NZJ8miA,https://images.unsplash.com/photo-1463559529332-35b893e83ec2,5616,3159,1.78,2016-05-18 08:20:25.567021,,1505005,8613
FsviThsRYYA,https://images.unsplash.com/photo-1586289948296-c577c3e97953,3840,5760,0.67,2020-04-07 20:06:09.748158,,720782,3368
n4axZKxpXSM,https://images.unsplash.com/photo-1584089715223-4a9ef49e4acb,5185,3457,1.5,2020-03-13 08:56:05.019685,United Kingdom,705432,2047
EJ8wV3reASw,https://images.unsplash.com/photo-1578539620989-30b4e85151eb,3456,5184,0.67,2020-01-09 03:14:04.880233,,729745,3930
18DeX6hwebI,https://images.unsplash.com/photo-1543515993-07cee69b392f,6000,3375,1.78,2018-11-29 18:27:27.070983,United States,265896,8561
6T7kfc3VitU,https://images.unsplash.com/32/RgJQ82pETlKd0B7QzcJO_5912578701_92397ba76c_b.jpg,1024,768,1.33,2014-04-05 23:19:37,,21706169,129440
Vtu3YaYzC6s,https://images.unsplash.com/photo-1581236235771-3c57714de01d,3744,5616,0.67,2020-02-09 08:17:22.558463,,15990146,9035
WkkKSJi1_-M,https://images.unsplash.com/photo-1541173167569-f1d02b5f49bc,5472,3075,1.78,2018-11-02 15:41:26.85228,United States,570094,8292
oMdTsi8R1wM,https://images.unsplash.com/photo-1555599218-f9cd17f6f1fa,5184,3456,1.5,2019-04-18 14:54:27.042423,,142683,1743
ohn0myH07DM,https://images.unsplash.com/photo-1578938242019-0b5b3187103a,5304,7952,0.67,2020-01-13 17:58:10.156527,,216872,1053
OFQzn3V1JKU,https://images.unsplash.com/photo-1560671440-145940d8f0a7,5400,3600,1.5,2019-06-16 07:52:44.693723,,575418,2254
-YgjeN6beJw,https://images.unsplash.com/photo-1578175109400-75c91793f763,4160,6240,0.67,2020-01-04 21:58:45.184968,,555912,1049
vCnMlf8qPFg,https://images.unsplash.com/photo-1579825414120-1fb66aeb0473,3196,3196,1.0,2020-01-24 00:25:56.917856,,614954,3204
0T8ePa8D-1w,https://images.unsplash.com/photo-1555631545-e5143ba3bced,3000,3750,0.8,2019-04-18 23:52:49.274714,,873615,5405
Qj20ZHLmVis,https://images.unsplash.com/photo-1543279385-287e999b2891,8192,4604,1.78,2018-11-27 00:44:20.155357,,264880,1301
Oppz-6ZENZ0,https://images.unsplash.com/photo-1554903167-923b647aa737,2667,4000,0.67,2019-04-10 13:33:02.35281,,1496690,5135
d5PNntTlt10,https://images.unsplash.com/photo-1580844885737-b704a27ceeba,4240,2832,1.5,2020-02-04 19:36:00.170123,,329807,2130
E7PlRr9ZfoM,https://images.unsplash.com/photo-1551446591-142875a901a1,6000,4000,1.5,2019-03-01 13:24:25.710336,,13458450,25357
qfP1pMAYYhI,https://images.unsplash.com/photo-1573229720442-2a57bd4a148f,3456,5184,0.67,2019-11-08 16:16:14.492172,,222723,1270
xWb4OBh8Bos,https://images.unsplash.com/photo-1552484479-699614fcabac,6000,4000,1.5,2019-03-13 13:41:40.14491,Romania,1101120,4221
NXciM5wByZg,https://images.unsplash.com/photo-1433086981895-12ca61d33d40,4942,2780,1.78,2015-05-31 15:43:05.216933,,2430472,17167
65CJJ6pvb6c,https://images.unsplash.com/photo-1569267012748-4e7caf9ffeab,6000,4000,1.5,2019-09-23 19:30:34.321473,,188195,1839
lW-xLYqGOuA,https://images.unsplash.com/photo-1543619758-d8b9dc137421,6000,4000,1.5,2018-11-30 23:16:01.346973,,2055514,6883
iW96qgYxlp4,https://images.unsplash.com/photo-1566136589659-caf912ec3fd3,2250,4000,0.56,2019-08-18 18:05:40.832394,,9991838,22117
NinW8p06rtQ,https://images.unsplash.com/photo-1578753710207-a29a59a0141a,4912,3264,1.5,2020-01-11 14:45:16.168472,,413023,1381
G3EDWxWJXpI,https://images.unsplash.com/photo-1483576829476-175ebe2d9636,7280,4368,1.67,2017-01-05 00:43:43.853209,United Kingdom,1632853,15307
5thcT9XPl9A,https://images.unsplash.com/photo-1567712603865-74aae2ad8b2e,4000,6000,0.67,2019-09-05 19:50:28.424671,,123356,1112
uG5DYq4Ur04,https://images.unsplash.com/photo-1561892608-9a4c0e4780c4,6000,4000,1.5,2019-06-30 11:04:13.79234,,1041139,4896
Z3wh9RarlgI,https://images.unsplash.com/photo-1573691257078-aea83aad8e2d,7952,5304,1.5,2019-11-14 00:50:22.01832,,749721,2117
KBxUQ9vU1-4,https://images.unsplash.com/photo-1544658111-b9c312b2abce,5312,3794,1.4,2018-12-12 23:42:08.676013,US,1085500,7351
O3xT_2ffp9M,https://images.unsplash.com/photo-1546636967-9f6b0571e133,4573,3049,1.5,2019-01-04 21:22:56.81872,,660968,7667
T1wpGZhvwUo,https://images.unsplash.com/photo-1489359303169-dfc7c193da03,5472,3648,1.5,2017-03-12 22:57:14.358468,United States,1179538,4191
7EtSw7xOOGs,https://images.unsplash.com/photo-1564174758622-a2af74321a09,3506,4388,0.8,2019-07-26 21:00:42.511089,france,464774,4763
Z2un9lDdTUg,https://images.unsplash.com/photo-1579662126138-0b523d59a6c4,4608,3170,1.45,2020-01-22 03:02:35.950735,,256286,1345
lWfmq1VdNVY,https://images.unsplash.com/photo-1575923877545-fa79179c6ee1,4480,6720,0.67,2019-12-09 20:38:29.516342,,101367,1030
EfhCUc_fjrU,https://images.unsplash.com/photo-1471899236350-e3016bf1e69e,5261,3507,1.5,2016-08-22 20:54:43.697036,,67632823,733375
lSLD18146MM,https://images.unsplash.com/photo-1546365817-65fc449d9bf6,6720,4480,1.5,2019-01-01 18:06:22.337142,,402349,2628
vwuBrUFHmh0,https://images.unsplash.com/photo-1612139483386-42d39ab3c24f,3368,6000,0.56,2021-02-01 00:34:44.356174,Thailand,723121,79213
BjYD9PvnOHc,https://images.unsplash.com/photo-1566598578758-d4f24d544c29,5472,3648,1.5,2019-08-23 22:18:31.008139,Morocco,1297443,5450
3bdiIO1vjuU,https://images.unsplash.com/photo-1542340412-a709e5b5a70f,3276,4096,0.8,2018-11-16 03:54:07.990852,,482624,2950
sSnv3yzLUdw,https://images.unsplash.com/photo-1414988148816-fb7c062c44c9,4608,3072,1.5,2014-11-03 04:15:59.400111,,1533908,4675
4882m_sB9ak,https://images.unsplash.com/photo-1553954434-46c45047b4f9,6000,4000,1.5,2019-03-30 14:01:46.801641,,178993,2178
RJcIm0NV6Io,https://images.unsplash.com/photo-1577731046458-977934b654db,2000,2500,0.8,2019-12-30 18:41:40.514431,,123900,615
wud-eV6Vpwo,https://images.unsplash.com/photo-1439246854758-f686a415d9da,4273,2392,1.79,2015-08-10 22:48:30.841999,Portugal,7819510,44665
v_YB9IY2z5Q,https://images.unsplash.com/photo-1506484718248-6673824b200e,6000,4000,1.5,2017-09-27 04:00:20.17939,United States,415971,3838
xvYOajceQCI,https://images.unsplash.com/photo-1579507905029-b08de2f63b3d,4000,6000,0.67,2020-01-20 08:13:37.993981,,3699830,8862
P86-JPbDnPY,https://images.unsplash.com/photo-1469259943454-aa100abba749,4000,6000,0.67,2016-07-23 07:46:57.849672,United States,1094234707,530102
oyVjpgdtnMs,https://images.unsplash.com/photo-1563123636-92d0f17712be,2175,2719,0.8,2019-07-14 17:00:47.285374,,628707,1531
jdtI316Vgfk,https://images.unsplash.com/photo-1578651915376-87049d75e5d9,4000,6000,0.67,2020-01-10 10:26:06.254051,,373350,973
WqHgIJEFrjw,https://images.unsplash.com/photo-1561140067-59c74bead79d,5304,7952,0.67,2019-06-21 18:01:28.990731,,478273,1165
d06lt8UI7Ao,https://images.unsplash.com/photo-1589235984453-26dc3da6712a,2992,3992,0.75,2020-05-11 22:27:56.787515,United States,338311,1984
C_Hmfumev1w,https://images.unsplash.com/photo-1455492240783-79edeb7ce981,2600,1733,1.5,2016-02-15 00:26:46.489827,,3088358,28278
MEqH3hWecG0,https://images.unsplash.com/photo-1441901443127-4e5b4ccd3abd,2456,1632,1.5,2015-09-10 16:11:21.524782,United States,1031211,4330
YJ2RjAE9tjk,https://images.unsplash.com/photo-1547968196-230ad3b7cbf7,5760,3840,1.5,2019-01-20 07:10:14.395049,,17742442,26306
-bAy8jTPWVo,https://images.unsplash.com/photo-1430763474775-bd6e332eb415,4272,2848,1.5,2015-05-04 18:31:33.543336,,4750169,29625
6yHiGAJkufk,https://images.unsplash.com/photo-1455164054733-7f3bc259f4de,5034,3315,1.52,2016-02-11 04:15:17.479308,United States,3100001,13219
gJyKLN84LwU,https://images.unsplash.com/photo-1444159759392-aeeb3d5851c1,6000,4000,1.5,2015-10-06 19:29:53.006067,United States,7326035,56935
JHHDUs23wjA,https://images.unsplash.com/photo-1437149310981-0f2690a6069d,5692,3795,1.5,2015-07-17 16:09:43.231649,United States,4736141,34991
XH0kxUE8FG4,https://images.unsplash.com/photo-1585015709921-00ddf404c91e,5160,2196,2.35,2020-03-24 02:09:18.898786,,846083,5444
12RAYoTsxbc,https://images.unsplash.com/photo-1544817286-c8934b4f3c3a,5184,3456,1.5,2018-12-14 19:55:42.931586,,953110,6125
0gf57cIqNmc,https://images.unsplash.com/photo-1579464186418-543f89522a53,4000,6000,0.67,2020-01-19 20:03:20.986818,Barbados,536338,2231
JMQYL1gX0XU,https://images.unsplash.com/photo-1558622729-86c8a43230ee,3138,4706,0.67,2019-05-23 14:45:40.203909,,9509615,25574
Xlry6pP2FVg,https://images.unsplash.com/photo-1565234879896-df03c325cf95,4970,6626,0.75,2019-08-08 03:28:44.554857,,563661,1216
DK049L4odMw,https://images.unsplash.com/photo-1559813114-ece797165238,3840,5760,0.67,2019-06-06 09:31:39.014861,"Bavaria, Germany",2503611,3753
tBjRFyo9FJM,https://images.unsplash.com/photo-1564035302523-d651ac90f9e4,3295,2196,1.5,2019-07-25 06:15:36.699196,,53722,985
2_mO5_qyevs,https://images.unsplash.com/photo-1518417688702-e76dd0542d78,3992,2992,1.33,2018-02-12 06:41:52.881745,United States,7039743,7133
y_dUcjKzur0,https://images.unsplash.com/photo-1439189741837-58720e8d82d5,3422,2572,1.33,2015-08-10 06:56:16.705206,,1449093,9623
Sv7c91hu9cQ,https://images.unsplash.com/photo-1543664074-85309e6de026,4896,3264,1.5,2018-12-01 11:34:43.492542,中国,693348,12248
n4RJtjHhb9A,https://images.unsplash.com/photo-1496287437689-3c24997cca99,2056,3088,0.67,2017-06-01 03:24:31.37881,,2809491,27183
lCOGsX6OGus,https://images.unsplash.com/photo-1549869540-20435ed72f4a,1856,2784,0.67,2019-02-11 07:19:11.451316,,581645,3105
uR6dIgDnt38,https://images.unsplash.com/photo-1576235789670-28a9c8e950b8,5568,3712,1.5,2019-12-13 11:47:06.372155,Italia,13196249,37700
5HT7p_DVJ3c,https://images.unsplash.com/photo-1574786577070-70b30e49c99c,7680,4320,1.78,2019-11-26 16:44:06.357336,Svalbard and Jan Mayen,2895933,11935
YCh5-MpB6C8,https://images.unsplash.com/photo-1494247622028-9a5bbfbf529a,4231,2816,1.5,2017-05-08 12:47:54.116264,United States,34198563,375672
igOyiLcfLPs,https://images.unsplash.com/photo-1565225329289-443fc4a1f06f,5472,3648,1.5,2019-08-08 00:49:31.663237,,559782,1940
Z6wqHOQwg-4,https://images.unsplash.com/photo-1495204754401-7caa112b8341,5412,3613,1.5,2017-05-19 14:40:38.100683,Switzerland,1319110,5931
0ZhlNZqCwpg,https://images.unsplash.com/photo-1547499417-82c00ab8aaac,4000,6000,0.67,2019-01-14 21:00:54.293364,,747343,4221
7RyfX2BHoXU,https://images.unsplash.com/photo-1500304624028-5b2641868ade,5948,3965,1.5,2017-07-17 15:18:12.741612,United States,9033825,84609
KwVbDSCb-bI,https://images.unsplash.com/photo-1477006851224-9e162787a660,3264,2448,1.33,2016-10-20 23:41:35.315629,United States,771935,5914
PwYKS1pSnFI,https://images.unsplash.com/photo-1549570844-fb9e67c7e202,4000,6000,0.67,2019-02-07 20:21:00.098824,,1072502,3107
iwwMFnt1GTc,https://images.unsplash.com/photo-1575674757809-3974defc20e4,4016,6016,0.67,2019-12-06 23:26:14.107573,,911800,3162
O_UbPKaz6no,https://images.unsplash.com/photo-1579202558739-17e09566bd6f,2856,1799,1.59,2020-01-16 19:24:56.433416,United States,1020614,11402
6LkxufmApSk,https://images.unsplash.com/photo-1441126270775-739547c8680c,3264,2448,1.33,2015-09-01 16:53:17.119156,South Africa,12738066,77880
Gmxbaiph-YE,https://images.unsplash.com/photo-1547414899-d54e6aeb03e5,6000,4000,1.5,2019-01-13 21:28:23.056205,,1317029,10684
fKPPW_J06cQ,https://images.unsplash.com/photo-1575574829566-658edcaffb58,3932,5880,0.67,2019-12-05 19:42:38.999039,Canada,607589,1569
iiDJQbyUi9o,https://images.unsplash.com/photo-1552931605-c5e2131e733a,4000,5631,0.7099999999999999,2019-03-18 18:00:15.929575,,123272,849
kJQoglNY3M0,https://images.unsplash.com/photo-1552839576-02fc3004f50d,3835,2559,1.5,2019-03-17 16:23:20.212948,,193937,1989
dxgHqZZBt0E,https://images.unsplash.com/photo-1416501844970-2fb037746de1,3888,2592,1.5,2014-11-20 16:44:24.739115,,1297663,6473
TT9u16zDqJQ,https://images.unsplash.com/photo-1571993263368-c1c97ca0021c,2992,3740,0.8,2019-10-25 08:48:05.737402,,698341,3805
rUoa7RXJaWI,https://images.unsplash.com/photo-1550812475-06389dd7cc56,8192,5461,1.5,2019-02-22 05:15:01.076592,United States,1307059,6656
b0aWC_iWAcw,https://images.unsplash.com/photo-1568876864604-244115fa1049,6000,4000,1.5,2019-09-19 07:10:48.859944,,70887,1405
N5-Sm8os5Cs,https://images.unsplash.com/photo-1417572448604-37ab64e27efd,2282,2282,1.0,2014-12-03 02:08:00.875668,United States,77935,614
SiCHD6EN3aU,https://images.unsplash.com/photo-1445497680841-3fb9096cb55a,3872,2581,1.5,2015-10-22 07:12:25.112548,South Africa,3591160,27279
LOvJ2ECcUJY,https://images.unsplash.com/photo-1592840500050-257b3bdd0369,3949,5915,0.67,2020-06-22 15:41:48.317002,,2924127,20034
3DI41KK7laM,https://images.unsplash.com/photo-1564748900901-adfb914d6d0b,3430,2744,1.25,2019-08-02 12:31:13.742871,,279388,3364
z13HFNMEKRw,https://images.unsplash.com/photo-1571751998538-089e1af1fa55,4000,6000,0.67,2019-10-22 13:47:10.269795,,173659,636
gZwIfbHaAOM,https://images.unsplash.com/photo-1484208241018-60d95304e5d1,5760,3840,1.5,2017-01-12 08:04:41.470375,Romania,3915426,12640
Ay67yB6vmF8,https://images.unsplash.com/photo-1567608346847-6d9817e63e8f,2584,4592,0.56,2019-09-04 14:56:50.806304,Tansania,4351732,47012
kk3W5-0b6e0,https://images.unsplash.com/photo-1464983953574-0892a716854b,5401,3601,1.5,2016-06-03 20:01:33.815933,Switzerland,100921473,704393
YXIZOBSOWIU,https://images.unsplash.com/photo-1467049878711-ebcf8c4b23da,4010,4000,1.0,2016-06-27 17:52:13.989261,Canada,1991770,5345
nrRuOmeIiOI,https://images.unsplash.com/photo-1515008346526-e36a0c621e68,4896,3264,1.5,2018-01-03 19:41:57.11875,Iceland,848740,5550
LkIb5Fnevis,https://images.unsplash.com/photo-1582213943969-8ab299b3225a,3333,5000,0.67,2020-02-20 15:52:42.336987,United States,5156359,17385
hMEiEHVX3v8,https://images.unsplash.com/photo-1563803699444-f4362cfc20fe,9856,5741,1.72,2019-07-22 13:55:40.437194,,93911,1596
H1SOELwNtTw,https://images.unsplash.com/photo-1557600280-9ceddf1a3cc3,6000,4000,1.5,2019-05-11 18:45:14.951694,,16217563,23050
-ZQY0CzgVUE,https://images.unsplash.com/photo-1589516369563-17e14f9f481a,4000,5000,0.8,2020-05-15 04:19:55.729273,,314819,1477
rY2xCe6cJLQ,https://images.unsplash.com/photo-1565338694309-30b6ff1d15b2,2584,4592,0.56,2019-08-09 08:19:39.434834,Deutschland,177428,1422
aolmXcUxr7Y,https://images.unsplash.com/photo-1475724017904-b712052c192a,3705,2470,1.5,2016-10-06 03:20:34.179208,Taiwan,23629935,246993
FtqeneabhBc,https://images.unsplash.com/photo-1548943544-9a7c4cecf53e,2992,3740,0.8,2019-01-31 14:07:25.672783,,1417767,6329
OuK_aAmCx_o,https://images.unsplash.com/photo-1571822325836-7373fd6d3344,2048,2560,0.8,2019-10-23 09:21:21.891692,,802377,1893
04VqnOF96V8,https://images.unsplash.com/photo-1567596710887-20c039a2bec6,6128,8171,0.75,2019-09-04 11:35:03.521062,,160096,908
jrKO_zgVNhY,https://images.unsplash.com/photo-1567886141866-a61c2f773ec3,2019,2524,0.8,2019-09-07 19:56:00.821296,,80866,755
dxtnwrmG_qs,https://images.unsplash.com/photo-1580577484027-347d6ed17370,3648,5472,0.67,2020-02-01 17:18:18.340144,,155518,1087
8i-LoPR-Jmc,https://images.unsplash.com/photo-1478815768265-ca53ad92dcb4,4240,2832,1.5,2016-11-10 22:10:02.515705,United States,3629337,10842
Rzfb1XGOBVw,https://images.unsplash.com/photo-1551244852-56fdaf729f8b,4000,2250,1.78,2019-02-27 05:21:04.392214,Federated States of Micronesia,723772,3830
QbUPNes7IlI,https://images.unsplash.com/photo-1567866017365-4c040d625cc6,4928,3264,1.51,2019-09-07 14:20:23.199677,Finland,284503,2174
vl2uAIdBWJ8,https://images.unsplash.com/photo-1590756453230-a60677b44d5a,4454,6236,0.7099999999999999,2020-05-29 12:47:58.225991,United States,564936,3915
6vbYxccNP-o,https://images.unsplash.com/photo-1591509290222-ad64c50fc862,6000,4000,1.5,2020-06-07 06:01:08.78643,,149428,1984
Qdi8UvGd1Ww,https://images.unsplash.com/photo-1494280986787-c49b328829dd,5545,3697,1.5,2017-05-08 22:05:00.33134,Ukraine,8248306,107337
cglOutdLi2I,https://images.unsplash.com/photo-1487318875869-23fb56c9d3ea,5294,2978,1.78,2017-02-17 08:12:08.163351,Austria,1597432,8853
zL2yVICK9qU,https://images.unsplash.com/photo-1587382667677-aa1304be4776,3238,2160,1.5,2020-04-20 11:38:12.562053,Norvège,372489,2073
xorjaMB8W70,https://images.unsplash.com/photo-1435186376919-88c211714029,4608,3072,1.5,2015-06-24 22:57:12.938914,,10364183,62811
G5dMbH6ZEfI,https://images.unsplash.com/photo-1580996554587-5d5cfc78b004,3070,3837,0.8,2020-02-06 13:42:59.552808,Islande,1747501,17111
rcXU8Tezb_k,https://images.unsplash.com/photo-1556534199-c148d454efb9,4160,6240,0.67,2019-04-29 10:36:44.971131,,240790,813
MdL25zW8tFA,https://images.unsplash.com/photo-1556741548-f211e515d96e,2630,3945,0.67,2019-05-01 20:12:54.38047,,405317,2679
Nds_GsJgvDE,https://images.unsplash.com/photo-1564309989662-b9c7aa7f89cd,3262,4928,0.66,2019-07-28 10:34:07.004768,United States,320572,2609
fBwyKbLqXE8,https://images.unsplash.com/photo-1422589510560-cc13e93fd396,2800,1862,1.5,2015-01-30 03:46:38.921194,,3582940,28312
hZbdVFkvELE,https://images.unsplash.com/photo-1563547227134-e5473f454222,2848,4288,0.66,2019-07-19 14:42:46.599095,,1477658,5605
Fyr_9iyz8Vg,https://images.unsplash.com/reserve/D0Ib5j36RymFSNPX5X1m_darkocean.jpg,4928,3264,1.51,2014-09-12 20:19:42,,1888087,8518
mCbo65vkb80,https://images.unsplash.com/photo-1554153290-165a1168363e,3770,4712,0.8,2019-04-01 21:14:55.970532,,281947,1788
OxPuMO3zQ9s,https://images.unsplash.com/photo-1566204580788-1437e545bb36,2732,4096,0.67,2019-08-19 08:49:48.582297,,856990,2023
qVjIBN1P-co,https://images.unsplash.com/photo-1468793507812-b819d7553cfa,6000,4000,1.5,2016-07-17 22:13:52.561838,Italy,4285596,29550
O_uV3KhQuo8,https://images.unsplash.com/photo-1434907652076-85f8401482c3,5410,3604,1.5,2015-06-21 17:27:55.404956,,22965381,304653
LKaYOqpiCuI,https://images.unsplash.com/photo-1576492979100-0a81975bf2b0,2624,3280,0.8,2019-12-16 10:44:26.403884,,44050,319
aQqt0ysGj9s,https://images.unsplash.com/photo-1566259530091-cb16fdd45219,4160,6240,0.67,2019-08-20 00:06:47.753405,,100392,639
TpfbFAwZ3ZM,https://images.unsplash.com/photo-1572245815160-6a2d4c49b35b,3000,4000,0.75,2019-10-28 06:59:58.641895,,1045167,2541
Mxo8lv5RKjA,https://images.unsplash.com/photo-1582148459946-2852aa3fb5ff,4912,7360,0.67,2020-02-19 21:47:04.618969,,235186,1192
DsF_vkRMAuA,https://images.unsplash.com/photo-1568556612080-6353ba48eb8a,3214,4017,0.8,2019-09-15 14:12:32.952176,,851524,1598
SwLPmCYo-QM,https://images.unsplash.com/photo-1514823898861-b1babeb0351d,3992,2992,1.33,2018-01-01 16:26:01.226242,,1058668,12544
dy4QG5c5xWQ,https://images.unsplash.com/photo-1573072738379-7c640e17ac4e,3500,2333,1.5,2019-11-06 20:40:06.103518,United States,1456338,11069
rk8fmaulMI4,https://images.unsplash.com/photo-1592248778102-81750d9271d4,3946,4933,0.8,2020-06-15 19:20:51.441259,France,644032,3528
w-EAWnIgoM0,https://images.unsplash.com/photo-1528164604878-28ea0fb4f462,4431,3323,1.33,2018-06-05 02:13:12.106813,Canada,1927972,25513
6BC76DCBb30,https://images.unsplash.com/photo-1578932326103-91888290433e,6240,4160,1.5,2020-01-13 16:20:12.731664,United States,795914,2417
DvopK4gNs8A,https://images.unsplash.com/photo-1548604303-af502df13131,5407,3605,1.5,2019-01-27 15:53:22.561547,India,8008961,60627
uWIxP_lBjik,https://images.unsplash.com/photo-1564655636428-a86aecc8b948,3673,5888,0.62,2019-08-01 10:34:14.95555,,1042817,6495
nlllZxwRoLM,https://images.unsplash.com/photo-1550270890-3359b0e403ab,3456,5184,0.67,2019-02-15 22:48:18.232152,,103686,690
kIUT73ix6W4,https://images.unsplash.com/photo-1580851264063-3b677a1654fe,5472,3648,1.5,2020-02-04 21:21:27.621175,,642499,2807
6F3ZfmKAwio,https://images.unsplash.com/photo-1555774082-3f4ed9ac7afd,2624,3936,0.67,2019-04-20 15:28:13.666072,,408349,2058
--lzOIJ-a4U,https://images.unsplash.com/photo-1482976818992-9487ee04f08b,4449,3337,1.33,2016-12-29 02:01:21.079359,United States,2709343,50681
7c3Lp1O5YRY,https://images.unsplash.com/photo-1577375991307-e15b8d0ef749,3311,4966,0.67,2019-12-26 16:02:07.356889,United States,892672,1827
KxM0PZYh7-w,https://images.unsplash.com/photo-1591550726811-820b1ad3a64e,4016,6016,0.67,2020-06-07 17:26:46.097113,United States,313887,2344
aJcHDeor8RU,https://images.unsplash.com/photo-1567016324080-e0129067786a,3360,4200,0.8,2019-08-28 18:19:36.922233,,210398,928
zU-voGnfUVQ,https://images.unsplash.com/photo-1563673346981-eedec7d66487,3648,5472,0.67,2019-07-21 02:01:51.721256,,115984,677
j4ocWYAP_cs,https://images.unsplash.com/photo-1564760055775-d63b17a55c44,4861,3218,1.51,2019-08-02 15:34:44.122516,,12193708,123692
kmoe5HdXqvc,https://images.unsplash.com/photo-1548558685-a871f03dd4b0,4217,2801,1.51,2019-01-27 03:12:26.209671,Brazil,1838710,10311
Gjekq6n_Ifw,https://images.unsplash.com/photo-1495203982931-913463dc9d7a,4000,6000,0.67,2017-05-19 14:26:56.367037,,1655591,6064
i1NEXRGTcZ0,https://images.unsplash.com/photo-1568678898762-47a72e9614b6,4898,3265,1.5,2019-09-17 00:08:21.861164,,605699,1836
kTR12NF73_U,https://images.unsplash.com/photo-1584722739615-77b8472b1ec5,3744,5616,0.67,2020-03-20 16:46:49.686669,United States,569397,1084
cIOxQvbLWfw,https://images.unsplash.com/photo-1586188776026-6f98348e6eee,3661,4898,0.75,2020-04-06 16:26:49.153331,Thajsko,3117677,25425
OdMK8m5G8qk,https://images.unsplash.com/photo-1552784154-7ca7ab49201d,4130,6210,0.67,2019-03-17 00:56:53.442429,,575353,1821
-n7i0zA9mu8,https://images.unsplash.com/photo-1588172146841-ad3660d5ed17,3024,4032,0.75,2020-04-29 14:56:47.801208,,533030,1502
2COe_oX0o7I,https://images.unsplash.com/photo-1475820620526-ec10c2ad96c7,3008,2000,1.5,2016-10-07 06:10:40.124812,Germany,5160381,29203
YnT7Q0OcJ0U,https://images.unsplash.com/photo-1580792873191-e3aaee620a73,4024,6048,0.67,2020-02-04 05:08:17.380134,,509124,1694
YtGi3ahtj-M,https://images.unsplash.com/photo-1584522274402-b4d0f4765750,5560,3707,1.5,2020-03-18 09:04:49.112948,United States,802078,4152
4wIY3oykWMo,https://images.unsplash.com/photo-1548293705-42e8d566829d,4368,2912,1.5,2019-01-24 01:37:54.820818,,340383,1892
q1tvymWgwPw,https://images.unsplash.com/photo-1572295833898-c3f020417552,5464,3640,1.5,2019-10-28 20:51:35.947999,,139255,2510
k6YUvt2WGdI,https://images.unsplash.com/photo-1550330039-a54e15ed9d33,4272,2848,1.5,2019-02-16 15:14:30.569554,,7305680,38359
Tb-NecX0yiA,https://images.unsplash.com/photo-1550403612-52d31d864446,5184,3456,1.5,2019-02-17 11:40:27.893906,,512661,2432
hPYiwTyEHhU,https://images.unsplash.com/photo-1563645160235-b8195f59441c,2233,2791,0.8,2019-07-20 17:54:01.370516,,829303,2021
Rp9jdsxgTlc,https://images.unsplash.com/photo-1495324706025-7320e2b420eb,3872,2592,1.49,2017-05-20 23:58:43.48078,,5004229,6680
OYwAuYE8YHQ,https://images.unsplash.com/photo-1485874717621-4e87c6ac87ef,4896,3264,1.5,2017-01-31 14:59:36.585895,,1310804,4574
cqKG2s6WP6s,https://images.unsplash.com/photo-1585494698227-cbf7478259a2,2592,3872,0.67,2020-03-29 15:12:08.341797,,1334877,7415
TFNpV_iC19E,https://images.unsplash.com/photo-1561181652-feb84c642ef4,5115,5115,1.0,2019-06-22 05:36:33.720224,,689714,2122
aQwsh6Zybxc,https://images.unsplash.com/photo-1565010650263-0a543a13b287,2600,3352,0.78,2019-08-05 13:20:33.864925,,509697,1205
jcuBUfo8Vts,https://images.unsplash.com/photo-1547905700-393323718dc8,5472,3648,1.5,2019-01-19 13:49:16.053655,,289038,1340
l1sVYV1bU6Q,https://images.unsplash.com/photo-1444567414660-f010089ddc91,6000,4000,1.5,2015-10-11 12:44:09.521143,,58105,1178
60D9NNmtq1E,https://images.unsplash.com/photo-1674675303264-de80b1498a6a,2624,3936,0.67,2023-01-25 19:38:49.93738,France,466250,2744
ZswV2gLztzo,https://images.unsplash.com/photo-1581278999530-0dc41ad1997d,4710,3140,1.5,2020-02-09 20:10:34.279194,,608214,1834
yAsJE9nFiFw,https://images.unsplash.com/photo-1542119120-9c8d0ce4cf82,4480,6720,0.67,2018-11-13 14:26:11.75612,,312148,1550
yUeSmVp5x2c,https://images.unsplash.com/photo-1547567696-3fb538726ffd,3620,3024,1.2,2019-01-15 15:56:55.242963,,6164439,45348
7JVVnuoabKI,https://images.unsplash.com/photo-1579591040245-1b25289ff4c5,5342,8013,0.67,2020-01-21 07:22:49.723845,,10248068,143051
sbeLWEWKUlw,https://images.unsplash.com/photo-1575761939448-508de7e396fb,3321,4982,0.67,2019-12-07 23:39:04.226835,,2228742,1544
9Yz9Us5-D0s,https://images.unsplash.com/photo-1445768593937-05a3f7832b68,5904,3568,1.65,2015-10-25 10:26:05.99755,Germany,6843449,48764
HiD_WjwwSTg,https://images.unsplash.com/photo-1451563057469-b8bccdabd27d,5184,3456,1.5,2015-12-31 11:57:55.061417,,4500625,5984
aJnl9y5DbuA,https://images.unsplash.com/photo-1542523702-afedea3e2be1,8000,5334,1.5,2018-11-18 09:28:46.707467,,676973,5058
qj3PI0aDWks,https://images.unsplash.com/photo-1413824019051-def57d0ca12e,5351,3010,1.78,2014-10-20 16:54:04.654848,United States,1798169,41263
G1EgqSRcq1s,https://images.unsplash.com/photo-1578171080801-77565d3d50bf,6000,4000,1.5,2020-01-04 20:53:28.933556,Südafrika,1184072,4404
LrZkWTMc7mc,https://images.unsplash.com/photo-1579645009624-e726789ebdb9,3699,4932,0.75,2020-01-21 22:17:01.350504,Iceland,820517,8019
490pwyi-8bs,https://images.unsplash.com/photo-1440130266107-787dd24d69d7,3872,2592,1.49,2015-08-21 04:11:57.469574,United States,2843358,15514
g2Zf3hJyYAc,https://images.unsplash.com/photo-1559762717-99c81ac85459,4000,6000,0.67,2019-06-05 19:25:22.241303,,26325166,195231
r6Dc-Usvcjc,https://images.unsplash.com/photo-1464014067366-e69d8b432b8a,5451,3634,1.5,2016-05-23 14:35:04.576359,,1363203,12776
MjovRKTi9EE,https://images.unsplash.com/photo-1574452030310-0afcdd428ecc,4669,7000,0.67,2019-11-22 19:55:17.354634,,423960,4440
P81LbTij5Ro,https://images.unsplash.com/photo-1583443644841-520e6e5709c7,5931,3954,1.5,2020-03-05 21:28:00.718205,,1409672,7080
pb8gcqJPyY8,https://images.unsplash.com/photo-1579700970453-4aa5326f0439,4230,6345,0.67,2020-01-22 13:49:41.849605,,869241,2374
N0WNH53CBN0,https://images.unsplash.com/photo-1480498073050-4c6abeee90c1,5456,3632,1.5,2016-11-30 09:29:47.576566,United States,7610867,35138
O_ucqcb6Gu4,https://images.unsplash.com/photo-1554683026-c76c6ae3e29f,4000,6000,0.67,2019-04-08 00:53:25.642098,,561051,3229
ZHGpGoTLpDc,https://images.unsplash.com/photo-1571614272181-df212ca732ed,4898,3265,1.5,2019-10-20 23:31:14.624636,United States,201958,1939
qPoJaSaZo8U,https://images.unsplash.com/photo-1544474850-19cb7db6cbf9,2189,2736,0.8,2018-12-10 20:49:41.364606,,663152,2832
iRVq6avVGDE,https://images.unsplash.com/photo-1530642137456-0eb9e57741e4,4896,3264,1.5,2018-07-03 18:23:06.516902,,3678215,8738
wZWLVSxxQ-8,https://images.unsplash.com/photo-1569963782886-7e52237aa5e4,4608,3072,1.5,2019-10-01 21:07:12.850955,,90403,1133
xcECoLX1ne0,https://images.unsplash.com/photo-1501817121467-f10e6b6dc7bb,2004,2672,0.75,2017-08-04 03:26:07.352271,,2328340,12409
OBZSgODKEQc,https://images.unsplash.com/photo-1578069928376-c302178f21fc,2763,4912,0.56,2020-01-03 16:45:55.585931,Croatia,360249,3284
ZwYTaMsWCA0,https://images.unsplash.com/photo-1585533053012-b28df376436d,3033,4507,0.67,2020-03-30 01:53:12.697325,Canada,1147730,5149
7PCW3MAinSc,https://images.unsplash.com/photo-1542216172-2557c10faa8e,3000,2000,1.5,2018-11-14 17:23:20.458307,,8661455,16136
YD6hjCbf6Ug,https://images.unsplash.com/photo-1541660667840-476455ee7903,3992,2992,1.33,2018-11-08 07:45:06.703034,,4572835,28781
N6SvY-wAl0w,https://images.unsplash.com/photo-1470211702316-05678b58d67a,4008,2667,1.5,2016-08-03 08:09:53.630342,Austria,3739735,16869
73U7cl4eoNI,https://images.unsplash.com/photo-1644333192098-75573dacbb0c,5281,3518,1.5,2022-02-08 15:15:05.428811,Spain,625011,6176
N4_Y4sGMI_8,https://images.unsplash.com/photo-1428279903738-de7311caa0e1,2736,1824,1.5,2015-04-06 00:25:07.722566,,1740258,12739
U7icXzyYg7A,https://images.unsplash.com/photo-1542362690-a2988840aaa1,3000,1688,1.78,2018-11-16 10:06:05.177716,Germany,484966,3850
HUmttbWvIzc,https://images.unsplash.com/photo-1586484322447-5e1a1501d8cc,3278,4371,0.75,2020-04-10 02:07:21.322082,United States,295857,16682
oROoBerFkCA,https://images.unsplash.com/photo-1544082043-f35e4b5343fa,3992,2992,1.33,2018-12-06 07:42:34.087398,,459966,4353
C6xNQ4IMGtA,https://images.unsplash.com/photo-1578187633381-aa86cdd06960,5304,7952,0.67,2020-01-05 01:28:07.570853,,565954,1674
5SpKDV3p_gY,https://images.unsplash.com/photo-1529864539815-de90220aedfb,6016,4016,1.5,2018-06-24 18:24:17.329815,,3067163,27055
AVNYMxgz5tw,https://images.unsplash.com/photo-1568003074863-30e82910b658,5154,3272,1.58,2019-09-09 06:02:28.941211,,982314,4640
fl3xaLcJ-30,https://images.unsplash.com/photo-1592234359408-46776a92cca4,2689,3764,0.7099999999999999,2020-06-15 15:19:50.232642,,500569,4268
_fDxl6pcKKQ,https://images.unsplash.com/photo-1564991780941-bbaf9dd26800,4173,2782,1.5,2019-08-05 07:56:56.118026,,1025144,3856
_f2m3mEkaaU,https://images.unsplash.com/reserve/aOcWqRTfQ12uwr3wWevA_14401305508_804b300054_o.jpg,4928,3264,1.51,2014-09-10 09:53:45,South Africa,25837081,180479
KcsVqG69jfU,https://images.unsplash.com/photo-1546653739-94e6d6a71719,6000,3375,1.78,2019-01-05 02:04:07.655147,France,130061,2583
8DSudktoBMc,https://images.unsplash.com/photo-1572805196285-29c1ebd80e82,5464,3640,1.5,2019-11-03 18:23:32.228918,,2088601,26901
TE7LUzTApx0,https://images.unsplash.com/photo-1545218144-9229eb2ab37a,3433,2841,1.21,2018-12-19 11:15:51.889573,,294873,2451
TmTYtJ5RiN8,https://images.unsplash.com/photo-1493732753663-827f6ef7832b,5472,3648,1.5,2017-05-02 13:46:59.572359,Poland,10009417,41131
dXdyFy6bXt8,https://images.unsplash.com/photo-1414396979604-f17e20effe32,4016,6016,0.67,2014-10-27 08:03:16.620728,USA,6122594,53558
4PATLPCC_Ew,https://images.unsplash.com/photo-1577943756320-17339a6e12c2,4480,6720,0.67,2020-01-02 05:54:20.282142,,507676,1483
8GANzOIotvs,https://images.unsplash.com/photo-1580070014699-e0439a35a9e6,5000,7500,0.67,2020-01-26 20:22:28.844661,Canada,142157,558
FJLb1vST2fc,https://images.unsplash.com/photo-1573020568313-ad7514ba979e,3500,2333,1.5,2019-11-06 06:38:39.010526,,581161,2386
Nzw3HHsNHYU,https://images.unsplash.com/5/missionpeak.jpg,3264,2448,1.33,2013-07-09 13:57:48,United States,5458923,35834
ajkqofd131g,https://images.unsplash.com/photo-1549822358-8e371712ef9e,4896,3264,1.5,2019-02-10 18:13:05.906981,,337844,1504
jr887Q5vi-s,https://images.unsplash.com/photo-1446923317696-d46f28d2fb92,3559,2002,1.78,2015-11-07 19:09:17.48412,India,1948197,6984
0O4fhk7ZxAc,https://images.unsplash.com/photo-1547318862-62ec104761ee,4000,3000,1.33,2019-01-12 18:47:57.625376,Switzerland,1076952,3788
X3vnlKEwwNc,https://images.unsplash.com/photo-1557457931-adf38c4a0bb9,4480,6720,0.67,2019-05-10 03:14:04.265053,,991046,2993
oNH3HqGnwj8,https://images.unsplash.com/photo-1508686546564-a142a9b633ba,6076,4051,1.5,2017-10-22 15:36:15.659495,United States,662725,5163
J4Fhg4yarZA,https://images.unsplash.com/photo-1566561626092-0cc0e2b2b4df,3264,4928,0.66,2019-08-23 12:00:34.847649,,1791697,10398
4ePxJT_ffKw,https://images.unsplash.com/photo-1572650117973-7d78c3e9aedf,5472,3648,1.5,2019-11-01 23:15:51.375057,,612307,5156
hIV2CAyCPI4,https://images.unsplash.com/photo-1544204284-442231c49a8a,6000,4000,1.5,2018-12-07 17:38:08.770714,,820103,3387
w6cETx5yHDg,https://images.unsplash.com/photo-1519882519263-b417ecfdcb68,4272,2848,1.5,2018-03-01 05:35:54.873909,United States,952384,14197
UuAs_sR4frs,https://images.unsplash.com/photo-1493810353548-4cdea49dea74,5892,3928,1.5,2017-05-03 11:20:38.111777,,4953045,36228
0UtMDLOk0Vg,https://images.unsplash.com/photo-1578403676500-dcd16a6e994f,5183,3146,1.65,2020-01-07 13:32:59.006021,United States,751093,3274
Giag3Trwfwo,https://images.unsplash.com/photo-1539126408816-e8ce44955462,6000,4000,1.5,2018-10-09 23:09:27.784769,,1326250,10484
4qZq7xlqpvM,https://images.unsplash.com/uploads/141158930417696a26471/1be620c3,5184,3456,1.5,2014-09-24 20:08:29.660508,,1728665,11391
keNdmwAyzl4,https://images.unsplash.com/photo-1553369415-3928d9f6735f,5191,3648,1.42,2019-03-23 19:32:03.156739,,280853,3601
p56rnRf_HS0,https://images.unsplash.com/photo-1555579877-8887dfaed207,3630,4537,0.8,2019-04-18 09:32:12.538349,,11118912,7024
Geq2WJvDzlM,https://images.unsplash.com/photo-1572834258346-5d363eff2b55,3369,5053,0.67,2019-11-04 02:26:10.406499,中国,712556,5078
Uu4UkPK4PCY,https://images.unsplash.com/photo-1541098804893-a52b9a100f65,3024,4032,0.75,2018-11-01 19:01:33.293813,,476167,1418
rlXgUH7Sh_I,https://images.unsplash.com/photo-1452621946466-c0f2ff2ff100,3548,2370,1.5,2016-01-12 18:06:18.269381,Romania,4044618,39047
ezlulqxVHnA,https://images.unsplash.com/photo-1572334207194-84b458bd6e6f,3688,5532,0.67,2019-10-29 07:30:45.549572,,2599894,13302
26-lAP0XprM,https://images.unsplash.com/uploads/14115890754139bc8568d/d5e1ad1d,5184,3456,1.5,2014-09-24 20:04:40.708946,,46366093,152972
jlV2k_Fx0fc,https://images.unsplash.com/photo-1447433589675-4aaa569f3e05,3000,3000,1.0,2015-11-13 16:53:55.599591,,27583262,374919
b1MgPXpylbo,https://images.unsplash.com/photo-1567995333493-bc988e1f8c2e,3937,5905,0.67,2019-09-09 02:16:28.913953,,761697,2159
ceyNDNQT7z8,https://images.unsplash.com/photo-1469417662815-61c3f055b564,5789,3767,1.54,2016-07-25 03:37:22.830933,United States,1692423,6838
jUlbX-PZKP4,https://images.unsplash.com/photo-1486936559065-27c84baa133c,6000,4000,1.5,2017-02-12 22:03:30.471163,,1206607,4993
PLiLqR9BdGY,https://images.unsplash.com/photo-1571400776021-b945916a0e18,2000,2500,0.8,2019-10-18 12:13:04.175317,,425904,1382
nVgjWQFcOZw,https://images.unsplash.com/photo-1442606383395-175ee96ed967,3264,3264,1.0,2015-09-18 20:00:20.346248,,1362293,9656
SiPRICAVKXc,https://images.unsplash.com/photo-1690380117575-82fb93cf524a,6000,4000,1.5,2023-07-26 14:03:17.029122,Algeria,2161670,43158
iMYRUK-oadw,https://images.unsplash.com/photo-1512741122074-85be63aae975,2999,4000,0.75,2017-12-08 13:01:06.484867,Turkey,808692,2768
Uk1SbrLWe7M,https://images.unsplash.com/photo-1543147144-44589dd5bba7,3526,4407,0.8,2018-11-25 12:00:06.476961,Denmark,4367478,6452
jjomJChoTgA,https://images.unsplash.com/photo-1434182161266-6a078d70bfd7,3136,2352,1.33,2015-06-13 07:56:26.162436,,1073896,5093
WGVix0s9kzo,https://images.unsplash.com/photo-1573761608477-786bcf22db23,8688,5792,1.5,2019-11-14 20:01:08.924416,,429459,3511
nNe9wBDbQ1I,https://images.unsplash.com/photo-1465440567949-6062e3a8459f,6000,4000,1.5,2016-06-09 02:50:04.461692,,2826808,26546
